{
	"config": {
		"feature": {
			"config": {
				"feature": {
					"config": {
						"max_water_depth": 0,
						"ignore_vines": false,
						"heightmap": "OCEAN_FLOOR",
						"minimum_size": {
							"limit": 1,
							"lower_size": 0,
							"upper_size": 1,
							"type": "minecraft:two_layers_feature_size"
						},
"decorators": [
              {
                "type": "minecraft:leave_vine"
              },
              {
                "provider": {
                  "state": {
                    "Properties": {
                      "snowy": "false"
                    },
                    "Name": "minecraft:coarse_dirt"
                  },
                  "type": "minecraft:simple_state_provider"
                },
                "type": "minecraft:alter_ground"
              }
            ],
						"trunk_provider": {
							"state": {
								"Name": "minecraft:birch_log",
								"Properties": {
									"axis": "y"
								}
							},
							"type": "minecraft:simple_state_provider"
						},
						"leaves_provider": {
							"state": {
								"Name": "minecraft:oak_leaves",
								 "Properties": {
									"persistent": "true",
									"distance": "7"
								 }
							},
							"type": "minecraft:simple_state_provider"
						},
						"foliage_placer": {
							"radius": 3,
							"offset": 2,
							"height": 4,
							"type": "minecraft:fancy_foliage_placer"
						},
						"trunk_placer": {
							"base_height": 32,
							"height_rand_a": 22,
							"height_rand_b": 22,
							"type": "minecraft:fancy_trunk_placer"
						}
					},
					"type": "minecraft:tree"
				},
				"decorator": {
					"config": {
						"outer": {
							"config": {},
							"type": "minecraft:square"
						},
						"inner": {
							"config": {},
							"type": "minecraft:heightmap"
						}
					},
					"type": "minecraft:decorated"
				}
			},
			"type": "minecraft:decorated"
		},
		"decorator": {
			"config": {
				"count": 1,
				"extra_chance": 0.0,
				"extra_count": 0
			},
			"type": "minecraft:count_extra"
		}
	},
	"type": "minecraft:decorated"
}