{
  "config": {
    "max_water_depth": 0,
    "ignore_vines": true,
    "heightmap": "MOTION_BLOCKING",
    "minimum_size": {
      "limit": 0,
      "lower_size": 0,
      "upper_size": 9,
      "min_clipped_height": 13,
      "type": "minecraft:two_layers_feature_size"
    },
    "decorators": [],
    "trunk_provider": {
      "state": {
        "Properties": {
          "axis": "y"
        },
        "Name": "minecraft:birch_log"
      },
      "type": "minecraft:simple_state_provider"
    },
    "leaves_provider": {
      "state": {
        "Properties": {
          "persistent": "false",
          "distance": "7"
        },
        "Name": "minecraft:birch_leaves"
      },
      "type": "minecraft:simple_state_provider"
    },
    "foliage_placer": {
      "radius": 2,
      "offset": 2,
      "trunk_height": {
        "base": 5,
        "spread": 6
      },
      "type": "minecraft:spruce_foliage_placer"
    },
    "trunk_placer": {
      "base_height": 15,
      "height_rand_a": 17,
      "height_rand_b": 1,
      "type": "minecraft:fancy_trunk_placer"
    }
  },