{
  "config": {
    "max_water_depth": 0,
    "ignore_vines": true,
    "heightmap": "MOTION_BLOCKING",
    "minimum_size": {
      "limit": 81,
      "lower_size": 0,
      "upper_size": 0,
      "min_clipped_height": 7,
      "type": "minecraft:two_layers_feature_size"
    },
    "decorators": [],
    "trunk_provider": {
      "state": {
        "Properties": {
          "axis": "y"
        },
        "Name": "minecraft:dark_oak_log"
      },
      "type": "minecraft:simple_state_provider"
    },
    "leaves_provider": {
      "state": {
        "Properties": {
          "persistent": "false",
          "distance": "7"
        },
        "Name": "minecraft:dark_oak_leaves"
      },
      "type": "minecraft:simple_state_provider"
    },
    "foliage_placer": {
      "radius": 3,
      "offset": 1,
      "height": 2,
      "type": "minecraft:fancy_foliage_placer"
    },
    "trunk_placer": {
      "base_height": 6,
      "height_rand_a": 2,
      "height_rand_b": 2,
      "type": "minecraft:forking_trunk_placer"
    }
  },
  "type": "minecraft:tree"
}