 {
  "config": {
    "feature": {
      "config": {
        "features": [
          {
            "feature": "minecraft:huge_red_mushroom",
            "chance": 0.1
          },
          {
            "feature": "minecraft:barge",
            "chance": 0.002
          },
          {
            "feature": "minecraft:dark_oak_bbb",
            "chance": 0.2
          },
          {
            "feature": "minecraft:dark_oak_rrr",
            "chance": 0.2
          },
          {
            "feature": "minecraft:huge_brown_mushroom",
            "chance": 0.1
          },
          {
            "feature": "minecraft:dark_oak_mo",
            "chance": 0.1
          }
        ],
        "default": "minecraft:dark_oak_mo"
      },
      "type": "minecraft:random_selector"
    },
    "decorator": {
      "config": {},
      "type": "minecraft:dark_oak_tree"
    }
  },
  "type": "minecraft:decorated"
}