{
  "config": {
    "feature": {
      "config": {
        "features": [
          {
            "feature": "minecraft:huge_brown_mushroom",
            "chance": 0.05
          },

          {
            "feature": "minecraft:dark_oak_b",
            "chance": 0.09
          },

          {
            "feature": "minecraft:dark_oak_r",
            "chance": 0.09
          },
          {
            "feature": "minecraft:huge_red_mushroom",
            "chance": 0.05
          },
          {
            "feature": "minecraft:dark_oak",
            "chance": 0.02
          },
          {
            "feature": "minecraft:dark_oak_small",
            "chance": 0.0005
          }
        ],
        "default": "minecraft:dark_oak_small"
      },
      "type": "minecraft:random_selector"
    },
    "decorator": {
      "config": {},
      "type": "minecraft:dark_oak_tree"
    }
  },
  "type": "minecraft:decorated"
}