{
	"config": {
		"feature": {
			"config": {
				"feature": {
					"config": {
						"max_water_depth": 0,
						"ignore_vines": true,
						"heightmap": "OCEAN_FLOOR",
						"minimum_size": {
							"limit": 0,
							"lower_size": 3,
							"upper_size": 0,
							"type": "minecraft:two_layers_feature_size"
						},
						"decorators": [
                                              {
                                                "type": "minecraft:trunk_vine"
                                              },
                                              {
                                                "type": "minecraft:leave_vine"
                                              }
                                                              ],
						"trunk_provider": {
							"state": {
								"Properties": {
									"axis": "y"
								},
								"Name": "minecraft:dark_oak_log"
							},
							"type": "minecraft:simple_state_provider"
						},
						"leaves_provider": {
							"state": {
								"Name": "minecraft:dark_oak_leaves",
								 "Properties": {
									"persistent": "true",
									"distance": "7"
								 }
							},
							"type": "minecraft:simple_state_provider"
						},
						"foliage_placer": {
							"radius": 5,
							"offset": 2,
							"height": 3,
							"type": "minecraft:fancy_foliage_placer"
						},
						"trunk_placer": {
							"base_height": 15,
							"height_rand_a": 5,
							"height_rand_b": 2,
							"type": "minecraft:forking_trunk_placer"
						}
					},
					"type": "minecraft:tree"
				},
				"decorator": {
					"config": {
						"outer": {
							"config": {},
							"type": "minecraft:square"
						},
						"inner": {
							"config": {},
							"type": "minecraft:heightmap"
						}
					},
					"type": "minecraft:decorated"
				}
			},
			"type": "minecraft:decorated"
		},
		"decorator": {
			"config": {
				"count": 2,
				"extra_chance": 0.1,
				"extra_count": 2
			},
			"type": "minecraft:count_extra"
		}
	},
	"type": "minecraft:decorated"
}