{
  "config": {
    "max_water_depth": 0,
    "ignore_vines": true,
    "heightmap": "MOTION_BLOCKING",
    "minimum_size": {
      "limit": 0,
      "lower_size": 1,
      "upper_size": 0,
      "min_clipped_height": 7,
      "type": "minecraft:two_layers_feature_size"
    },
    "decorators": [
              {
                "provider": {
                  "state": {
                    "Properties": {
                      "snowy": "false"
                    },
                    "Name": "minecraft:mycelium"
                  },
                  "type": "minecraft:simple_state_provider"
                },
                "type": "minecraft:alter_ground"
              }
           ],
    "trunk_provider": {
      "state": {
        "Properties": {
          "west": "true",
          "up": "true",
          "south": "true",
          "north": "true",
          "east": "true",
          "down": "true"
        },
        "Name": "minecraft:mushroom_stem"
      },
      "type": "minecraft:simple_state_provider"
    },
    "leaves_provider": {
      "state": {
        "Properties": {
          "west": "true",
          "up": "true",
          "south": "true",
          "north": "true",
          "east": "true",
          "down": "false"
        },
        "Name": "minecraft:red_mushroom_block"
      },
      "type": "minecraft:simple_state_provider"
    },
    "foliage_placer": {
      "radius": 1,
      "offset": 3,
      "height": 4,
      "type": "minecraft:fancy_foliage_placer"
    },
    "trunk_placer": {
      "base_height": 5,
      "height_rand_a": 3,
      "height_rand_b": 3,
      "type": "minecraft:forking_trunk_placer"
    }
  },
  "type": "minecraft:tree"
}