{
	"config": {
		"feature": {
			"config": {
				"feature": {
					"config": {
						"max_water_depth": 0,
						"ignore_vines": true,
						"heightmap": "OCEAN_FLOOR",
						"minimum_size": {
							"limit": 1,
							"lower_size": 0,
							"upper_size": 1,
							"type": "minecraft:two_layers_feature_size"
						},
						"decorators": [],
						"trunk_provider": {
							"state": {
								"Properties": {
									"axis": "y"
								},
								"Name": "minecraft:oak_log"
							},
							"type": "minecraft:simple_state_provider"
						},
						"leaves_provider": {
							"state": {
								"Name": "minecraft:oak_leaves",
								 "Properties": {
									"persistent": "false",
									"distance": "3"
								 }
							},
							"type": "minecraft:simple_state_provider"
						},
						"foliage_placer": {
							"radius": 3,
							"offset": 4,
							"height": 4,
							"type": "minecraft:fancy_foliage_placer"
						},
						"trunk_placer": {
							"base_height": 22,
							"height_rand_a": 28,
							"height_rand_b": 6,
							"type": "minecraft:fancy_trunk_placer"
						}
					},
					"type": "minecraft:tree"
				},
				"decorator": {
					"config": {
						"outer": {
							"config": {},
							"type": "minecraft:square"
						},
						"inner": {
							"config": {},
							"type": "minecraft:heightmap"
						}
					},
					"type": "minecraft:decorated"
				}
			},
			"type": "minecraft:decorated"
		},
		"decorator": {
			"config": {
				"count": 4,
				"extra_chance": 0.1,
				"extra_count": 4
			},
			"type": "minecraft:count_extra"
		}
	},
	"type": "minecraft:decorated"
}