{
  "config": {
    "feature": {
      "config": {
        "can_replace": false,
        "project": true,
        "need_water": false,
        "xspread": 12,
        "yspread": 12,
        "zspread": 12,
        "whitelist": [],
        "blacklist": [],
        "tries": 2,
        "state_provider": {
          "state": {
            "Name": "minecraft:shroomlight"
          },
          "type": "minecraft:simple_state_provider"
        },
        "block_placer": {
          "type": "minecraft:simple_block_placer"
        }
      },
      "type": "minecraft:random_patch"
    },
    "decorator": {
      "config": {
        "outer": {
          "config": {},
          "type": "minecraft:square"
        },
        "inner": {
          "config": {},
          "type": "minecraft:heightmap_spread_double"
        }
      },
      "type": "minecraft:decorated"
    }
  },
  "type": "minecraft:decorated"
}