{
  "config": {
    "feature": {
      "config": {
        "feature": {
          "config": {
            "hat_state": {
        "Properties": {
          "west": "true",
          "up": "true",
          "south": "true",
          "north": "true",
          "east": "true",
          "down": "false"
        },
              "Name": "minecraft:red_mushroom_block"
            },
            "decor_state": {
              "Name": "minecraft:shroomlight"
            },
            "planted": false,
            "valid_base_block": {
              "Properties": {
                "snowy": "false"
              },
              "Name": "minecraft:grass_block"
            },
            "stem_state": {
        "Properties": {
          "west": "true",
          "up": "false",
          "south": "true",
          "north": "true",
          "east": "true",
          "down": "false"
        },
              "Name": "minecraft:mushroom_stem"
            }
          },
          "type": "minecraft:huge_fungus"
        },
        "decorator": {
          "config": {
            "outer": {
              "config": {},
              "type": "minecraft:square"
            },
            "inner": {
              "config": {},
              "type": "minecraft:heightmap"
            }
          },
          "type": "minecraft:decorated"
        }
      },
      "type": "minecraft:decorated"
    },
    "decorator": {
      "config": {
        "count": 0,
        "extra_chance": 0.5,
        "extra_count": 1
      },
      "type": "minecraft:count_extra"
    }
  },
  "type": "minecraft:decorated"
}