{
  "config": {
    "can_replace": false,
    "project": false,
    "need_water": false,
    "xspread": 7,
    "yspread": 3,
    "zspread": 7,
    "whitelist": [],
    "blacklist": [],
    "tries": 60,
    "state_provider": {
      "state": {
        "Properties": {
          "age": "0"
        },
        "Name": "minecraft:cactus"
      },
      "type": "minecraft:simple_state_provider"
    },
    "block_placer": {
      "min_size": 2,
      "extra_size": 5,
      "type": "minecraft:column_placer"
    }
  },
  "type": "minecraft:random_patch"
}