{
  "config": {
    "can_replace": false,
    "project": false,
    "need_water": false,
    "xspread": 12,
    "yspread": 3,
    "zspread": 12,
    "whitelist": [
      {
        "Properties": {
          "snowy": "false"
        },
        "Name": "minecraft:grass_block"
      }
    ],
    "blacklist": [],
    "tries": 128,
    "state_provider": {
      "state": {
        "Properties": {
          "age": "3"
        },
        "Name": "minecraft:sweet_berry_bush"
      },
      "type": "minecraft:simple_state_provider"
    },
    "block_placer": {
      "type": "minecraft:simple_block_placer"
    }
  },
  "type": "minecraft:random_patch"
}