{
  "config": {
    "feature": {
      "config": {
        "feature": {
          "config": {
            "feature": {
              "config": {
                "target": {
				  "block": "minecraft:sand",
                  "predicate_type": "minecraft:block_match"
                },
                "state": {
                  "Name": "minecraft:dirt"
                },
                "size": 20
              },
              "type": "minecraft:ore"
            },
            "decorator": {
              "config": {},
              "type": "minecraft:magma"
            }
          },
          "type": "minecraft:decorated"
        },
        "decorator": {
          "config": {},
          "type": "minecraft:square"
        }
      },
      "type": "minecraft:decorated"
    },
    "decorator": {
      "config": {
        "count": 3
      },
      "type": "minecraft:count"
    }
  },
  "type": "minecraft:decorated"
}