{
  "config": {
    "feature": {
      "config": {
        "feature": {
          "config": {
            "state": {
        "Properties": {
          "west": "true",
          "up": "true",
          "south": "true",
          "north": "true",
          "east": "true",
          "down": "false"
        },
              "Name": "minecraft:brown_mushroom_block"
            }
          },
          "type": "minecraft:forest_rock"
        },
        "decorator": {
          "config": {
            "outer": {
              "config": {},
              "type": "minecraft:square"
            },
            "inner": {
              "config": {},
              "type": "minecraft:heightmap"
            }
          },
          "type": "minecraft:decorated"
        }
      },
      "type": "minecraft:decorated"
    },
    "decorator": {
      "config": {
        "count": {
          "base": 1,
          "spread": 1
        }
      },
      "type": "minecraft:count"
    }
  },
  "type": "minecraft:decorated"
}