{
  "config": {
    "feature": {
      "config": {
        "features": [
          {
            "feature": "minecraft:swamper",
            "chance": 0.0002
          },
          {
            "feature": "minecraft:swamp_tree",
            "chance": 0.005
          }
        ],
        "default": "minecraft:swamp_tree"
      },
      "type": "minecraft:random_selector"
    },
    "decorator": {
      "config": {},
      "type": "minecraft:dark_oak_tree"
    }
  },
  "type": "minecraft:decorated"
}