{
  "config": {
    "max_water_depth": 4,
    "ignore_vines": true,
    "heightmap": "MOTION_BLOCKING",
    "minimum_size": {
      "limit": 0,
      "lower_size": 0,
      "upper_size": 3,
      "min_clipped_height": 7,
      "type": "minecraft:two_layers_feature_size"
    },
    "decorators": [
              {
                "type": "minecraft:leave_vine"
              }
    ],
    "trunk_provider": {
      "state": {
        "Properties": {
          "axis": "y"
        },
        "Name": "minecraft:oak_log"
      },
      "type": "minecraft:simple_state_provider"
    },
    "leaves_provider": {
      "state": {
        "Properties": {
          "persistent": "false",
          "distance": "7"
        },
        "Name": "minecraft:birch_leaves"
      },
      "type": "minecraft:simple_state_provider"
    },
    "foliage_placer": {
      "radius": 2,
      "offset": 1,
      "height": 2,
      "type": "minecraft:blob_foliage_placer"
    },
    "trunk_placer": {
      "base_height": 16,
      "height_rand_a": 13,
      "height_rand_b": 2,
      "type": "minecraft:fancy_trunk_placer"
    }
  },
  "type": "minecraft:tree"
}