{
	"credit": "Made with Blockbench by Howler",
	"parent": "block/door_bottom",
	"textures": {
		"particle": "block/birch_door_bottom",
		"texture": "block/birch_door_bottom",
		"texture1": "block/birch_door_special"
	},
	"elements": [
		{
			"from": [0, 0, 0],
			"to": [3, 12, 16],
			"faces": {
				"north": {"uv": [0, 6.5, 6, 8], "rotation": 270, "texture": "#texture1", "cullface": "north"},
				"east": {"uv": [16, 4, 0, 16], "texture": "#texture"},
				"south": {"uv": [0, 3.25, 6, 4.75], "rotation": 270, "texture": "#texture1", "cullface": "south"},
				"west": {"uv": [0, 4, 16, 16], "texture": "#texture", "cullface": "west"},
				"up": {"uv": [0, 8.5, 8, 10], "rotation": 90, "texture": "#texture1"},
				"down": {"uv": [0, 13.25, 8, 14.75], "rotation": 270, "texture": "#texture1", "cullface": "down"}
			}
		},
		{
			"from": [0, 12, 0],
			"to": [3, 16, 3],
			"faces": {
				"north": {"uv": [6, 6.5, 8, 8], "rotation": 270, "texture": "#texture1", "cullface": "north"},
				"east": {"uv": [3, 0, 0, 4], "texture": "#texture"},
				"south": {"uv": [8.5, 8, 10, 10], "texture": "#texture1"},
				"west": {"uv": [0, 0, 3, 4], "texture": "#texture", "cullface": "west"},
				"up": {"uv": [0, 13.25, 1.5, 14.75], "rotation": 90, "texture": "#texture1", "cullface": "up"}
			}
		},
		{
			"from": [0, 12, 13],
			"to": [3, 16, 16],
			"faces": {
				"north": {"uv": [10.5, 8, 12, 10], "texture": "#texture1"},
				"east": {"uv": [16, 0, 13, 4], "texture": "#texture"},
				"south": {"uv": [6, 3.25, 8, 4.75], "rotation": 270, "texture": "#texture1", "cullface": "south"},
				"west": {"uv": [13, 0, 16, 4], "texture": "#texture", "cullface": "west"},
				"up": {"uv": [6.5, 13.25, 8, 14.75], "rotation": 90, "texture": "#texture1", "cullface": "up"}
			}
		},
		{
			"from": [1, 12, 3],
			"to": [2, 16, 13],
			"faces": {
				"east": {"uv": [13, 0, 3, 4], "texture": "#texture"},
				"west": {"uv": [3, 0, 13, 4], "texture": "#texture", "cullface": "west"},
				"up": {"uv": [3, 0, 13, 0.5], "rotation": 90, "texture": "#texture", "cullface": "up"}
			}
		},
		{
			"from": [-0.25, 4.5, -0.25],
			"to": [0.5, 5.5, 0.5],
			"faces": {
				"north": {"uv": [0, 10.5, 0.5, 11.5], "texture": "#texture"},
				"east": {"uv": [0, 10.5, 0.5, 11.5], "texture": "#texture"},
				"south": {"uv": [0, 10.5, 0.5, 11.5], "texture": "#texture"},
				"west": {"uv": [0, 10.5, 0.5, 11.5], "texture": "#texture"},
				"up": {"uv": [0, 10.5, 0.5, 11], "texture": "#texture"},
				"down": {"uv": [0, 11, 0.5, 11.5], "texture": "#texture"}
			}
		},
		{
			"from": [2.5, 4.5, -0.25],
			"to": [3.25, 5.5, 0.5],
			"faces": {
				"north": {"uv": [0, 10.5, 0.5, 11.5], "texture": "#texture"},
				"east": {"uv": [0, 10.5, 0.5, 11.5], "texture": "#texture"},
				"south": {"uv": [0, 10.5, 0.5, 11.5], "texture": "#texture"},
				"west": {"uv": [0, 10.5, 0.5, 11.5], "texture": "#texture"},
				"up": {"uv": [0, 10.5, 0.5, 11], "texture": "#texture"},
				"down": {"uv": [0, 11, 0.5, 11.5], "texture": "#texture"}
			}
		},
		{
			"from": [2.5, 15.5, -0.25],
			"to": [3.25, 16.5, 0.5],
			"faces": {
				"north": {"uv": [0, 10.5, 0.5, 11.5], "texture": "#texture"},
				"east": {"uv": [0, 10.5, 0.5, 11.5], "texture": "#texture"},
				"south": {"uv": [0, 10.5, 0.5, 11.5], "texture": "#texture"},
				"west": {"uv": [0, 10.5, 0.5, 11.5], "texture": "#texture"},
				"up": {"uv": [0, 10.5, 0.5, 11], "texture": "#texture"},
				"down": {"uv": [0, 11, 0.5, 11.5], "texture": "#texture"}
			}
		},
		{
			"from": [-0.25, 15.5, -0.25],
			"to": [0.5, 16.5, 0.5],
			"faces": {
				"north": {"uv": [0, 10.5, 0.5, 11.5], "texture": "#texture"},
				"east": {"uv": [0, 10.5, 0.5, 11.5], "texture": "#texture"},
				"south": {"uv": [0, 10.5, 0.5, 11.5], "texture": "#texture"},
				"west": {"uv": [0, 10.5, 0.5, 11.5], "texture": "#texture"},
				"up": {"uv": [0, 10.5, 0.5, 11], "texture": "#texture"},
				"down": {"uv": [0, 11, 0.5, 11.5], "texture": "#texture"}
			}
		}
	]
}