{
	"credit": "Made with Blockbench by Juknum & Redcoke26",
	"ambientocclusion": false,
	"textures": {
		"sides": "block/warped_door_special",
		"particle": "block/warped_door_bottom",
		"warped_door_bottom": "block/warped_door_bottom"
	},
	"elements": [
		{
			"name": "door_bottom",
			"from": [0, 0, 0],
			"to": [3, 16, 16],
			"faces": {
				"north": {"uv": [14.5, 0, 16, 8], "texture": "#sides", "cullface": "north"},
				"east": {"uv": [16, 0, 0, 16], "texture": "#warped_door_bottom"},
				"south": {"uv": [11.5, 0, 13, 8], "texture": "#sides", "cullface": "south"},
				"west": {"uv": [0, 0, 16, 16], "texture": "#warped_door_bottom", "cullface": "west"},
				"up": {"uv": [13, 0, 14.5, 8], "texture": "#sides", "cullface": "up"},
				"down": {"uv": [13, 0, 14.5, 8], "texture": "#sides", "cullface": "down"}
			}
		},
		{
			"name": "knob",
			"from": [-0.5, 15.5, 12.5],
			"to": [0, 16, 14.5],
			"faces": {
				"north": {"uv": [12.5, 0, 13, 0.5], "texture": "#warped_door_bottom", "cullface": "west"},
				"south": {"uv": [12.5, 0, 13, 0.5], "texture": "#warped_door_bottom", "cullface": "west"},
				"west": {"uv": [12.5, 0, 14.5, 0.5], "texture": "#warped_door_bottom", "cullface": "west"},
				"up": {"uv": [12.5, 0, 14.5, 0.5], "texture": "#warped_door_bottom", "cullface": "west"},
				"down": {"uv": [12.5, 0, 14.5, 0.5], "texture": "#warped_door_bottom", "cullface": "west"}
			}
		},
		{
			"name": "knob",
			"from": [3, 15.5, 12.5],
			"to": [3.5, 16, 14.5],
			"faces": {
				"north": {"uv": [12.5, 0, 13, 0.5], "texture": "#warped_door_bottom"},
				"east": {"uv": [12.5, 0, 14.5, 0.5], "texture": "#warped_door_bottom"},
				"south": {"uv": [12.5, 0, 13, 0.5], "texture": "#warped_door_bottom"},
				"up": {"uv": [12.5, 0, 14.5, 0.5], "texture": "#warped_door_bottom"},
				"down": {"uv": [12.5, 0, 14.5, 0.5], "texture": "#warped_door_bottom"}
			}
		},
		{
			"from": [0.001, 7.5, 16],
			"to": [0.501, 8, 16.25],
			"faces": {
				"east": {"uv": [3, 7, 3.5, 7.5], "texture": "#warped_door_bottom", "cullface": "south"},
				"south": {"uv": [11.5, 4, 11.75, 4.25], "texture": "#sides", "cullface": "south"},
				"west": {"uv": [3, 7, 3.5, 7.5], "texture": "#warped_door_bottom", "cullface": "south"},
				"up": {"uv": [3, 7, 4.5, 7.5], "texture": "#warped_door_bottom", "cullface": "south"},
				"down": {"uv": [15.5, 11.5, 16, 12], "texture": "#warped_door_bottom", "cullface": "south"}
			}
		},
		{
			"from": [0.5, 7, 16],
			"to": [1, 7.5, 16.25],
			"faces": {
				"east": {"uv": [3, 7, 3.5, 7.5], "texture": "#warped_door_bottom", "cullface": "south"},
				"south": {"uv": [11.5, 4, 11.75, 4.25], "texture": "#sides", "cullface": "south"},
				"west": {"uv": [3, 7, 3.5, 7.5], "texture": "#warped_door_bottom", "cullface": "south"},
				"up": {"uv": [3, 7, 4.5, 7.5], "texture": "#warped_door_bottom", "cullface": "south"},
				"down": {"uv": [15.5, 11.5, 16, 12], "texture": "#warped_door_bottom", "cullface": "south"}
			}
		},
		{
			"from": [1, 6.5, 16],
			"to": [2, 7, 16.25],
			"faces": {
				"east": {"uv": [3, 7, 3.5, 7.5], "texture": "#warped_door_bottom", "cullface": "south"},
				"south": {"uv": [12, 4.5, 12.5, 4.75], "texture": "#sides", "cullface": "south"},
				"west": {"uv": [3, 7, 3.5, 7.5], "texture": "#warped_door_bottom", "cullface": "south"},
				"up": {"uv": [12, 4.5, 12.5, 4.75], "texture": "#sides", "cullface": "south"},
				"down": {"uv": [12, 4.5, 12.5, 4.75], "texture": "#sides", "cullface": "south"}
			}
		},
		{
			"from": [2, 7, 16],
			"to": [2.5, 7.5, 16.25],
			"faces": {
				"east": {"uv": [3, 7, 3.5, 7.5], "texture": "#warped_door_bottom", "cullface": "south"},
				"south": {"uv": [11.5, 4, 11.75, 4.25], "texture": "#sides", "cullface": "south"},
				"west": {"uv": [3, 7, 3.5, 7.5], "texture": "#warped_door_bottom", "cullface": "south"},
				"up": {"uv": [3, 7, 4.5, 7.5], "texture": "#warped_door_bottom", "cullface": "south"},
				"down": {"uv": [11.5, 4, 11.75, 4.25], "texture": "#sides", "cullface": "south"}
			}
		},
		{
			"from": [2.5, 7.5, 16],
			"to": [2.999, 8, 16.25],
			"faces": {
				"east": {"uv": [3, 7, 3.5, 7.5], "texture": "#warped_door_bottom", "cullface": "south"},
				"south": {"uv": [11.5, 4, 11.75, 4.25], "texture": "#sides", "cullface": "south"},
				"west": {"uv": [3, 7, 3.5, 7.5], "texture": "#warped_door_bottom", "cullface": "south"},
				"up": {"uv": [3, 7, 4.5, 7.5], "texture": "#warped_door_bottom", "cullface": "south"},
				"down": {"uv": [11.5, 4, 11.75, 4.25], "texture": "#sides", "cullface": "south"}
			}
		},
		{
			"from": [2, 3.5, 16],
			"to": [2.999, 4, 16.25],
			"faces": {
				"east": {"uv": [12.5, 4.25, 12.75, 4.5], "texture": "#sides", "cullface": "south"},
				"south": {"uv": [12, 4.5, 12.5, 4.75], "texture": "#sides", "cullface": "south"},
				"west": {"uv": [3, 7, 3.5, 7.5], "texture": "#warped_door_bottom", "cullface": "south"},
				"up": {"uv": [12, 4.5, 12.5, 4.75], "texture": "#sides", "cullface": "south"},
				"down": {"uv": [12, 4.5, 12.5, 4.75], "texture": "#sides", "cullface": "south"}
			}
		},
		{
			"from": [1, 3, 16],
			"to": [2, 3.5, 16.25],
			"faces": {
				"east": {"uv": [3, 7, 3.5, 7.5], "texture": "#warped_door_bottom", "cullface": "south"},
				"south": {"uv": [12, 4.5, 12.5, 4.75], "texture": "#sides", "cullface": "south"},
				"west": {"uv": [3, 7, 3.5, 7.5], "texture": "#warped_door_bottom", "cullface": "south"},
				"up": {"uv": [12, 4.5, 12.5, 4.75], "texture": "#sides", "cullface": "south"},
				"down": {"uv": [12, 4.5, 12.5, 4.75], "texture": "#sides", "cullface": "south"}
			}
		},
		{
			"from": [0.001, 3.5, 16],
			"to": [1.001, 4, 16.25],
			"faces": {
				"east": {"uv": [3, 7, 3.5, 7.5], "texture": "#warped_door_bottom", "cullface": "south"},
				"south": {"uv": [12, 4.5, 12.5, 4.75], "texture": "#sides", "cullface": "south"},
				"west": {"uv": [3, 7, 3.5, 7.5], "texture": "#warped_door_bottom", "cullface": "south"},
				"up": {"uv": [12, 4.5, 12.5, 4.75], "texture": "#sides", "cullface": "south"},
				"down": {"uv": [12, 4.5, 12.5, 4.75], "texture": "#sides", "cullface": "south"}
			}
		},
		{
			"from": [2.5, 11, -0.25],
			"to": [3, 11.5, 0],
			"faces": {
				"north": {"uv": [14.5, 2.25, 14.75, 2.5], "texture": "#sides", "cullface": "north"},
				"east": {"uv": [3, 7, 3.5, 7.5], "texture": "#warped_door_bottom", "cullface": "north"},
				"west": {"uv": [3, 7, 3.5, 7.5], "texture": "#warped_door_bottom", "cullface": "north"},
				"up": {"uv": [3, 7, 3.5, 7.5], "texture": "#warped_door_bottom", "cullface": "north"},
				"down": {"uv": [3, 7, 3.5, 7.5], "texture": "#warped_door_bottom", "cullface": "north"}
			}
		},
		{
			"from": [2, 10, -0.25],
			"to": [2.5, 11, 0],
			"faces": {
				"north": {"uv": [14.75, 2.5, 15, 3], "texture": "#sides", "cullface": "north"},
				"east": {"uv": [3, 7, 3.5, 7.5], "texture": "#warped_door_bottom", "cullface": "north"},
				"west": {"uv": [3, 7, 3.5, 7.5], "texture": "#warped_door_bottom", "cullface": "north"},
				"up": {"uv": [3, 7, 3.5, 7.5], "texture": "#warped_door_bottom", "cullface": "north"},
				"down": {"uv": [3, 7, 3.5, 7.5], "texture": "#warped_door_bottom", "cullface": "north"}
			}
		},
		{
			"from": [1, 9.5, -0.25],
			"to": [2, 10, 0],
			"faces": {
				"north": {"uv": [15, 3, 15.5, 3.25], "texture": "#sides", "cullface": "north"},
				"east": {"uv": [3, 7, 3.5, 7.5], "texture": "#warped_door_bottom", "cullface": "north"},
				"west": {"uv": [3, 7, 3.5, 7.5], "texture": "#warped_door_bottom", "cullface": "north"},
				"up": {"uv": [3, 7, 3.5, 7.5], "texture": "#warped_door_bottom", "cullface": "north"},
				"down": {"uv": [3, 7, 3.5, 7.5], "texture": "#warped_door_bottom", "cullface": "north"}
			}
		},
		{
			"from": [0.5, 10, -0.25],
			"to": [1, 10.5, 0],
			"faces": {
				"north": {"uv": [15.5, 2.75, 15.75, 3], "texture": "#sides", "cullface": "north"},
				"east": {"uv": [3, 7, 3.5, 7.5], "texture": "#warped_door_bottom", "cullface": "north"},
				"west": {"uv": [3, 7, 3.5, 7.5], "texture": "#warped_door_bottom", "cullface": "north"},
				"up": {"uv": [3, 7, 3.5, 7.5], "texture": "#warped_door_bottom", "cullface": "north"},
				"down": {"uv": [3, 7, 3.5, 7.5], "texture": "#warped_door_bottom", "cullface": "north"}
			}
		},
		{
			"from": [0, 10.5, -0.25],
			"to": [0.5, 11.5, 0],
			"faces": {
				"north": {"uv": [15.75, 2.25, 16, 2.75], "texture": "#sides", "cullface": "north"},
				"east": {"uv": [3, 7, 3.5, 7.5], "texture": "#warped_door_bottom", "cullface": "north"},
				"west": {"uv": [3, 7, 3.5, 7.5], "texture": "#warped_door_bottom", "cullface": "north"},
				"up": {"uv": [3, 7, 3.5, 7.5], "texture": "#warped_door_bottom", "cullface": "north"},
				"down": {"uv": [3, 7, 3.5, 7.5], "texture": "#warped_door_bottom", "cullface": "north"}
			}
		},
		{
			"from": [0, 6, -0.25],
			"to": [0.5, 6.5, 0],
			"faces": {
				"north": {"uv": [15.75, 4.75, 16, 5], "texture": "#sides", "cullface": "north"},
				"east": {"uv": [3, 7, 3.5, 7.5], "texture": "#warped_door_bottom", "cullface": "north"},
				"west": {"uv": [3, 7, 3.5, 7.5], "texture": "#warped_door_bottom", "cullface": "north"},
				"up": {"uv": [3, 7, 3.5, 7.5], "texture": "#warped_door_bottom", "cullface": "north"},
				"down": {"uv": [3, 7, 3.5, 7.5], "texture": "#warped_door_bottom", "cullface": "north"}
			}
		},
		{
			"from": [0.5, 5.5, -0.25],
			"to": [2, 6, 0],
			"faces": {
				"north": {"uv": [15, 5, 15.75, 5.25], "texture": "#sides", "cullface": "north"},
				"east": {"uv": [3, 7, 3.5, 7.5], "texture": "#warped_door_bottom", "cullface": "north"},
				"west": {"uv": [3, 7, 3.5, 7.5], "texture": "#warped_door_bottom", "cullface": "north"},
				"up": {"uv": [3, 7, 3.5, 7.5], "texture": "#warped_door_bottom", "cullface": "north"},
				"down": {"uv": [3, 7, 3.5, 7.5], "texture": "#warped_door_bottom", "cullface": "north"}
			}
		},
		{
			"from": [2, 6, -0.25],
			"to": [3, 6.5, 0],
			"faces": {
				"north": {"uv": [14.5, 4.75, 15, 5], "texture": "#sides", "cullface": "north"},
				"east": {"uv": [3, 7, 3.5, 7.5], "texture": "#warped_door_bottom", "cullface": "north"},
				"west": {"uv": [3, 7, 3.5, 7.5], "texture": "#warped_door_bottom", "cullface": "north"},
				"up": {"uv": [3, 7, 3.5, 7.5], "texture": "#warped_door_bottom", "cullface": "north"},
				"down": {"uv": [3, 7, 3.5, 7.5], "texture": "#warped_door_bottom", "cullface": "north"}
			}
		},
		{
			"from": [-0.25, 11.5, 0],
			"to": [0, 13, 0.5],
			"faces": {
				"north": {"uv": [0, 3, 0.5, 4.5], "texture": "#warped_door_bottom", "cullface": "west"},
				"south": {"uv": [0, 3, 0.5, 4.5], "texture": "#warped_door_bottom", "cullface": "west"},
				"west": {"uv": [0, 3, 0.5, 4.5], "texture": "#warped_door_bottom", "cullface": "west"},
				"up": {"uv": [0, 3, 0.5, 3.5], "texture": "#warped_door_bottom", "cullface": "west"},
				"down": {"uv": [0, 4, 0.5, 4.5], "texture": "#warped_door_bottom"}
			}
		},
		{
			"from": [-0.25, 13, 0.5],
			"to": [0, 14, 1],
			"faces": {
				"north": {"uv": [3, 7, 3.5, 7.5], "texture": "#warped_door_bottom", "cullface": "west"},
				"south": {"uv": [3, 7, 3.5, 7.5], "texture": "#warped_door_bottom", "cullface": "west"},
				"west": {"uv": [0.5, 2, 1, 3], "texture": "#warped_door_bottom", "cullface": "west"},
				"up": {"uv": [3, 7, 4.5, 7.5], "texture": "#warped_door_bottom", "cullface": "west"},
				"down": {"uv": [3, 7, 4.5, 7.5], "texture": "#warped_door_bottom", "cullface": "west"}
			}
		},
		{
			"from": [-0.25, 14, 1],
			"to": [0, 14.5, 1.5],
			"faces": {
				"north": {"uv": [3, 7, 3.5, 7.5], "texture": "#warped_door_bottom", "cullface": "west"},
				"south": {"uv": [3, 7, 3.5, 7.5], "texture": "#warped_door_bottom", "cullface": "west"},
				"west": {"uv": [1, 1.5, 1.5, 2], "texture": "#warped_door_bottom", "cullface": "west"},
				"up": {"uv": [3, 7, 4.5, 7.5], "texture": "#warped_door_bottom", "cullface": "west"},
				"down": {"uv": [3, 7, 4.5, 7.5], "texture": "#warped_door_bottom", "cullface": "west"}
			}
		},
		{
			"from": [-0.25, 14.5, 1.5],
			"to": [0, 15, 2],
			"faces": {
				"north": {"uv": [3, 7, 3.5, 7.5], "texture": "#warped_door_bottom", "cullface": "west"},
				"south": {"uv": [3, 7, 3.5, 7.5], "texture": "#warped_door_bottom", "cullface": "west"},
				"west": {"uv": [1.5, 1, 2, 1.5], "texture": "#warped_door_bottom", "cullface": "west"},
				"up": {"uv": [3, 7, 4.5, 7.5], "texture": "#warped_door_bottom", "cullface": "west"},
				"down": {"uv": [3, 7, 4.5, 7.5], "texture": "#warped_door_bottom", "cullface": "west"}
			}
		},
		{
			"from": [-0.25, 15, 2],
			"to": [0, 15.5, 3],
			"faces": {
				"north": {"uv": [3, 7, 3.5, 7.5], "texture": "#warped_door_bottom", "cullface": "west"},
				"south": {"uv": [3, 7, 3.5, 7.5], "texture": "#warped_door_bottom", "cullface": "west"},
				"west": {"uv": [2, 0.5, 3, 1], "texture": "#warped_door_bottom", "cullface": "west"},
				"up": {"uv": [3, 7, 4.5, 7.5], "texture": "#warped_door_bottom", "cullface": "west"},
				"down": {"uv": [3, 7, 4.5, 7.5], "texture": "#warped_door_bottom", "cullface": "west"}
			}
		},
		{
			"from": [-0.25, 15.5, 3],
			"to": [0, 16, 4.5],
			"faces": {
				"north": {"uv": [3, 7, 3.5, 7.5], "texture": "#warped_door_bottom", "cullface": "west"},
				"south": {"uv": [3, 7, 3.5, 7.5], "texture": "#warped_door_bottom", "cullface": "west"},
				"west": {"uv": [3, 0, 4.5, 0.5], "texture": "#warped_door_bottom", "cullface": "west"},
				"up": {"uv": [3, 7, 4.5, 7.5], "texture": "#warped_door_bottom", "cullface": "west"},
				"down": {"uv": [3, 7, 4.5, 7.5], "texture": "#warped_door_bottom", "cullface": "west"}
			}
		},
		{
			"from": [-0.25, 15, 4.5],
			"to": [0, 15.5, 5],
			"faces": {
				"north": {"uv": [3, 7, 3.5, 7.5], "texture": "#warped_door_bottom", "cullface": "west"},
				"south": {"uv": [3, 7, 3.5, 7.5], "texture": "#warped_door_bottom", "cullface": "west"},
				"west": {"uv": [4.5, 0.5, 5, 1], "texture": "#warped_door_bottom", "cullface": "west"},
				"up": {"uv": [3, 7, 4.5, 7.5], "texture": "#warped_door_bottom", "cullface": "west"},
				"down": {"uv": [3, 7, 4.5, 7.5], "texture": "#warped_door_bottom", "cullface": "west"}
			}
		},
		{
			"from": [-0.25, 14.5, 5],
			"to": [0, 15, 6],
			"faces": {
				"north": {"uv": [3, 7, 3.5, 7.5], "texture": "#warped_door_bottom", "cullface": "west"},
				"south": {"uv": [3, 7, 3.5, 7.5], "texture": "#warped_door_bottom", "cullface": "west"},
				"west": {"uv": [5, 1, 6, 1.5], "texture": "#warped_door_bottom", "cullface": "west"},
				"up": {"uv": [3, 7, 4.5, 7.5], "texture": "#warped_door_bottom", "cullface": "west"},
				"down": {"uv": [3, 7, 4.5, 7.5], "texture": "#warped_door_bottom", "cullface": "west"}
			}
		},
		{
			"from": [-0.25, 15, 6],
			"to": [0, 15.5, 7],
			"faces": {
				"north": {"uv": [3, 7, 3.5, 7.5], "texture": "#warped_door_bottom", "cullface": "west"},
				"south": {"uv": [3, 7, 3.5, 7.5], "texture": "#warped_door_bottom", "cullface": "west"},
				"west": {"uv": [6, 0.5, 7, 1], "texture": "#warped_door_bottom", "cullface": "west"},
				"up": {"uv": [3, 7, 4.5, 7.5], "texture": "#warped_door_bottom", "cullface": "west"},
				"down": {"uv": [3, 7, 4.5, 7.5], "texture": "#warped_door_bottom", "cullface": "west"}
			}
		},
		{
			"from": [-0.25, 15.5, 7],
			"to": [0, 16, 7.5],
			"faces": {
				"north": {"uv": [3, 7, 3.5, 7.5], "texture": "#warped_door_bottom", "cullface": "west"},
				"south": {"uv": [3, 7, 3.5, 7.5], "texture": "#warped_door_bottom", "cullface": "west"},
				"west": {"uv": [7, 0, 7.5, 0.5], "texture": "#warped_door_bottom", "cullface": "west"},
				"up": {"uv": [3, 7, 4.5, 7.5], "texture": "#warped_door_bottom", "cullface": "west"},
				"down": {"uv": [3, 7, 4.5, 7.5], "texture": "#warped_door_bottom", "cullface": "west"}
			}
		},
		{
			"from": [-0.25, 6.5, 0],
			"to": [0, 7, 0.5],
			"faces": {
				"north": {"uv": [0, 9, 0.5, 9.5], "texture": "#warped_door_bottom", "cullface": "west"},
				"south": {"uv": [0, 9, 0.5, 9.5], "texture": "#warped_door_bottom", "cullface": "west"},
				"west": {"uv": [0, 9, 0.5, 9.5], "texture": "#warped_door_bottom", "cullface": "west"},
				"up": {"uv": [0, 9, 0.5, 9.5], "texture": "#warped_door_bottom", "cullface": "west"},
				"down": {"uv": [0, 9, 0.5, 9.5], "texture": "#warped_door_bottom"}
			}
		},
		{
			"from": [-0.25, 7, 0.5],
			"to": [0, 7.5, 1],
			"faces": {
				"north": {"uv": [3, 7, 3.5, 7.5], "texture": "#warped_door_bottom", "cullface": "west"},
				"south": {"uv": [3, 7, 3.5, 7.5], "texture": "#warped_door_bottom", "cullface": "west"},
				"west": {"uv": [0.5, 8.5, 1, 9], "texture": "#warped_door_bottom", "cullface": "west"},
				"up": {"uv": [3, 7, 4.5, 7.5], "texture": "#warped_door_bottom", "cullface": "west"},
				"down": {"uv": [3, 7, 4.5, 7.5], "texture": "#warped_door_bottom", "cullface": "west"}
			}
		},
		{
			"from": [-0.25, 7.5, 1],
			"to": [0, 8, 2],
			"faces": {
				"north": {"uv": [3, 7, 3.5, 7.5], "texture": "#warped_door_bottom", "cullface": "west"},
				"south": {"uv": [3, 7, 3.5, 7.5], "texture": "#warped_door_bottom", "cullface": "west"},
				"west": {"uv": [1, 8, 2, 8.5], "texture": "#warped_door_bottom", "cullface": "west"},
				"up": {"uv": [3, 7, 4.5, 7.5], "texture": "#warped_door_bottom", "cullface": "west"},
				"down": {"uv": [3, 7, 4.5, 7.5], "texture": "#warped_door_bottom", "cullface": "west"}
			}
		},
		{
			"from": [-0.25, 8, 2],
			"to": [0, 8.5, 3],
			"faces": {
				"north": {"uv": [3, 7, 3.5, 7.5], "texture": "#warped_door_bottom", "cullface": "west"},
				"south": {"uv": [3, 7, 3.5, 7.5], "texture": "#warped_door_bottom", "cullface": "west"},
				"west": {"uv": [2, 7.5, 3, 8], "texture": "#warped_door_bottom", "cullface": "west"},
				"up": {"uv": [3, 7, 4.5, 7.5], "texture": "#warped_door_bottom", "cullface": "west"},
				"down": {"uv": [3, 7, 4.5, 7.5], "texture": "#warped_door_bottom", "cullface": "west"}
			}
		},
		{
			"from": [-0.25, 8.5, 3],
			"to": [0, 9, 4.5],
			"faces": {
				"north": {"uv": [3, 7, 3.5, 7.5], "texture": "#warped_door_bottom", "cullface": "west"},
				"south": {"uv": [3, 7, 3.5, 7.5], "texture": "#warped_door_bottom", "cullface": "west"},
				"west": {"uv": [3, 7, 4.5, 7.5], "texture": "#warped_door_bottom", "cullface": "west"},
				"up": {"uv": [3, 7, 4.5, 7.5], "texture": "#warped_door_bottom", "cullface": "west"},
				"down": {"uv": [3, 7, 4.5, 7.5], "texture": "#warped_door_bottom", "cullface": "west"}
			}
		},
		{
			"from": [-0.25, 8, 4.5],
			"to": [0, 8.5, 5],
			"faces": {
				"north": {"uv": [3, 7, 3.5, 7.5], "texture": "#warped_door_bottom", "cullface": "west"},
				"south": {"uv": [3, 7, 3.5, 7.5], "texture": "#warped_door_bottom", "cullface": "west"},
				"west": {"uv": [4.5, 7.5, 5, 8], "texture": "#warped_door_bottom", "cullface": "west"},
				"up": {"uv": [3, 7, 4.5, 7.5], "texture": "#warped_door_bottom", "cullface": "west"},
				"down": {"uv": [3, 7, 4.5, 7.5], "texture": "#warped_door_bottom", "cullface": "west"}
			}
		},
		{
			"from": [-0.25, 7, 5],
			"to": [0, 8, 5.5],
			"faces": {
				"north": {"uv": [3, 7, 3.5, 7.5], "texture": "#warped_door_bottom", "cullface": "west"},
				"south": {"uv": [3, 7, 3.5, 7.5], "texture": "#warped_door_bottom", "cullface": "west"},
				"west": {"uv": [5, 8, 5.5, 9], "texture": "#warped_door_bottom", "cullface": "west"},
				"up": {"uv": [3, 7, 4.5, 7.5], "texture": "#warped_door_bottom", "cullface": "west"},
				"down": {"uv": [3, 7, 4.5, 7.5], "texture": "#warped_door_bottom", "cullface": "west"}
			}
		},
		{
			"from": [-0.25, 6.5, 5.5],
			"to": [0, 7, 6],
			"faces": {
				"north": {"uv": [3, 7, 3.5, 7.5], "texture": "#warped_door_bottom", "cullface": "west"},
				"south": {"uv": [3, 7, 3.5, 7.5], "texture": "#warped_door_bottom", "cullface": "west"},
				"west": {"uv": [5.5, 9, 6, 9.5], "texture": "#warped_door_bottom", "cullface": "west"},
				"up": {"uv": [3, 7, 4.5, 7.5], "texture": "#warped_door_bottom", "cullface": "west"},
				"down": {"uv": [3, 7, 4.5, 7.5], "texture": "#warped_door_bottom", "cullface": "west"}
			}
		},
		{
			"from": [-0.25, 6, 6],
			"to": [0, 6.5, 7],
			"faces": {
				"north": {"uv": [3, 7, 3.5, 7.5], "texture": "#warped_door_bottom", "cullface": "west"},
				"south": {"uv": [3, 7, 3.5, 7.5], "texture": "#warped_door_bottom", "cullface": "west"},
				"west": {"uv": [6, 9.5, 7, 10], "texture": "#warped_door_bottom", "cullface": "west"},
				"up": {"uv": [3, 7, 4.5, 7.5], "texture": "#warped_door_bottom", "cullface": "west"},
				"down": {"uv": [3, 7, 4.5, 7.5], "texture": "#warped_door_bottom", "cullface": "west"}
			}
		},
		{
			"from": [-0.25, 5.5, 7],
			"to": [0, 6, 8],
			"faces": {
				"north": {"uv": [3, 7, 3.5, 7.5], "texture": "#warped_door_bottom", "cullface": "west"},
				"south": {"uv": [3, 7, 3.5, 7.5], "texture": "#warped_door_bottom", "cullface": "west"},
				"west": {"uv": [7, 10, 8, 10.5], "texture": "#warped_door_bottom", "cullface": "west"},
				"up": {"uv": [3, 7, 4.5, 7.5], "texture": "#warped_door_bottom", "cullface": "west"},
				"down": {"uv": [3, 7, 4.5, 7.5], "texture": "#warped_door_bottom", "cullface": "west"}
			}
		},
		{
			"from": [-0.25, 5, 8],
			"to": [0, 5.5, 9.5],
			"faces": {
				"north": {"uv": [3, 7, 3.5, 7.5], "texture": "#warped_door_bottom", "cullface": "west"},
				"south": {"uv": [3, 7, 3.5, 7.5], "texture": "#warped_door_bottom", "cullface": "west"},
				"west": {"uv": [8, 10.5, 9.5, 11], "texture": "#warped_door_bottom", "cullface": "west"},
				"up": {"uv": [3, 7, 4.5, 7.5], "texture": "#warped_door_bottom", "cullface": "west"},
				"down": {"uv": [3, 7, 4.5, 7.5], "texture": "#warped_door_bottom", "cullface": "west"}
			}
		},
		{
			"from": [-0.25, 5.5, 9.5],
			"to": [0, 6, 10],
			"faces": {
				"north": {"uv": [3, 7, 3.5, 7.5], "texture": "#warped_door_bottom", "cullface": "west"},
				"south": {"uv": [3, 7, 3.5, 7.5], "texture": "#warped_door_bottom", "cullface": "west"},
				"west": {"uv": [9.5, 10, 10, 10.5], "texture": "#warped_door_bottom", "cullface": "west"},
				"up": {"uv": [3, 7, 4.5, 7.5], "texture": "#warped_door_bottom", "cullface": "west"},
				"down": {"uv": [3, 7, 4.5, 7.5], "texture": "#warped_door_bottom", "cullface": "west"}
			}
		},
		{
			"from": [-0.25, 6, 10],
			"to": [0, 6.5, 10.5],
			"faces": {
				"north": {"uv": [3, 7, 3.5, 7.5], "texture": "#warped_door_bottom", "cullface": "west"},
				"south": {"uv": [3, 7, 3.5, 7.5], "texture": "#warped_door_bottom", "cullface": "west"},
				"west": {"uv": [10, 9.5, 10.5, 10], "texture": "#warped_door_bottom", "cullface": "west"},
				"up": {"uv": [3, 7, 4.5, 7.5], "texture": "#warped_door_bottom", "cullface": "west"},
				"down": {"uv": [3, 7, 4.5, 7.5], "texture": "#warped_door_bottom", "cullface": "west"}
			}
		},
		{
			"from": [-0.25, 6.5, 10.5],
			"to": [0, 8.5, 11],
			"faces": {
				"north": {"uv": [3, 7, 3.5, 7.5], "texture": "#warped_door_bottom", "cullface": "west"},
				"south": {"uv": [3, 7, 3.5, 7.5], "texture": "#warped_door_bottom", "cullface": "west"},
				"west": {"uv": [10.5, 7.5, 11, 9.5], "texture": "#warped_door_bottom", "cullface": "west"},
				"up": {"uv": [3, 7, 4.5, 7.5], "texture": "#warped_door_bottom", "cullface": "west"},
				"down": {"uv": [3, 7, 4.5, 7.5], "texture": "#warped_door_bottom", "cullface": "west"}
			}
		},
		{
			"from": [-0.25, 8.5, 11],
			"to": [0, 9, 11.5],
			"faces": {
				"north": {"uv": [3, 7, 3.5, 7.5], "texture": "#warped_door_bottom", "cullface": "west"},
				"south": {"uv": [3, 7, 3.5, 7.5], "texture": "#warped_door_bottom", "cullface": "west"},
				"west": {"uv": [11, 7, 11.5, 7.5], "texture": "#warped_door_bottom", "cullface": "west"},
				"up": {"uv": [3, 7, 4.5, 7.5], "texture": "#warped_door_bottom", "cullface": "west"},
				"down": {"uv": [3, 7, 4.5, 7.5], "texture": "#warped_door_bottom", "cullface": "west"}
			}
		},
		{
			"from": [-0.25, 9, 11.5],
			"to": [0, 9.5, 12],
			"faces": {
				"north": {"uv": [3, 7, 3.5, 7.5], "texture": "#warped_door_bottom", "cullface": "west"},
				"south": {"uv": [3, 7, 3.5, 7.5], "texture": "#warped_door_bottom", "cullface": "west"},
				"west": {"uv": [11.5, 6.5, 12, 7], "texture": "#warped_door_bottom", "cullface": "west"},
				"up": {"uv": [3, 7, 4.5, 7.5], "texture": "#warped_door_bottom", "cullface": "west"},
				"down": {"uv": [3, 7, 4.5, 7.5], "texture": "#warped_door_bottom", "cullface": "west"}
			}
		},
		{
			"from": [-0.25, 9.5, 12],
			"to": [0, 10, 14],
			"faces": {
				"north": {"uv": [3, 7, 3.5, 7.5], "texture": "#warped_door_bottom", "cullface": "west"},
				"south": {"uv": [3, 7, 3.5, 7.5], "texture": "#warped_door_bottom", "cullface": "west"},
				"west": {"uv": [12, 6, 14, 6.5], "texture": "#warped_door_bottom", "cullface": "west"},
				"up": {"uv": [3, 7, 4.5, 7.5], "texture": "#warped_door_bottom", "cullface": "west"},
				"down": {"uv": [3, 7, 4.5, 7.5], "texture": "#warped_door_bottom", "cullface": "west"}
			}
		},
		{
			"from": [-0.25, 9, 14],
			"to": [0, 9.5, 15],
			"faces": {
				"north": {"uv": [3, 7, 3.5, 7.5], "texture": "#warped_door_bottom", "cullface": "west"},
				"south": {"uv": [3, 7, 3.5, 7.5], "texture": "#warped_door_bottom", "cullface": "west"},
				"west": {"uv": [3, 7, 3.5, 7.5], "texture": "#warped_door_bottom", "cullface": "west"},
				"up": {"uv": [3, 7, 3.5, 7.5], "texture": "#warped_door_bottom", "cullface": "west"},
				"down": {"uv": [3, 7, 4.5, 7.5], "texture": "#warped_door_bottom", "cullface": "west"}
			}
		},
		{
			"from": [-0.25, 8.5, 15],
			"to": [0, 9, 15.5],
			"faces": {
				"north": {"uv": [3, 7, 3.5, 7.5], "texture": "#warped_door_bottom", "cullface": "west"},
				"south": {"uv": [3, 7, 3.5, 7.5], "texture": "#warped_door_bottom", "cullface": "west"},
				"west": {"uv": [15, 7, 15.5, 7.5], "texture": "#warped_door_bottom", "cullface": "west"},
				"up": {"uv": [3, 7, 4.5, 7.5], "texture": "#warped_door_bottom", "cullface": "west"},
				"down": {"uv": [15.5, 11.5, 16, 12], "texture": "#warped_door_bottom", "cullface": "west"}
			}
		},
		{
			"from": [-0.25, 8, 15.5],
			"to": [0, 8.5, 16],
			"faces": {
				"north": {"uv": [15.5, 11.5, 16, 12], "texture": "#warped_door_bottom", "cullface": "west"},
				"south": {"uv": [15.5, 7.5, 16, 8], "texture": "#warped_door_bottom", "cullface": "west"},
				"west": {"uv": [15.5, 7.5, 16, 8], "texture": "#warped_door_bottom", "cullface": "west"},
				"up": {"uv": [15.5, 7.5, 16, 8], "texture": "#warped_door_bottom", "cullface": "west"},
				"down": {"uv": [15.5, 11.5, 16, 12], "texture": "#warped_door_bottom", "cullface": "west"}
			}
		},
		{
			"from": [-0.25, 4, 15.5],
			"to": [0, 4.5, 16],
			"faces": {
				"north": {"uv": [15.5, 11.5, 16, 12], "texture": "#warped_door_bottom", "cullface": "west"},
				"south": {"uv": [15.5, 11.5, 16, 12], "texture": "#warped_door_bottom", "cullface": "west"},
				"west": {"uv": [15.5, 11.5, 16, 12], "texture": "#warped_door_bottom", "cullface": "west"},
				"up": {"uv": [15.5, 11.5, 16, 12], "texture": "#warped_door_bottom", "cullface": "west"},
				"down": {"uv": [15.5, 11.5, 16, 12], "texture": "#warped_door_bottom", "cullface": "west"}
			}
		},
		{
			"from": [-0.25, 4.5, 15],
			"to": [0, 5, 15.5],
			"faces": {
				"north": {"uv": [15.5, 11.5, 16, 12], "texture": "#warped_door_bottom", "cullface": "west"},
				"south": {"uv": [3, 7, 3.5, 7.5], "texture": "#warped_door_bottom", "cullface": "west"},
				"west": {"uv": [15, 11, 15.5, 11.5], "texture": "#warped_door_bottom", "cullface": "west"},
				"up": {"uv": [3, 7, 4.5, 7.5], "texture": "#warped_door_bottom", "cullface": "west"},
				"down": {"uv": [3, 7, 4.5, 7.5], "texture": "#warped_door_bottom", "cullface": "west"}
			}
		},
		{
			"from": [-0.25, 5, 14.5],
			"to": [0, 5.5, 15],
			"faces": {
				"north": {"uv": [3, 7, 3.5, 7.5], "texture": "#warped_door_bottom", "cullface": "west"},
				"south": {"uv": [3, 7, 3.5, 7.5], "texture": "#warped_door_bottom", "cullface": "west"},
				"west": {"uv": [14.5, 10.5, 15, 11], "texture": "#warped_door_bottom", "cullface": "west"},
				"up": {"uv": [3, 7, 4.5, 7.5], "texture": "#warped_door_bottom", "cullface": "west"},
				"down": {"uv": [3, 7, 4.5, 7.5], "texture": "#warped_door_bottom", "cullface": "west"}
			}
		},
		{
			"from": [-0.25, 5.5, 13],
			"to": [0, 6, 14.5],
			"faces": {
				"north": {"uv": [3, 7, 3.5, 7.5], "texture": "#warped_door_bottom", "cullface": "west"},
				"south": {"uv": [3, 7, 3.5, 7.5], "texture": "#warped_door_bottom", "cullface": "west"},
				"west": {"uv": [13, 10, 14.5, 10.5], "texture": "#warped_door_bottom", "cullface": "west"},
				"up": {"uv": [3, 7, 4.5, 7.5], "texture": "#warped_door_bottom", "cullface": "west"},
				"down": {"uv": [3, 7, 4.5, 7.5], "texture": "#warped_door_bottom", "cullface": "west"}
			}
		},
		{
			"from": [-0.25, 5, 12.5],
			"to": [0, 5.5, 13],
			"faces": {
				"north": {"uv": [3, 7, 3.5, 7.5], "texture": "#warped_door_bottom", "cullface": "west"},
				"south": {"uv": [3, 7, 3.5, 7.5], "texture": "#warped_door_bottom", "cullface": "west"},
				"west": {"uv": [12.5, 10.5, 13, 11], "texture": "#warped_door_bottom", "cullface": "west"},
				"up": {"uv": [3, 7, 4.5, 7.5], "texture": "#warped_door_bottom", "cullface": "west"},
				"down": {"uv": [3, 7, 4.5, 7.5], "texture": "#warped_door_bottom", "cullface": "west"}
			}
		},
		{
			"from": [-0.25, 4, 12],
			"to": [0, 5, 12.5],
			"faces": {
				"north": {"uv": [3, 7, 3.5, 7.5], "texture": "#warped_door_bottom", "cullface": "west"},
				"south": {"uv": [3, 7, 3.5, 7.5], "texture": "#warped_door_bottom", "cullface": "west"},
				"west": {"uv": [12, 11, 12.5, 12], "texture": "#warped_door_bottom", "cullface": "west"},
				"up": {"uv": [3, 7, 4.5, 7.5], "texture": "#warped_door_bottom", "cullface": "west"},
				"down": {"uv": [3, 7, 4.5, 7.5], "texture": "#warped_door_bottom", "cullface": "west"}
			}
		},
		{
			"from": [-0.25, 3, 11.5],
			"to": [0, 4, 12],
			"faces": {
				"north": {"uv": [3, 7, 3.5, 7.5], "texture": "#warped_door_bottom", "cullface": "west"},
				"south": {"uv": [3, 7, 3.5, 7.5], "texture": "#warped_door_bottom", "cullface": "west"},
				"west": {"uv": [11.5, 12, 12, 13], "texture": "#warped_door_bottom", "cullface": "west"},
				"up": {"uv": [3, 7, 4.5, 7.5], "texture": "#warped_door_bottom", "cullface": "west"},
				"down": {"uv": [3, 7, 4.5, 7.5], "texture": "#warped_door_bottom", "cullface": "west"}
			}
		},
		{
			"from": [-0.25, 2.5, 11],
			"to": [0, 3, 11.5],
			"faces": {
				"north": {"uv": [3, 7, 3.5, 7.5], "texture": "#warped_door_bottom", "cullface": "west"},
				"south": {"uv": [3, 7, 3.5, 7.5], "texture": "#warped_door_bottom", "cullface": "west"},
				"west": {"uv": [11, 13, 11.5, 13.5], "texture": "#warped_door_bottom", "cullface": "west"},
				"up": {"uv": [3, 7, 4.5, 7.5], "texture": "#warped_door_bottom", "cullface": "west"},
				"down": {"uv": [3, 7, 4.5, 7.5], "texture": "#warped_door_bottom", "cullface": "west"}
			}
		},
		{
			"from": [-0.25, 2, 10.5],
			"to": [0, 2.5, 11],
			"faces": {
				"north": {"uv": [3, 7, 3.5, 7.5], "texture": "#warped_door_bottom", "cullface": "west"},
				"south": {"uv": [3, 7, 3.5, 7.5], "texture": "#warped_door_bottom", "cullface": "west"},
				"west": {"uv": [10.5, 13.5, 11, 14], "texture": "#warped_door_bottom", "cullface": "west"},
				"up": {"uv": [3, 7, 4.5, 7.5], "texture": "#warped_door_bottom", "cullface": "west"},
				"down": {"uv": [3, 7, 4.5, 7.5], "texture": "#warped_door_bottom", "cullface": "west"}
			}
		},
		{
			"from": [3, 9, 14],
			"to": [3.25, 9.5, 15],
			"faces": {
				"north": {"uv": [3, 7, 3.5, 7.5], "texture": "#warped_door_bottom"},
				"east": {"uv": [15, 6.5, 14, 7], "texture": "#warped_door_bottom"},
				"south": {"uv": [3, 7, 3.5, 7.5], "texture": "#warped_door_bottom"},
				"up": {"uv": [3, 7, 3.5, 7.5], "texture": "#warped_door_bottom"},
				"down": {"uv": [3, 7, 4.5, 7.5], "texture": "#warped_door_bottom"}
			}
		},
		{
			"from": [3, 2, 10.5],
			"to": [3.25, 2.5, 11],
			"faces": {
				"north": {"uv": [3, 7, 3.5, 7.5], "texture": "#warped_door_bottom"},
				"east": {"uv": [11, 13.5, 10.5, 14], "texture": "#warped_door_bottom"},
				"south": {"uv": [3, 7, 3.5, 7.5], "texture": "#warped_door_bottom"},
				"up": {"uv": [3, 7, 4.5, 7.5], "texture": "#warped_door_bottom"},
				"down": {"uv": [3, 7, 4.5, 7.5], "texture": "#warped_door_bottom"}
			}
		},
		{
			"from": [3, 2.5, 11],
			"to": [3.25, 3, 11.5],
			"faces": {
				"north": {"uv": [3, 7, 3.5, 7.5], "texture": "#warped_door_bottom"},
				"east": {"uv": [11.5, 13, 11, 13.5], "texture": "#warped_door_bottom"},
				"south": {"uv": [3, 7, 3.5, 7.5], "texture": "#warped_door_bottom"},
				"up": {"uv": [3, 7, 4.5, 7.5], "texture": "#warped_door_bottom"},
				"down": {"uv": [3, 7, 4.5, 7.5], "texture": "#warped_door_bottom"}
			}
		},
		{
			"from": [3, 3, 11.5],
			"to": [3.25, 4, 12],
			"faces": {
				"north": {"uv": [3, 7, 3.5, 7.5], "texture": "#warped_door_bottom"},
				"east": {"uv": [12, 12, 11.5, 13], "texture": "#warped_door_bottom"},
				"south": {"uv": [3, 7, 3.5, 7.5], "texture": "#warped_door_bottom"},
				"up": {"uv": [3, 7, 4.5, 7.5], "texture": "#warped_door_bottom"},
				"down": {"uv": [3, 7, 4.5, 7.5], "texture": "#warped_door_bottom"}
			}
		},
		{
			"from": [3, 4, 12],
			"to": [3.25, 5, 12.5],
			"faces": {
				"north": {"uv": [3, 7, 3.5, 7.5], "texture": "#warped_door_bottom"},
				"east": {"uv": [12.5, 11, 12, 12], "texture": "#warped_door_bottom"},
				"south": {"uv": [3, 7, 3.5, 7.5], "texture": "#warped_door_bottom"},
				"up": {"uv": [3, 7, 4.5, 7.5], "texture": "#warped_door_bottom"},
				"down": {"uv": [3, 7, 4.5, 7.5], "texture": "#warped_door_bottom"}
			}
		},
		{
			"from": [3, 5, 12.5],
			"to": [3.25, 5.5, 13],
			"faces": {
				"north": {"uv": [3, 7, 3.5, 7.5], "texture": "#warped_door_bottom"},
				"east": {"uv": [13, 10.5, 12.5, 11], "texture": "#warped_door_bottom"},
				"south": {"uv": [3, 7, 3.5, 7.5], "texture": "#warped_door_bottom"},
				"up": {"uv": [3, 7, 4.5, 7.5], "texture": "#warped_door_bottom"},
				"down": {"uv": [3, 7, 4.5, 7.5], "texture": "#warped_door_bottom"}
			}
		},
		{
			"from": [3, 4, 15.5],
			"to": [3.25, 4.5, 16],
			"faces": {
				"north": {"uv": [12.5, 11.5, 13, 12], "texture": "#warped_door_bottom"},
				"east": {"uv": [16, 11.5, 15.5, 12], "texture": "#warped_door_bottom"},
				"south": {"uv": [3, 11.5, 3.5, 12], "texture": "#warped_door_bottom", "cullface": "south"},
				"up": {"uv": [15.5, 11.5, 16, 12], "texture": "#warped_door_bottom"},
				"down": {"uv": [3, 0, 3.5, 0.5], "texture": "#warped_door_bottom"}
			}
		},
		{
			"from": [3, 4.5, 15],
			"to": [3.25, 5, 15.5],
			"faces": {
				"north": {"uv": [3, 7, 3.5, 7.5], "texture": "#warped_door_bottom"},
				"east": {"uv": [15.5, 11, 15, 11.5], "texture": "#warped_door_bottom"},
				"south": {"uv": [3, 7, 3.5, 7.5], "texture": "#warped_door_bottom"},
				"up": {"uv": [3, 7, 4.5, 7.5], "texture": "#warped_door_bottom"},
				"down": {"uv": [3, 7, 4.5, 7.5], "texture": "#warped_door_bottom"}
			}
		},
		{
			"from": [3, 5, 14.5],
			"to": [3.25, 5.5, 15],
			"faces": {
				"north": {"uv": [3, 7, 3.5, 7.5], "texture": "#warped_door_bottom"},
				"east": {"uv": [15, 10.5, 14.5, 11], "texture": "#warped_door_bottom"},
				"south": {"uv": [3, 7, 3.5, 7.5], "texture": "#warped_door_bottom"},
				"up": {"uv": [3, 7, 4.5, 7.5], "texture": "#warped_door_bottom"},
				"down": {"uv": [3, 7, 4.5, 7.5], "texture": "#warped_door_bottom"}
			}
		},
		{
			"from": [3, 5.5, 13],
			"to": [3.25, 6, 14.5],
			"faces": {
				"north": {"uv": [3, 7, 3.5, 7.5], "texture": "#warped_door_bottom"},
				"east": {"uv": [14.5, 10, 13, 10.5], "texture": "#warped_door_bottom"},
				"south": {"uv": [3, 7, 3.5, 7.5], "texture": "#warped_door_bottom"},
				"up": {"uv": [3, 7, 4.5, 7.5], "texture": "#warped_door_bottom"},
				"down": {"uv": [3, 7, 4.5, 7.5], "texture": "#warped_door_bottom"}
			}
		},
		{
			"from": [3, 15.5, 7],
			"to": [3.25, 16, 7.5],
			"faces": {
				"north": {"uv": [3, 7, 3.5, 7.5], "texture": "#warped_door_bottom"},
				"east": {"uv": [7.5, 0, 7, 0.5], "texture": "#warped_door_bottom"},
				"south": {"uv": [3, 7, 3.5, 7.5], "texture": "#warped_door_bottom"},
				"up": {"uv": [3, 7, 4.5, 7.5], "texture": "#warped_door_bottom"},
				"down": {"uv": [3, 7, 4.5, 7.5], "texture": "#warped_door_bottom"}
			}
		},
		{
			"from": [3, 15, 6],
			"to": [3.25, 15.5, 7],
			"faces": {
				"north": {"uv": [3, 7, 3.5, 7.5], "texture": "#warped_door_bottom"},
				"east": {"uv": [7, 0.5, 6, 1], "texture": "#warped_door_bottom"},
				"south": {"uv": [3, 7, 3.5, 7.5], "texture": "#warped_door_bottom"},
				"up": {"uv": [3, 7, 4.5, 7.5], "texture": "#warped_door_bottom"},
				"down": {"uv": [3, 7, 4.5, 7.5], "texture": "#warped_door_bottom"}
			}
		},
		{
			"from": [3, 14.5, 5],
			"to": [3.25, 15, 6],
			"faces": {
				"north": {"uv": [3, 7, 3.5, 7.5], "texture": "#warped_door_bottom"},
				"east": {"uv": [6, 1, 5, 1.5], "texture": "#warped_door_bottom"},
				"south": {"uv": [3, 7, 3.5, 7.5], "texture": "#warped_door_bottom"},
				"up": {"uv": [3, 7, 4.5, 7.5], "texture": "#warped_door_bottom"},
				"down": {"uv": [3, 7, 4.5, 7.5], "texture": "#warped_door_bottom"}
			}
		},
		{
			"from": [3, 15, 4.5],
			"to": [3.25, 15.5, 5],
			"faces": {
				"north": {"uv": [3, 7, 3.5, 7.5], "texture": "#warped_door_bottom"},
				"east": {"uv": [5, 0.5, 4.5, 1], "texture": "#warped_door_bottom"},
				"south": {"uv": [3, 7, 3.5, 7.5], "texture": "#warped_door_bottom"},
				"up": {"uv": [3, 7, 4.5, 7.5], "texture": "#warped_door_bottom"},
				"down": {"uv": [3, 7, 4.5, 7.5], "texture": "#warped_door_bottom"}
			}
		},
		{
			"from": [3, 15.5, 3],
			"to": [3.25, 16, 4.5],
			"faces": {
				"north": {"uv": [3, 7, 3.5, 7.5], "texture": "#warped_door_bottom"},
				"east": {"uv": [4.5, 0, 3, 0.5], "texture": "#warped_door_bottom"},
				"south": {"uv": [3, 7, 3.5, 7.5], "texture": "#warped_door_bottom"},
				"up": {"uv": [3, 7, 4.5, 7.5], "texture": "#warped_door_bottom"},
				"down": {"uv": [3, 7, 4.5, 7.5], "texture": "#warped_door_bottom"}
			}
		},
		{
			"from": [3, 15, 2],
			"to": [3.25, 15.5, 3],
			"faces": {
				"north": {"uv": [3, 7, 3.5, 7.5], "texture": "#warped_door_bottom"},
				"east": {"uv": [3, 0.5, 2, 1], "texture": "#warped_door_bottom"},
				"south": {"uv": [3, 7, 3.5, 7.5], "texture": "#warped_door_bottom"},
				"up": {"uv": [3, 7, 4.5, 7.5], "texture": "#warped_door_bottom"},
				"down": {"uv": [3, 7, 4.5, 7.5], "texture": "#warped_door_bottom"}
			}
		},
		{
			"from": [3, 14.5, 1.5],
			"to": [3.25, 15, 2],
			"faces": {
				"north": {"uv": [3, 7, 3.5, 7.5], "texture": "#warped_door_bottom"},
				"east": {"uv": [2, 1, 1.5, 1.5], "texture": "#warped_door_bottom"},
				"south": {"uv": [3, 7, 3.5, 7.5], "texture": "#warped_door_bottom"},
				"up": {"uv": [3, 7, 4.5, 7.5], "texture": "#warped_door_bottom"},
				"down": {"uv": [3, 7, 4.5, 7.5], "texture": "#warped_door_bottom"}
			}
		},
		{
			"from": [3, 14, 1],
			"to": [3.25, 14.5, 1.5],
			"faces": {
				"north": {"uv": [3, 7, 3.5, 7.5], "texture": "#warped_door_bottom"},
				"east": {"uv": [1.5, 1.5, 1, 2], "texture": "#warped_door_bottom"},
				"south": {"uv": [3, 7, 3.5, 7.5], "texture": "#warped_door_bottom"},
				"up": {"uv": [3, 7, 4.5, 7.5], "texture": "#warped_door_bottom"},
				"down": {"uv": [3, 7, 4.5, 7.5], "texture": "#warped_door_bottom"}
			}
		},
		{
			"from": [3, 13, 0.5],
			"to": [3.25, 14, 1],
			"faces": {
				"north": {"uv": [3, 7, 3.5, 7.5], "texture": "#warped_door_bottom"},
				"east": {"uv": [1, 2, 0.5, 3], "texture": "#warped_door_bottom"},
				"south": {"uv": [3, 7, 3.5, 7.5], "texture": "#warped_door_bottom"},
				"up": {"uv": [3, 7, 4.5, 7.5], "texture": "#warped_door_bottom"},
				"down": {"uv": [3, 7, 4.5, 7.5], "texture": "#warped_door_bottom"}
			}
		},
		{
			"from": [3, 11.5, 0],
			"to": [3.25, 13, 0.5],
			"faces": {
				"north": {"uv": [0, 3, 0.5, 4.5], "texture": "#warped_door_bottom", "cullface": "north"},
				"east": {"uv": [0.5, 3, 0, 4.5], "texture": "#warped_door_bottom"},
				"south": {"uv": [15.5, 3, 16, 4.5], "texture": "#warped_door_bottom"},
				"up": {"uv": [0, 3, 0.5, 3.5], "texture": "#warped_door_bottom"},
				"down": {"uv": [0, 4, 0.5, 4.5], "texture": "#warped_door_bottom"}
			}
		},
		{
			"from": [3, 6.5, 0],
			"to": [3.25, 7, 0.5],
			"faces": {
				"north": {"uv": [0, 9, 0.5, 9.5], "texture": "#warped_door_bottom", "cullface": "north"},
				"east": {"uv": [0.5, 9, 0, 9.5], "texture": "#warped_door_bottom"},
				"south": {"uv": [0, 9, 0.5, 9.5], "texture": "#warped_door_bottom"},
				"up": {"uv": [0, 9, 0.5, 9.5], "texture": "#warped_door_bottom"},
				"down": {"uv": [0, 9, 0.5, 9.5], "texture": "#warped_door_bottom"}
			}
		},
		{
			"from": [3, 7, 0.5],
			"to": [3.25, 7.5, 1],
			"faces": {
				"north": {"uv": [3, 7, 3.5, 7.5], "texture": "#warped_door_bottom"},
				"east": {"uv": [1, 8.5, 0.5, 9], "texture": "#warped_door_bottom"},
				"south": {"uv": [3, 7, 3.5, 7.5], "texture": "#warped_door_bottom"},
				"up": {"uv": [3, 7, 4.5, 7.5], "texture": "#warped_door_bottom"},
				"down": {"uv": [3, 7, 4.5, 7.5], "texture": "#warped_door_bottom"}
			}
		},
		{
			"from": [3, 7.5, 1],
			"to": [3.25, 8, 2],
			"faces": {
				"north": {"uv": [3, 7, 3.5, 7.5], "texture": "#warped_door_bottom"},
				"east": {"uv": [2, 8, 1, 8.5], "texture": "#warped_door_bottom"},
				"south": {"uv": [3, 7, 3.5, 7.5], "texture": "#warped_door_bottom"},
				"up": {"uv": [3, 7, 4.5, 7.5], "texture": "#warped_door_bottom"},
				"down": {"uv": [3, 7, 4.5, 7.5], "texture": "#warped_door_bottom"}
			}
		},
		{
			"from": [3, 8, 2],
			"to": [3.25, 8.5, 3],
			"faces": {
				"north": {"uv": [3, 7, 3.5, 7.5], "texture": "#warped_door_bottom"},
				"east": {"uv": [3, 7.5, 2, 8], "texture": "#warped_door_bottom"},
				"south": {"uv": [3, 7, 3.5, 7.5], "texture": "#warped_door_bottom"},
				"up": {"uv": [3, 7, 4.5, 7.5], "texture": "#warped_door_bottom"},
				"down": {"uv": [3, 7, 4.5, 7.5], "texture": "#warped_door_bottom"}
			}
		},
		{
			"from": [3, 8, 15.5],
			"to": [3.25, 8.5, 16],
			"faces": {
				"north": {"uv": [15.5, 7.5, 16, 8], "texture": "#warped_door_bottom"},
				"east": {"uv": [16, 7.5, 15.5, 8], "texture": "#warped_door_bottom"},
				"south": {"uv": [15.5, 7.5, 16, 8], "texture": "#warped_door_bottom", "cullface": "south"},
				"up": {"uv": [15.5, 7.5, 16, 8], "texture": "#warped_door_bottom"},
				"down": {"uv": [15.5, 11.5, 16, 12], "texture": "#warped_door_bottom"}
			}
		},
		{
			"from": [3, 8.5, 15],
			"to": [3.25, 9, 15.5],
			"faces": {
				"north": {"uv": [3, 7, 3.5, 7.5], "texture": "#warped_door_bottom"},
				"east": {"uv": [15.5, 7, 15, 7.5], "texture": "#warped_door_bottom"},
				"south": {"uv": [3, 7, 3.5, 7.5], "texture": "#warped_door_bottom"},
				"up": {"uv": [3, 7, 4.5, 7.5], "texture": "#warped_door_bottom"},
				"down": {"uv": [3, 7, 4.5, 7.5], "texture": "#warped_door_bottom"}
			}
		},
		{
			"from": [3, 9.5, 12],
			"to": [3.25, 10, 14],
			"faces": {
				"north": {"uv": [3, 7, 3.5, 7.5], "texture": "#warped_door_bottom"},
				"east": {"uv": [14, 6, 12, 6.5], "texture": "#warped_door_bottom"},
				"south": {"uv": [3, 7, 3.5, 7.5], "texture": "#warped_door_bottom"},
				"up": {"uv": [3, 7, 4.5, 7.5], "texture": "#warped_door_bottom"},
				"down": {"uv": [3, 7, 4.5, 7.5], "texture": "#warped_door_bottom"}
			}
		},
		{
			"from": [3, 9, 11.5],
			"to": [3.25, 9.5, 12],
			"faces": {
				"north": {"uv": [3, 7, 3.5, 7.5], "texture": "#warped_door_bottom"},
				"east": {"uv": [12, 6.5, 11.5, 7], "texture": "#warped_door_bottom"},
				"south": {"uv": [3, 7, 3.5, 7.5], "texture": "#warped_door_bottom"},
				"up": {"uv": [3, 7, 4.5, 7.5], "texture": "#warped_door_bottom"},
				"down": {"uv": [3, 7, 4.5, 7.5], "texture": "#warped_door_bottom"}
			}
		},
		{
			"from": [3, 8.5, 11],
			"to": [3.25, 9, 11.5],
			"faces": {
				"north": {"uv": [3, 7, 3.5, 7.5], "texture": "#warped_door_bottom"},
				"east": {"uv": [11.5, 7, 11, 7.5], "texture": "#warped_door_bottom"},
				"south": {"uv": [3, 7, 3.5, 7.5], "texture": "#warped_door_bottom"},
				"up": {"uv": [3, 7, 4.5, 7.5], "texture": "#warped_door_bottom"},
				"down": {"uv": [3, 7, 4.5, 7.5], "texture": "#warped_door_bottom"}
			}
		},
		{
			"from": [3, 6.5, 10.5],
			"to": [3.25, 8.5, 11],
			"faces": {
				"north": {"uv": [3, 7, 3.5, 7.5], "texture": "#warped_door_bottom"},
				"east": {"uv": [11, 7.5, 10.5, 9.5], "texture": "#warped_door_bottom"},
				"south": {"uv": [3, 7, 3.5, 7.5], "texture": "#warped_door_bottom"},
				"up": {"uv": [3, 7, 4.5, 7.5], "texture": "#warped_door_bottom"},
				"down": {"uv": [3, 7, 4.5, 7.5], "texture": "#warped_door_bottom"}
			}
		},
		{
			"from": [3, 6, 10],
			"to": [3.25, 6.5, 10.5],
			"faces": {
				"north": {"uv": [3, 7, 3.5, 7.5], "texture": "#warped_door_bottom"},
				"east": {"uv": [10.5, 9.5, 10, 10], "texture": "#warped_door_bottom"},
				"south": {"uv": [3, 7, 3.5, 7.5], "texture": "#warped_door_bottom"},
				"up": {"uv": [3, 7, 4.5, 7.5], "texture": "#warped_door_bottom"},
				"down": {"uv": [3, 7, 4.5, 7.5], "texture": "#warped_door_bottom"}
			}
		},
		{
			"from": [3, 5.5, 9.5],
			"to": [3.25, 6, 10],
			"faces": {
				"north": {"uv": [3, 7, 3.5, 7.5], "texture": "#warped_door_bottom"},
				"east": {"uv": [10, 10, 9.5, 10.5], "texture": "#warped_door_bottom"},
				"south": {"uv": [3, 7, 3.5, 7.5], "texture": "#warped_door_bottom"},
				"up": {"uv": [3, 7, 4.5, 7.5], "texture": "#warped_door_bottom"},
				"down": {"uv": [3, 7, 4.5, 7.5], "texture": "#warped_door_bottom"}
			}
		},
		{
			"from": [3, 5, 8],
			"to": [3.25, 5.5, 9.5],
			"faces": {
				"north": {"uv": [3, 7, 3.5, 7.5], "texture": "#warped_door_bottom"},
				"east": {"uv": [9.5, 10.5, 8, 11], "texture": "#warped_door_bottom"},
				"south": {"uv": [3, 7, 3.5, 7.5], "texture": "#warped_door_bottom"},
				"up": {"uv": [3, 7, 4.5, 7.5], "texture": "#warped_door_bottom"},
				"down": {"uv": [3, 7, 4.5, 7.5], "texture": "#warped_door_bottom"}
			}
		},
		{
			"from": [3, 5.5, 7],
			"to": [3.25, 6, 8],
			"faces": {
				"north": {"uv": [3, 7, 3.5, 7.5], "texture": "#warped_door_bottom"},
				"east": {"uv": [8, 10, 7, 10.5], "texture": "#warped_door_bottom"},
				"south": {"uv": [3, 7, 3.5, 7.5], "texture": "#warped_door_bottom"},
				"up": {"uv": [3, 7, 4.5, 7.5], "texture": "#warped_door_bottom"},
				"down": {"uv": [3, 7, 4.5, 7.5], "texture": "#warped_door_bottom"}
			}
		},
		{
			"from": [3, 6, 6],
			"to": [3.25, 6.5, 7],
			"faces": {
				"north": {"uv": [3, 7, 3.5, 7.5], "texture": "#warped_door_bottom"},
				"east": {"uv": [6, 9, 5.5, 9.5], "texture": "#warped_door_bottom"},
				"south": {"uv": [3, 7, 3.5, 7.5], "texture": "#warped_door_bottom"},
				"up": {"uv": [3, 7, 4.5, 7.5], "texture": "#warped_door_bottom"},
				"down": {"uv": [3, 7, 4.5, 7.5], "texture": "#warped_door_bottom"}
			}
		},
		{
			"from": [3, 6.5, 5.5],
			"to": [3.25, 7, 6],
			"faces": {
				"north": {"uv": [3, 7, 3.5, 7.5], "texture": "#warped_door_bottom"},
				"east": {"uv": [6, 9, 5.5, 9.5], "texture": "#warped_door_bottom"},
				"south": {"uv": [3, 7, 3.5, 7.5], "texture": "#warped_door_bottom"},
				"up": {"uv": [3, 7, 4.5, 7.5], "texture": "#warped_door_bottom"},
				"down": {"uv": [3, 7, 4.5, 7.5], "texture": "#warped_door_bottom"}
			}
		},
		{
			"from": [3, 7, 5],
			"to": [3.25, 8, 5.5],
			"faces": {
				"north": {"uv": [3, 7, 3.5, 7.5], "texture": "#warped_door_bottom"},
				"east": {"uv": [5.5, 8, 5, 9], "texture": "#warped_door_bottom"},
				"south": {"uv": [3, 7, 3.5, 7.5], "texture": "#warped_door_bottom"},
				"up": {"uv": [3, 7, 4.5, 7.5], "texture": "#warped_door_bottom"},
				"down": {"uv": [3, 7, 4.5, 7.5], "texture": "#warped_door_bottom"}
			}
		},
		{
			"from": [3, 8, 4.5],
			"to": [3.25, 8.5, 5],
			"faces": {
				"north": {"uv": [3, 7, 3.5, 7.5], "texture": "#warped_door_bottom"},
				"east": {"uv": [5, 7.5, 4.5, 8], "texture": "#warped_door_bottom"},
				"south": {"uv": [3, 7, 3.5, 7.5], "texture": "#warped_door_bottom"},
				"up": {"uv": [3, 7, 4.5, 7.5], "texture": "#warped_door_bottom"},
				"down": {"uv": [3, 7, 4.5, 7.5], "texture": "#warped_door_bottom"}
			}
		},
		{
			"from": [3, 8.5, 3],
			"to": [3.25, 9, 4.5],
			"faces": {
				"north": {"uv": [3, 7, 3.5, 7.5], "texture": "#warped_door_bottom"},
				"east": {"uv": [4.5, 7, 3, 7.5], "texture": "#warped_door_bottom"},
				"south": {"uv": [3, 7, 3.5, 7.5], "texture": "#warped_door_bottom"},
				"up": {"uv": [3, 7, 4.5, 7.5], "texture": "#warped_door_bottom"},
				"down": {"uv": [3, 7, 4.5, 7.5], "texture": "#warped_door_bottom"}
			}
		}
	],
	"groups": [0, 1, 2,
		{
			"name": "south",
			"origin": [8, 8, 8],
			"children": [3, 4, 5, 6, 7, 8, 9, 10]
		},
		{
			"name": "north",
			"origin": [8, 8, 8],
			"children": [11, 12, 13, 14, 15, 16, 17, 18]
		},
		{
			"name": "west",
			"origin": [8, 8, 8],
			"children": [19, 20, 21, 22, 23, 24, 25, 26, 27, 28, 29, 30, 31, 32, 33, 34, 35, 36, 37, 38, 39, 40, 41, 42, 43, 44, 45, 46, 47, 48, 49, 50, 51, 52, 53, 54, 55, 56, 57]
		},
		{
			"name": "east",
			"origin": [8, 8, 8],
			"children": [58, 59, 60, 61, 62, 63, 64, 65, 66, 67, 68, 69, 70, 71, 72, 73, 74, 75, 76, 77, 78, 79, 80, 81, 82, 83, 84, 85, 86, 87, 88, 89, 90, 91, 92, 93, 94, 95, 96]
		}
	]
}