{
	"credit": "Made with Blockbench by Juknum",
	"parent": "block/block",
	"gui_light": "side",
	"texture_size": [128, 64],
	"textures": {
		"0": "models/armor/gold_layer_1",
		"particle": "models/armor/gold_layer_1"
	},
	"elements": [
		{
			"from": [15, 8, 0],
			"to": [16, 16, 16],
			"rotation": {"angle": 0, "axis": "y", "origin": [8, 16, 8]},
			"faces": {
				"north": {"uv": [2, 4, 2.125, 6], "texture": "#0"},
				"east": {"uv": [0, 4, 2, 6], "texture": "#0"},
				"south": {"uv": [7.875, 4, 8, 6], "texture": "#0"},
				"west": {"uv": [4, 4, 6, 6], "texture": "#0"},
				"up": {"uv": [2, 0, 2.125, 4], "rotation": 180, "texture": "#0"},
				"down": {"uv": [0, 5.75, 2, 6], "rotation": 90, "texture": "#0"}
			}
		},
		{
			"from": [15, 7, 7],
			"to": [16, 8, 15],
			"rotation": {"angle": 0, "axis": "y", "origin": [8, 16, 8]},
			"faces": {
				"north": {"uv": [1, 6, 1.125, 6.25], "texture": "#0"},
				"east": {"uv": [0.125, 6, 1.125, 6.25], "texture": "#0"},
				"west": {"uv": [0.125, 6, 1.125, 6.25], "rotation": 180, "texture": "#0"},
				"down": {"uv": [0.125, 6, 1.125, 6.25], "rotation": 90, "texture": "#0"}
			}
		},
		{
			"from": [0, 6, 8],
			"to": [1, 7, 15],
			"rotation": {"angle": 0, "axis": "y", "origin": [8, 16, 8]},
			"faces": {
				"north": {"uv": [0.875, 6.25, 1, 6.5], "texture": "#0"},
				"east": {"uv": [0.125, 6.25, 1, 6.5], "texture": "#0"},
				"west": {"uv": [0.125, 6.25, 1, 6.5], "rotation": 180, "texture": "#0"},
				"down": {"uv": [0.125, 6.25, 1, 6.5], "rotation": 90, "texture": "#0"}
			}
		},
		{
			"from": [15, 6, 8],
			"to": [16, 7, 15],
			"rotation": {"angle": 0, "axis": "y", "origin": [8, 16, 8]},
			"faces": {
				"north": {"uv": [0.875, 6.25, 1, 6.5], "texture": "#0"},
				"east": {"uv": [0.125, 6.25, 1, 6.5], "texture": "#0"},
				"west": {"uv": [0.125, 6.25, 1, 6.5], "rotation": 180, "texture": "#0"},
				"down": {"uv": [0.125, 6.25, 1, 6.5], "rotation": 90, "texture": "#0"}
			}
		},
		{
			"from": [0, 7, 7],
			"to": [1, 8, 15],
			"rotation": {"angle": 0, "axis": "y", "origin": [8, 16, 8]},
			"faces": {
				"north": {"uv": [1, 6, 1.125, 6.25], "texture": "#0"},
				"east": {"uv": [0.125, 6, 1.125, 6.25], "texture": "#0"},
				"west": {"uv": [0.125, 6, 1.125, 6.25], "rotation": 180, "texture": "#0"},
				"down": {"uv": [0.125, 6, 1.125, 6.25], "rotation": 90, "texture": "#0"}
			}
		},
		{
			"from": [1, 15, 0],
			"to": [15, 16, 15],
			"rotation": {"angle": 0, "axis": "y", "origin": [8, 16, 8]},
			"faces": {
				"north": {"uv": [2.125, 4, 3.875, 4.25], "texture": "#0"},
				"up": {"uv": [2.125, 0.25, 3.875, 4], "rotation": 180, "texture": "#0"},
				"down": {"uv": [2.125, 0.25, 3.875, 4], "texture": "#0"}
			}
		},
		{
			"from": [0, 8, 0],
			"to": [1, 16, 16],
			"rotation": {"angle": 0, "axis": "y", "origin": [8, 16, 8]},
			"faces": {
				"north": {"uv": [2, 4, 2.125, 6], "texture": "#0"},
				"east": {"uv": [0, 4, 2, 6], "texture": "#0"},
				"south": {"uv": [7.875, 4, 8, 6], "texture": "#0"},
				"west": {"uv": [4, 4, 6, 6], "texture": "#0"},
				"up": {"uv": [2, 0, 2.125, 4], "rotation": 180, "texture": "#0"},
				"down": {"uv": [0, 5.75, 2, 6], "rotation": 90, "texture": "#0"}
			}
		},
		{
			"from": [1, 8, 15],
			"to": [15, 16, 16],
			"rotation": {"angle": 0, "axis": "y", "origin": [8, 16, 8]},
			"faces": {
				"north": {"uv": [6.125, 4, 7.875, 6], "texture": "#0"},
				"south": {"uv": [6.125, 4, 7.875, 6], "texture": "#0"},
				"up": {"uv": [2.125, 0, 3.875, 0.25], "rotation": 180, "texture": "#0"}
			}
		},
		{
			"from": [0, 4, 15],
			"to": [16, 8, 16],
			"rotation": {"angle": 0, "axis": "y", "origin": [8, 16, 8]},
			"faces": {
				"north": {"uv": [6, 6, 8, 7], "texture": "#0"},
				"east": {"uv": [7.875, 6, 8, 7], "texture": "#0"},
				"south": {"uv": [6, 6, 8, 7], "texture": "#0"},
				"west": {"uv": [6, 6, 6.125, 7], "texture": "#0"},
				"down": {"uv": [6, 6.75, 8, 7], "rotation": 180, "texture": "#0"}
			}
		},
		{
			"from": [3, 3, 15],
			"to": [13, 4, 16],
			"rotation": {"angle": 0, "axis": "y", "origin": [8, 16, 8]},
			"faces": {
				"north": {"uv": [6.375, 7, 7.625, 7.25], "texture": "#0"},
				"east": {"uv": [7.5, 7, 7.625, 7.25], "texture": "#0"},
				"south": {"uv": [6.375, 7, 7.625, 7.25], "texture": "#0"},
				"west": {"uv": [6.375, 7, 6.5, 7.25], "texture": "#0"},
				"down": {"uv": [6.375, 7, 7.625, 7.25], "rotation": 180, "texture": "#0"}
			}
		},
		{
			"from": [4, 2, 15],
			"to": [12, 3, 16],
			"rotation": {"angle": 0, "axis": "y", "origin": [8, 16, 8]},
			"faces": {
				"north": {"uv": [6.5, 7.25, 7.5, 7.5], "texture": "#0"},
				"east": {"uv": [7.375, 7.25, 7.5, 7.5], "texture": "#0"},
				"south": {"uv": [6.5, 7.25, 7.5, 7.5], "texture": "#0"},
				"west": {"uv": [6.5, 7.25, 6.625, 7.5], "texture": "#0"},
				"down": {"uv": [6.5, 7.25, 7.5, 7.5], "rotation": 180, "texture": "#0"}
			}
		},
		{
			"from": [1, 10, 0],
			"to": [15, 15, 1],
			"rotation": {"angle": 0, "axis": "y", "origin": [8, 16, 8]},
			"faces": {
				"north": {"uv": [2.125, 4.25, 3.875, 5.5], "texture": "#0"},
				"south": {"uv": [2.125, 4.25, 3.875, 5.5], "texture": "#0"},
				"down": {"uv": [2.125, 5.25, 3.875, 5.5], "rotation": 180, "texture": "#0"}
			}
		},
		{
			"from": [14, 8, 0],
			"to": [15, 10, 1],
			"rotation": {"angle": 0, "axis": "y", "origin": [8, 16, 8]},
			"faces": {
				"north": {"uv": [2.125, 5.5, 2.25, 6], "texture": "#0"},
				"south": {"uv": [2.125, 5.5, 2.25, 6], "texture": "#0"},
				"west": {"uv": [2.125, 5.5, 2.25, 6], "texture": "#0"},
				"down": {"uv": [2.125, 5.75, 2.25, 6], "rotation": 180, "texture": "#0"}
			}
		},
		{
			"from": [1, 8, 0],
			"to": [2, 10, 1],
			"rotation": {"angle": 0, "axis": "y", "origin": [8, 16, 8]},
			"faces": {
				"north": {"uv": [3.75, 5.5, 3.875, 6], "texture": "#0"},
				"east": {"uv": [3.75, 5.5, 3.875, 6], "texture": "#0"},
				"south": {"uv": [3.75, 5.5, 3.875, 6], "texture": "#0"},
				"down": {"uv": [3.75, 5.75, 3.875, 6], "rotation": 180, "texture": "#0"}
			}
		},
		{
			"from": [6, 6, 0],
			"to": [10, 10, 1],
			"rotation": {"angle": 0, "axis": "y", "origin": [8, 16, 8]},
			"faces": {
				"north": {"uv": [2.75, 5.5, 3.25, 6.5], "texture": "#0"},
				"east": {"uv": [2.75, 5.5, 2.875, 6.5], "texture": "#0"},
				"south": {"uv": [2.75, 5.5, 3.25, 6.5], "texture": "#0"},
				"west": {"uv": [2.75, 5.5, 2.875, 6.5], "texture": "#0"},
				"down": {"uv": [2.75, 6.25, 3.25, 6.5], "rotation": 180, "texture": "#0"}
			}
		}
	],
	"display": {
		"thirdperson_righthand": {
			"rotation": [-7, -180, 0],
			"scale": [0.3, 0.3, 0.3]
		},
		"thirdperson_lefthand": {
			"rotation": [-7, -180, 0],
			"scale": [0.3, 0.3, 0.3]
		},
		"firstperson_righthand": {
			"rotation": [-5, 120, 0],
			"translation": [0, 1, 2.5],
			"scale": [0.4, 0.4, 0.4]
		},
		"firstperson_lefthand": {
			"rotation": [-5, 120, 0],
			"translation": [0, 1, 2.5],
			"scale": [0.4, 0.4, 0.4]
		},
		"gui": {
			"rotation": [13, 153.5, 0],
			"scale": [0.66445, 0.66445, 0.66445]
		},
		"fixed": {
			"scale": [0.4, 0.4, 0.4]
		}
	}
}