{
	"credit": "Made with Blockbench by Juknum",
	"parent": "item/golden_helmet",
	"texture_size": [128, 64],
	"textures": {
		"1": "models/armor/leather_layer_2",
		"2": "models/armor/leather_layer_2_overlay",
		"particle": "models/armor/leather_layer_2_overlay"
	},
	"elements": [
		{
			"from": [-0.5, 12, 3.5],
			"to": [16.5, 20, 4],
			"rotation": {"angle": 0, "axis": "y", "origin": [7.5, 20, 11.5]},
			"faces": {
				"north": {"uv": [5, 13.5, 7, 15.5], "texture": "#2"},
				"east": {"uv": [4.875, 13.5, 5, 15.5], "texture": "#2"},
				"south": {"uv": [5, 13.5, 7, 15.5], "texture": "#2"},
				"west": {"uv": [7, 13.5, 7.125, 15.5], "texture": "#2"},
				"up": {"uv": [5, 13.5, 7, 13.75], "texture": "#2"},
				"down": {"uv": [5, 13.5, 7, 13.75], "texture": "#2"}
			}
		},
		{
			"from": [16, 12, 4],
			"to": [16.5, 20, 12],
			"rotation": {"angle": 0, "axis": "y", "origin": [7.5, 20, 12]},
			"faces": {
				"north": {"uv": [5, 13.5, 7, 15.5], "texture": "#2"},
				"east": {"uv": [4.0625, 13.5, 4.9375, 15.5], "texture": "#2"},
				"south": {"uv": [5, 13.5, 7, 15.5], "texture": "#2"},
				"west": {"uv": [4.0625, 13.5, 4.9375, 15.5], "texture": "#2"},
				"up": {"uv": [5, 13.5, 4, 13.625], "rotation": 90, "texture": "#2"},
				"down": {"uv": [4, 13.5, 5, 13.625], "rotation": 90, "texture": "#2"}
			}
		},
		{
			"from": [-0.5, 12, 4],
			"to": [0, 20, 12],
			"rotation": {"angle": 0, "axis": "y", "origin": [-9, 20, 12]},
			"faces": {
				"north": {"uv": [5, 13.5, 7, 15.5], "texture": "#2"},
				"east": {"uv": [4.0625, 13.5, 4.9375, 15.5], "texture": "#2"},
				"south": {"uv": [5, 13.5, 7, 15.5], "texture": "#2"},
				"west": {"uv": [4.0625, 13.5, 4.9375, 15.5], "texture": "#2"},
				"up": {"uv": [5, 13.5, 4, 13.625], "rotation": 90, "texture": "#2"},
				"down": {"uv": [4, 13.5, 5, 13.625], "rotation": 90, "texture": "#2"}
			}
		},
		{
			"from": [-0.5, 12, 12],
			"to": [16.5, 20, 12.5],
			"rotation": {"angle": 0, "axis": "y", "origin": [7.5, 20, 20]},
			"faces": {
				"north": {"uv": [5, 13.5, 7, 15.5], "texture": "#2"},
				"east": {"uv": [4, 13.5, 4.125, 15.5], "texture": "#2"},
				"south": {"uv": [5, 13.5, 7, 15.5], "texture": "#2"},
				"west": {"uv": [7.875, 13.5, 8, 15.5], "texture": "#2"},
				"up": {"uv": [5, 13.5, 7, 13.75], "texture": "#2"},
				"down": {"uv": [5, 13.5, 7, 13.75], "texture": "#2"}
			}
		},
		{
			"from": [0, 10, 4],
			"to": [16, 20, 5],
			"rotation": {"angle": 0, "axis": "y", "origin": [8, 18, 12]},
			"faces": {
				"north": {"uv": [5, 13.5, 7, 16], "texture": "#1", "tintindex": 0},
				"east": {"uv": [4.875, 13.5, 5, 16], "texture": "#1", "tintindex": 0},
				"south": {"uv": [7, 13.5, 5, 16], "texture": "#1", "tintindex": 0},
				"west": {"uv": [7, 13.5, 7.125, 16], "texture": "#1", "tintindex": 0},
				"up": {"uv": [7, 13.5, 5, 13.75], "texture": "#1", "tintindex": 0},
				"down": {"uv": [5, 15.75, 7, 16], "texture": "#1", "tintindex": 0}
			}
		},
		{
			"from": [0, 10, 11],
			"to": [16, 20, 12],
			"rotation": {"angle": 0, "axis": "y", "origin": [8, 18, 19]},
			"faces": {
				"north": {"uv": [10, 13.5, 8, 16], "texture": "#1", "tintindex": 0},
				"east": {"uv": [4, 13.5, 4.125, 16], "texture": "#1", "tintindex": 0},
				"south": {"uv": [8, 13.5, 10, 16], "texture": "#1", "tintindex": 0},
				"west": {"uv": [7.875, 13.5, 8, 16], "texture": "#1", "tintindex": 0},
				"up": {"uv": [10, 13.5, 8, 13.75], "texture": "#1", "tintindex": 0},
				"down": {"uv": [8, 15.75, 10, 16], "texture": "#1", "tintindex": 0}
			}
		},
		{
			"from": [15, 10, 5],
			"to": [16, 20, 11],
			"rotation": {"angle": 0, "axis": "y", "origin": [23, 18, 13]},
			"faces": {
				"east": {"uv": [7.875, 13.5, 7.125, 16], "texture": "#1", "tintindex": 0},
				"west": {"uv": [7.125, 13.5, 7.875, 16], "texture": "#1", "tintindex": 0},
				"up": {"uv": [4.875, 13.5, 4.125, 13.75], "rotation": 90, "texture": "#1", "tintindex": 0},
				"down": {"uv": [7.125, 15.75, 7.875, 16], "rotation": 90, "texture": "#1", "tintindex": 0}
			}
		},
		{
			"from": [0, 10, 5],
			"to": [1, 20, 11],
			"rotation": {"angle": 0, "axis": "y", "origin": [8, 18, 13]},
			"faces": {
				"east": {"uv": [7.875, 13.5, 7.125, 16], "texture": "#1", "tintindex": 0},
				"west": {"uv": [7.125, 13.5, 7.875, 16], "texture": "#1", "tintindex": 0},
				"up": {"uv": [7.875, 13.5, 7.125, 13.75], "rotation": 90, "texture": "#1", "tintindex": 0},
				"down": {"uv": [7.125, 15.75, 7.875, 16], "rotation": 90, "texture": "#1", "tintindex": 0}
			}
		},
		{
			"from": [7.9, -4, 7.2],
			"to": [15.9, 14, 8.2],
			"rotation": {"angle": -22.5, "axis": "x", "origin": [15.9, 4, 15.2]},
			"faces": {
				"north": {"uv": [1, 10, 2, 14.5], "texture": "#1", "tintindex": 0},
				"south": {"uv": [2, 10, 1, 14.5], "texture": "#1", "tintindex": 0},
				"up": {"uv": [3, 10, 4, 10.25], "texture": "#1", "tintindex": 0},
				"down": {"uv": [1, 14.25, 2, 14.5], "texture": "#1", "tintindex": 0}
			}
		},
		{
			"from": [7.9, -4, 7.2],
			"to": [8.9, 14, 15.2],
			"rotation": {"angle": -22.5, "axis": "x", "origin": [15.9, 4, 15.2]},
			"faces": {
				"east": {"uv": [3, 10, 2, 14.5], "texture": "#1", "tintindex": 0},
				"west": {"uv": [2, 10, 3, 14.5], "texture": "#1", "tintindex": 0},
				"up": {"uv": [3, 10, 2, 10.25], "rotation": 270, "texture": "#1", "tintindex": 0},
				"down": {"uv": [2, 14.25, 3, 14.5], "rotation": 270, "texture": "#1", "tintindex": 0}
			}
		},
		{
			"from": [14.9, -4, 7.2],
			"to": [15.9, 14, 15.2],
			"rotation": {"angle": -22.5, "axis": "x", "origin": [15.9, 4, 15.2]},
			"faces": {
				"east": {"uv": [1, 10, 0, 14.5], "texture": "#1", "tintindex": 0},
				"west": {"uv": [0, 10, 1, 14.5], "texture": "#1", "tintindex": 0},
				"up": {"uv": [2.625, 10, 3.625, 10.25], "rotation": 90, "texture": "#1", "tintindex": 0},
				"down": {"uv": [1, 14.25, 0, 14.5], "rotation": 90, "texture": "#1", "tintindex": 0}
			}
		},
		{
			"from": [7.9, -4, 14.2],
			"to": [15.9, 14, 15.2],
			"rotation": {"angle": -22.5, "axis": "x", "origin": [15.9, 4, 15.2]},
			"faces": {
				"north": {"uv": [4, 10, 3, 14.5], "texture": "#1", "tintindex": 0},
				"south": {"uv": [3, 10, 4, 14.5], "texture": "#1", "tintindex": 0},
				"up": {"uv": [2.625, 10, 3.625, 10.25], "texture": "#1", "tintindex": 0},
				"down": {"uv": [1.125, 14.25, 2, 14.5], "texture": "#1", "tintindex": 0}
			}
		},
		{
			"from": [7.9, 2.6, 1.8],
			"to": [15.9, 6.6, 2.3],
			"rotation": {"angle": -22.5, "axis": "x", "origin": [17.9, 15.6, 9.3]},
			"faces": {
				"north": {"uv": [1, 11.5, 2, 12.5], "texture": "#2"},
				"east": {"uv": [1.625, 12.75, 1.75, 13], "texture": "#2"},
				"west": {"uv": [1.25, 12.75, 1.375, 13], "texture": "#2"},
				"up": {"uv": [1, 11.5, 2, 11.75], "texture": "#2"},
				"down": {"uv": [1, 12.25, 2, 12.5], "texture": "#2"}
			}
		},
		{
			"from": [8.9, 6.6, 1.8],
			"to": [14.9, 7.6, 2.3],
			"rotation": {"angle": -22.5, "axis": "x", "origin": [17.9, 15.6, 9.3]},
			"faces": {
				"north": {"uv": [1.125, 11.25, 1.875, 11.5], "texture": "#2"},
				"east": {"uv": [1.625, 12.75, 1.75, 13], "texture": "#2"},
				"west": {"uv": [1.25, 12.75, 1.375, 13], "texture": "#2"},
				"up": {"uv": [1.125, 12.5, 1.875, 12.75], "texture": "#2"},
				"down": {"uv": [1.125, 12.5, 1.875, 12.75], "texture": "#2"}
			}
		},
		{
			"from": [8.9, 1.6, 1.8],
			"to": [14.9, 2.6, 2.3],
			"rotation": {"angle": -22.5, "axis": "x", "origin": [17.9, 15.6, 9.3]},
			"faces": {
				"north": {"uv": [1.125, 12.5, 1.875, 12.75], "texture": "#2"},
				"east": {"uv": [1.625, 12.75, 1.75, 13], "texture": "#2"},
				"west": {"uv": [1.25, 12.75, 1.375, 13], "texture": "#2"},
				"up": {"uv": [1.125, 12.5, 1.875, 12.75], "texture": "#2"},
				"down": {"uv": [1.125, 12.5, 1.875, 12.75], "texture": "#2"}
			}
		},
		{
			"from": [9.9, 7.6, 1.8],
			"to": [13.9, 8.6, 2.3],
			"rotation": {"angle": -22.5, "axis": "x", "origin": [17.9, 15.6, 9.3]},
			"faces": {
				"north": {"uv": [1.25, 12.75, 1.75, 13], "texture": "#2"},
				"east": {"uv": [1.625, 12.75, 1.75, 13], "texture": "#2"},
				"west": {"uv": [1.25, 12.75, 1.375, 13], "texture": "#2"},
				"up": {"uv": [1.25, 12.75, 1.75, 13], "texture": "#2"},
				"down": {"uv": [1.25, 12.75, 1.75, 13], "texture": "#2"}
			}
		},
		{
			"from": [9.9, 0.6, 1.8],
			"to": [13.9, 1.6, 2.3],
			"rotation": {"angle": -22.5, "axis": "x", "origin": [17.9, 15.6, 9.3]},
			"faces": {
				"north": {"uv": [1.25, 12.75, 1.75, 13], "texture": "#2"},
				"east": {"uv": [1.625, 12.75, 1.75, 13], "texture": "#2"},
				"west": {"uv": [1.25, 12.75, 1.375, 13], "texture": "#2"},
				"up": {"uv": [1.25, 12.75, 1.75, 13], "texture": "#2"},
				"down": {"uv": [1.25, 12.75, 1.75, 13], "texture": "#2"}
			}
		},
		{
			"from": [0.1, 0.1, 4.6],
			"to": [8.1, 4.1, 5.1],
			"rotation": {"angle": 22.5, "axis": "x", "origin": [10.1, 13.1, 12.1]},
			"faces": {
				"north": {"uv": [1, 11.5, 2, 12.5], "texture": "#2"},
				"east": {"uv": [1.625, 12.75, 1.75, 13], "texture": "#2"},
				"west": {"uv": [1.25, 12.75, 1.375, 13], "texture": "#2"},
				"up": {"uv": [1, 11.5, 2, 11.75], "texture": "#2"},
				"down": {"uv": [1, 12.25, 2, 12.5], "texture": "#2"}
			}
		},
		{
			"from": [1.1, 4.1, 4.6],
			"to": [7.1, 5.1, 5.1],
			"rotation": {"angle": 22.5, "axis": "x", "origin": [10.1, 13.1, 12.1]},
			"faces": {
				"north": {"uv": [1.125, 11.25, 1.875, 11.5], "texture": "#2"},
				"east": {"uv": [1.625, 12.75, 1.75, 13], "texture": "#2"},
				"west": {"uv": [1.25, 12.75, 1.375, 13], "texture": "#2"},
				"up": {"uv": [1.125, 12.5, 1.875, 12.75], "texture": "#2"},
				"down": {"uv": [1.125, 12.5, 1.875, 12.75], "texture": "#2"}
			}
		},
		{
			"from": [1.1, -0.9, 4.6],
			"to": [7.1, 0.1, 5.1],
			"rotation": {"angle": 22.5, "axis": "x", "origin": [10.1, 13.1, 12.1]},
			"faces": {
				"north": {"uv": [1.125, 12.5, 1.875, 12.75], "texture": "#2"},
				"east": {"uv": [1.625, 12.75, 1.75, 13], "texture": "#2"},
				"west": {"uv": [1.25, 12.75, 1.375, 13], "texture": "#2"},
				"up": {"uv": [1.125, 12.5, 1.875, 12.75], "texture": "#2"},
				"down": {"uv": [1.125, 12.5, 1.875, 12.75], "texture": "#2"}
			}
		},
		{
			"from": [2.1, 5.1, 4.6],
			"to": [6.1, 6.1, 5.1],
			"rotation": {"angle": 22.5, "axis": "x", "origin": [10.1, 13.1, 12.1]},
			"faces": {
				"north": {"uv": [1.25, 12.75, 1.75, 13], "texture": "#2"},
				"east": {"uv": [1.625, 12.75, 1.75, 13], "texture": "#2"},
				"west": {"uv": [1.25, 12.75, 1.375, 13], "texture": "#2"},
				"up": {"uv": [1.25, 12.75, 1.75, 13], "texture": "#2"},
				"down": {"uv": [1.25, 12.75, 1.75, 13], "texture": "#2"}
			}
		},
		{
			"from": [2.1, -1.9, 4.6],
			"to": [6.1, -0.9, 5.1],
			"rotation": {"angle": 22.5, "axis": "x", "origin": [10.1, 13.1, 12.1]},
			"faces": {
				"north": {"uv": [1.25, 12.75, 1.75, 13], "texture": "#2"},
				"east": {"uv": [1.625, 12.75, 1.75, 13], "texture": "#2"},
				"west": {"uv": [1.25, 12.75, 1.375, 13], "texture": "#2"},
				"up": {"uv": [1.25, 12.75, 1.75, 13], "texture": "#2"},
				"down": {"uv": [1.25, 12.75, 1.75, 13], "texture": "#2"}
			}
		},
		{
			"from": [0.1, -7.25, 0],
			"to": [8.1, 10.75, 1],
			"rotation": {"angle": 22.5, "axis": "x", "origin": [8.1, 0.75, 8]},
			"faces": {
				"north": {"uv": [2, 10, 1, 14.5], "texture": "#1", "tintindex": 0},
				"south": {"uv": [2, 10, 1, 14.5], "texture": "#1", "tintindex": 0},
				"up": {"uv": [2.625, 10, 3.625, 10.25], "rotation": 180, "texture": "#1", "tintindex": 0},
				"down": {"uv": [1, 14.25, 2, 14.5], "texture": "#1", "tintindex": 0}
			}
		},
		{
			"from": [0.1, -7.25, 0],
			"to": [1.1, 10.75, 8],
			"rotation": {"angle": 22.5, "axis": "x", "origin": [8.1, 0.75, 8]},
			"faces": {
				"east": {"uv": [3, 10, 2, 14.5], "texture": "#1", "tintindex": 0},
				"west": {"uv": [0, 10, 1, 14.5], "texture": "#1", "tintindex": 0},
				"up": {"uv": [3, 10, 2, 10.25], "rotation": 270, "texture": "#1", "tintindex": 0},
				"down": {"uv": [2, 14.25, 3, 14.5], "rotation": 270, "texture": "#1", "tintindex": 0}
			}
		},
		{
			"from": [7.1, -7.25, 0],
			"to": [8.1, 10.75, 8],
			"rotation": {"angle": 22.5, "axis": "x", "origin": [8.1, 0.75, 8]},
			"faces": {
				"east": {"uv": [3, 10, 2, 14.5], "texture": "#1", "tintindex": 0},
				"west": {"uv": [2, 10, 3, 14.5], "texture": "#1", "tintindex": 0},
				"up": {"uv": [2, 10, 3, 10.25], "rotation": 270, "texture": "#1", "tintindex": 0},
				"down": {"uv": [1, 14.25, 0, 14.5], "rotation": 90, "texture": "#1", "tintindex": 0}
			}
		},
		{
			"from": [0.1, -7.25, 7],
			"to": [8.1, 10.75, 8],
			"rotation": {"angle": 22.5, "axis": "x", "origin": [8.1, 0.75, 8]},
			"faces": {
				"north": {"uv": [3, 10, 4, 14.5], "texture": "#1", "tintindex": 0},
				"south": {"uv": [4, 10, 3, 14.5], "texture": "#1", "tintindex": 0},
				"up": {"uv": [2.625, 10, 3.625, 10.25], "texture": "#1", "tintindex": 0},
				"down": {"uv": [1.125, 14.25, 2, 14.5], "texture": "#1", "tintindex": 0}
			}
		}
	],
	"display": {
		"thirdperson_righthand": {
			"rotation": [55, 0, 0],
			"translation": [0, -0.5, -0.75],
			"scale": [0.3, 0.3, 0.3]
		},
		"thirdperson_lefthand": {
			"rotation": [55, 0, 0],
			"translation": [0, -0.5, -0.75],
			"scale": [0.3, 0.3, 0.3]
		},
		"firstperson_righthand": {
			"rotation": [-5, 120, 0],
			"translation": [0, -0.75, 2.5],
			"scale": [0.4, 0.4, 0.4]
		},
		"firstperson_lefthand": {
			"rotation": [-5, 120, 0],
			"translation": [0, -0.75, 2.5],
			"scale": [0.4, 0.4, 0.4]
		},
		"gui": {
			"rotation": [13, -26.5, 0],
			"translation": [0, 0.5, 0],
			"scale": [0.46875, 0.46875, 0.46875]
		},
		"head": {
			"translation": [0, -28, 0]
		},
		"fixed": {
			"translation": [0, 0.5, 0],
			"scale": [0.4, 0.4, 0.4]
		}
	},
	"groups": [
		{
			"name": "top",
			"origin": [8, 18, 13],
			"children": [0, 1, 2, 3, 4, 5, 6, 7]
		},
		{
			"name": "bottom left",
			"origin": [8, 8, 8],
			"children": [8, 9, 10, 11, 12, 13, 14, 15, 16]
		},
		{
			"name": "bottom right",
			"origin": [8, 8, 8],
			"children": [17, 18, 19, 20, 21, 22, 23, 24, 25]
		}
	]
}