{
	"credit": "Made with Blockbench by Juknum",
	"parent": "item/door_display",
	"textures": {
		"texture": "block/spruce_door_bottom",
		"texture1": "block/spruce_door_special",
		"particle": "block/spruce_door_top",
		"1_texture": "block/spruce_door_top"
	},
	"elements": [
		{
			"from": [0, 0, 7],
			"to": [16, 16, 10],
			"faces": {
				"north": {"uv": [16, 0, 0, 16], "texture": "#texture"},
				"east": {"uv": [0, 3.25, 8, 4.75], "rotation": 270, "texture": "#texture1", "cullface": "south"},
				"south": {"uv": [0, 0, 16, 16], "texture": "#texture", "cullface": "west"},
				"west": {"uv": [0, 6.5, 8, 8], "rotation": 270, "texture": "#texture1", "cullface": "north"},
				"up": {"uv": [0, 0, 8, 1.5], "rotation": 180, "texture": "#texture1", "cullface": "up"},
				"down": {"uv": [0, 13.25, 8, 14.75], "rotation": 180, "texture": "#texture1", "cullface": "down"}
			}
		},
		{
			"from": [-0.25, 4.5, 9.5],
			"to": [0.5, 5.5, 10.25],
			"faces": {
				"north": {"uv": [0, 10.5, 0.5, 11.5], "texture": "#texture"},
				"east": {"uv": [0.5, 10.5, 0, 11.5], "texture": "#texture"},
				"south": {"uv": [0, 10.5, 0.5, 11.5], "texture": "#texture"},
				"west": {"uv": [0, 10.5, 0.5, 11.5], "texture": "#texture"},
				"up": {"uv": [0, 10.5, 0.5, 11], "rotation": 270, "texture": "#texture"},
				"down": {"uv": [0, 11, 0.5, 11.5], "rotation": 90, "texture": "#texture"}
			}
		},
		{
			"from": [-0.25, 4.5, 6.75],
			"to": [0.5, 5.5, 7.5],
			"faces": {
				"north": {"uv": [0, 10.5, 0.5, 11.5], "texture": "#texture"},
				"east": {"uv": [0.5, 10.5, 0, 11.5], "texture": "#texture"},
				"south": {"uv": [0, 10.5, 0.5, 11.5], "texture": "#texture"},
				"west": {"uv": [0, 10.5, 0.5, 11.5], "texture": "#texture"},
				"up": {"uv": [0, 10.5, 0.5, 11], "rotation": 270, "texture": "#texture"},
				"down": {"uv": [0, 11, 0.5, 11.5], "rotation": 90, "texture": "#texture"}
			}
		},
		{
			"from": [-0.25, 15.5, 6.75],
			"to": [0.5, 16.5, 7.5],
			"faces": {
				"north": {"uv": [0, 10.5, 0.5, 11.5], "texture": "#texture"},
				"east": {"uv": [0.5, 10.5, 0, 11.5], "texture": "#texture"},
				"south": {"uv": [0, 10.5, 0.5, 11.5], "texture": "#texture"},
				"west": {"uv": [0, 10.5, 0.5, 11.5], "texture": "#texture"},
				"up": {"uv": [0, 10.5, 0.5, 11], "rotation": 270, "texture": "#texture"},
				"down": {"uv": [0, 11, 0.5, 11.5], "rotation": 90, "texture": "#texture"}
			}
		},
		{
			"from": [-0.25, 15.5, 9.5],
			"to": [0.5, 16.5, 10.25],
			"faces": {
				"north": {"uv": [0, 10.5, 0.5, 11.5], "texture": "#texture"},
				"east": {"uv": [0.5, 10.5, 0, 11.5], "texture": "#texture"},
				"south": {"uv": [0, 10.5, 0.5, 11.5], "texture": "#texture"},
				"west": {"uv": [0, 10.5, 0.5, 11.5], "texture": "#texture"},
				"up": {"uv": [0, 10.5, 0.5, 11], "rotation": 270, "texture": "#texture"},
				"down": {"uv": [0, 11, 0.5, 11.5], "rotation": 90, "texture": "#texture"}
			}
		},
		{
			"name": "spruce_door_bottom_0",
			"from": [11, 15.5, 10],
			"to": [13, 16, 10.5],
			"faces": {
				"east": {"uv": [12.5, 0, 13, 0.5], "texture": "#texture", "cullface": "west"},
				"south": {"uv": [11, 0, 13, 0.5], "texture": "#texture", "cullface": "west"},
				"west": {"uv": [11, 0, 11.5, 0.5], "texture": "#texture", "cullface": "west"},
				"up": {"uv": [13, 0, 11, 0.5], "rotation": 180, "texture": "#texture", "cullface": "west"},
				"down": {"uv": [11, 0, 13, 0.5], "texture": "#texture", "cullface": "west"}
			}
		},
		{
			"name": "spruce_door_bottom_1",
			"from": [10.5, 15, 10],
			"to": [11.5, 15.5, 10.5],
			"faces": {
				"east": {"uv": [11, 0.5, 11.5, 1], "texture": "#texture", "cullface": "west"},
				"south": {"uv": [10.5, 0.5, 11.5, 1], "texture": "#texture", "cullface": "west"},
				"west": {"uv": [10.5, 0.5, 11, 1], "texture": "#texture", "cullface": "west"},
				"up": {"uv": [11.5, 0.5, 10.5, 1], "rotation": 180, "texture": "#texture", "cullface": "west"},
				"down": {"uv": [10.5, 0.5, 11.5, 1], "texture": "#texture", "cullface": "west"}
			}
		},
		{
			"name": "spruce_door_bottom_2",
			"from": [12.5, 15, 10],
			"to": [13.5, 15.5, 10.5],
			"faces": {
				"east": {"uv": [13, 0.5, 13.5, 1], "texture": "#texture", "cullface": "west"},
				"south": {"uv": [12.5, 0.5, 13.5, 1], "texture": "#texture", "cullface": "west"},
				"west": {"uv": [12.5, 0.5, 13, 1], "texture": "#texture", "cullface": "west"},
				"up": {"uv": [13.5, 0.5, 12.5, 1], "rotation": 180, "texture": "#texture", "cullface": "west"},
				"down": {"uv": [12.5, 0.5, 13.5, 1], "texture": "#texture", "cullface": "west"}
			}
		},
		{
			"name": "spruce_door_bottom_3",
			"from": [10, 14.5, 10],
			"to": [11, 15, 10.5],
			"faces": {
				"east": {"uv": [10.5, 1, 11, 1.5], "texture": "#texture", "cullface": "west"},
				"south": {"uv": [10, 1, 11, 1.5], "texture": "#texture", "cullface": "west"},
				"west": {"uv": [10, 1, 10.5, 1.5], "texture": "#texture", "cullface": "west"},
				"up": {"uv": [11, 1, 10, 1.5], "rotation": 180, "texture": "#texture", "cullface": "west"},
				"down": {"uv": [10, 1, 11, 1.5], "texture": "#texture", "cullface": "west"}
			}
		},
		{
			"name": "spruce_door_bottom_4",
			"from": [13, 14.5, 10],
			"to": [14, 15, 10.5],
			"faces": {
				"east": {"uv": [13.5, 1, 14, 1.5], "texture": "#texture", "cullface": "west"},
				"south": {"uv": [13, 1, 14, 1.5], "texture": "#texture", "cullface": "west"},
				"west": {"uv": [13, 1, 13.5, 1.5], "texture": "#texture", "cullface": "west"},
				"up": {"uv": [14, 1, 13, 1.5], "rotation": 180, "texture": "#texture", "cullface": "west"},
				"down": {"uv": [13, 1, 14, 1.5], "texture": "#texture", "cullface": "west"}
			}
		},
		{
			"name": "spruce_door_bottom_5",
			"from": [10, 13, 10],
			"to": [10.5, 14.5, 10.5],
			"faces": {
				"east": {"uv": [10, 1.5, 10.5, 3], "texture": "#texture", "cullface": "west"},
				"south": {"uv": [10, 1.5, 10.5, 3], "texture": "#texture", "cullface": "west"},
				"west": {"uv": [10, 1.5, 10.5, 3], "texture": "#texture", "cullface": "west"},
				"down": {"uv": [10, 2.5, 10.5, 3], "texture": "#texture", "cullface": "west"}
			}
		},
		{
			"name": "spruce_door_bottom_6",
			"from": [13.5, 13, 10],
			"to": [14, 14.5, 10.5],
			"faces": {
				"east": {"uv": [13.5, 1.5, 14, 3], "texture": "#texture", "cullface": "west"},
				"south": {"uv": [13.5, 1.5, 14, 3], "texture": "#texture", "cullface": "west"},
				"west": {"uv": [13.5, 1.5, 14, 3], "texture": "#texture", "cullface": "west"},
				"down": {"uv": [13.5, 2.5, 14, 3], "texture": "#texture", "cullface": "west"}
			}
		},
		{
			"name": "spruce_door_bottom_7",
			"from": [10.5, 12.5, 10],
			"to": [11, 13.5, 10.5],
			"faces": {
				"east": {"uv": [10.5, 2.5, 11, 3.5], "texture": "#texture", "cullface": "west"},
				"south": {"uv": [10.5, 2.5, 11, 3.5], "texture": "#texture", "cullface": "west"},
				"west": {"uv": [10.5, 2.5, 11, 3.5], "texture": "#texture", "cullface": "west"},
				"up": {"uv": [11, 2.5, 10.5, 3], "rotation": 180, "texture": "#texture", "cullface": "west"},
				"down": {"uv": [10.5, 3, 11, 3.5], "texture": "#texture", "cullface": "west"}
			}
		},
		{
			"name": "spruce_door_bottom_8",
			"from": [13, 12.5, 10],
			"to": [13.5, 13.5, 10.5],
			"faces": {
				"east": {"uv": [13, 2.5, 13.5, 3.5], "texture": "#texture", "cullface": "west"},
				"south": {"uv": [13, 2.5, 13.5, 3.5], "texture": "#texture", "cullface": "west"},
				"west": {"uv": [13, 2.5, 13.5, 3.5], "texture": "#texture", "cullface": "west"},
				"up": {"uv": [13.5, 2.5, 13, 3], "rotation": 180, "texture": "#texture", "cullface": "west"},
				"down": {"uv": [13, 3, 13.5, 3.5], "texture": "#texture", "cullface": "west"}
			}
		},
		{
			"name": "spruce_door_bottom_9",
			"from": [11, 12, 10],
			"to": [11.5, 13, 10.5],
			"faces": {
				"east": {"uv": [11, 3, 11.5, 4], "texture": "#texture", "cullface": "west"},
				"south": {"uv": [11, 3, 11.5, 4], "texture": "#texture", "cullface": "west"},
				"west": {"uv": [11, 3, 11.5, 4], "texture": "#texture", "cullface": "west"},
				"up": {"uv": [11.5, 3, 11, 3.5], "rotation": 180, "texture": "#texture", "cullface": "west"},
				"down": {"uv": [11, 3.5, 11.5, 4], "texture": "#texture", "cullface": "west"}
			}
		},
		{
			"name": "spruce_door_bottom_10",
			"from": [12.5, 12, 10],
			"to": [13, 13, 10.5],
			"faces": {
				"east": {"uv": [12.5, 3, 13, 4], "texture": "#texture", "cullface": "west"},
				"south": {"uv": [12.5, 3, 13, 4], "texture": "#texture", "cullface": "west"},
				"west": {"uv": [12.5, 3, 13, 4], "texture": "#texture", "cullface": "west"},
				"up": {"uv": [13, 3, 12.5, 3.5], "rotation": 180, "texture": "#texture", "cullface": "west"},
				"down": {"uv": [12.5, 3.5, 13, 4], "texture": "#texture", "cullface": "west"}
			}
		},
		{
			"name": "spruce_door_bottom_11",
			"from": [11.5, 12, 10],
			"to": [12.5, 12.5, 10.5],
			"faces": {
				"south": {"uv": [11.5, 3.5, 12.5, 4], "texture": "#texture", "cullface": "west"},
				"up": {"uv": [12.5, 3.5, 11.5, 4], "rotation": 180, "texture": "#texture", "cullface": "west"},
				"down": {"uv": [11.5, 3.5, 12.5, 4], "texture": "#texture", "cullface": "west"}
			}
		},
		{
			"name": "spruce_door_bottom_1",
			"from": [11, 15.5, 6.5],
			"to": [13, 16, 7],
			"faces": {
				"north": {"uv": [11, 0.5, 13, 0], "rotation": 180, "texture": "#texture"},
				"east": {"uv": [12.5, 0, 13, 0.5], "texture": "#texture"},
				"west": {"uv": [11, 0, 11.5, 0.5], "texture": "#texture"},
				"up": {"uv": [13, 0, 11, 0.5], "rotation": 180, "texture": "#texture"},
				"down": {"uv": [11, 0, 13, 0.5], "texture": "#texture"}
			}
		},
		{
			"name": "spruce_door_bottom_2",
			"from": [10.5, 15, 6.5],
			"to": [11.5, 15.5, 7],
			"faces": {
				"north": {"uv": [10.5, 1, 11.5, 0.5], "rotation": 180, "texture": "#texture"},
				"east": {"uv": [11, 0.5, 11.5, 1], "texture": "#texture"},
				"west": {"uv": [10.5, 0.5, 11, 1], "texture": "#texture"},
				"up": {"uv": [11.5, 0.5, 10.5, 1], "rotation": 180, "texture": "#texture"},
				"down": {"uv": [10.5, 0.5, 11.5, 1], "texture": "#texture"}
			}
		},
		{
			"name": "spruce_door_bottom_3",
			"from": [12.5, 15, 6.5],
			"to": [13.5, 15.5, 7],
			"faces": {
				"north": {"uv": [12.5, 1, 13.5, 0.5], "rotation": 180, "texture": "#texture"},
				"east": {"uv": [13, 0.5, 13.5, 1], "texture": "#texture"},
				"west": {"uv": [12.5, 0.5, 13, 1], "texture": "#texture"},
				"up": {"uv": [13.5, 0.5, 12.5, 1], "rotation": 180, "texture": "#texture"},
				"down": {"uv": [12.5, 0.5, 13.5, 1], "texture": "#texture"}
			}
		},
		{
			"name": "spruce_door_bottom_4",
			"from": [10, 14.5, 6.5],
			"to": [11, 15, 7],
			"faces": {
				"north": {"uv": [10, 1.5, 11, 1], "rotation": 180, "texture": "#texture"},
				"east": {"uv": [10.5, 1, 11, 1.5], "texture": "#texture"},
				"west": {"uv": [10, 1, 10.5, 1.5], "texture": "#texture"},
				"up": {"uv": [11, 1, 10, 1.5], "rotation": 180, "texture": "#texture"},
				"down": {"uv": [10, 1, 11, 1.5], "texture": "#texture"}
			}
		},
		{
			"name": "spruce_door_bottom_5",
			"from": [13, 14.5, 6.5],
			"to": [14, 15, 7],
			"faces": {
				"north": {"uv": [13, 1.5, 14, 1], "rotation": 180, "texture": "#texture"},
				"east": {"uv": [13.5, 1, 14, 1.5], "texture": "#texture"},
				"west": {"uv": [13, 1, 13.5, 1.5], "texture": "#texture"},
				"up": {"uv": [14, 1, 13, 1.5], "rotation": 180, "texture": "#texture"},
				"down": {"uv": [13, 1, 14, 1.5], "texture": "#texture"}
			}
		},
		{
			"name": "spruce_door_bottom_6",
			"from": [10, 13, 6.5],
			"to": [10.5, 14.5, 7],
			"faces": {
				"north": {"uv": [10, 3, 10.5, 1.5], "rotation": 180, "texture": "#texture"},
				"east": {"uv": [10, 1.5, 10.5, 3], "texture": "#texture"},
				"west": {"uv": [10, 1.5, 10.5, 3], "texture": "#texture"},
				"down": {"uv": [10, 2.5, 10.5, 3], "texture": "#texture"}
			}
		},
		{
			"name": "spruce_door_bottom_7",
			"from": [13.5, 13, 6.5],
			"to": [14, 14.5, 7],
			"faces": {
				"north": {"uv": [13.5, 3, 14, 1.5], "rotation": 180, "texture": "#texture"},
				"east": {"uv": [13.5, 1.5, 14, 3], "texture": "#texture"},
				"west": {"uv": [13.5, 1.5, 14, 3], "texture": "#texture"},
				"down": {"uv": [13.5, 2.5, 14, 3], "texture": "#texture"}
			}
		},
		{
			"name": "spruce_door_bottom_8",
			"from": [10.5, 12.5, 6.5],
			"to": [11, 13.5, 7],
			"faces": {
				"north": {"uv": [10.5, 3.5, 11, 2.5], "rotation": 180, "texture": "#texture"},
				"east": {"uv": [10.5, 2.5, 11, 3.5], "texture": "#texture"},
				"west": {"uv": [10.5, 2.5, 11, 3.5], "texture": "#texture"},
				"up": {"uv": [11, 2.5, 10.5, 3], "rotation": 180, "texture": "#texture"},
				"down": {"uv": [10.5, 3, 11, 3.5], "texture": "#texture"}
			}
		},
		{
			"name": "spruce_door_bottom_9",
			"from": [13, 12.5, 6.5],
			"to": [13.5, 13.5, 7],
			"faces": {
				"north": {"uv": [13, 3.5, 13.5, 2.5], "rotation": 180, "texture": "#texture"},
				"east": {"uv": [13, 2.5, 13.5, 3.5], "texture": "#texture"},
				"west": {"uv": [13, 2.5, 13.5, 3.5], "texture": "#texture"},
				"up": {"uv": [13.5, 2.5, 13, 3], "rotation": 180, "texture": "#texture"},
				"down": {"uv": [13, 3, 13.5, 3.5], "texture": "#texture"}
			}
		},
		{
			"name": "spruce_door_bottom_10",
			"from": [11, 12, 6.5],
			"to": [11.5, 13, 7],
			"faces": {
				"north": {"uv": [11, 4, 11.5, 3], "rotation": 180, "texture": "#texture"},
				"east": {"uv": [11, 3, 11.5, 4], "texture": "#texture"},
				"west": {"uv": [11, 3, 11.5, 4], "texture": "#texture"},
				"up": {"uv": [11.5, 3, 11, 3.5], "rotation": 180, "texture": "#texture"},
				"down": {"uv": [11, 3.5, 11.5, 4], "texture": "#texture"}
			}
		},
		{
			"name": "spruce_door_bottom_11",
			"from": [12.5, 12, 6.5],
			"to": [13, 13, 7],
			"faces": {
				"north": {"uv": [12.5, 4, 13, 3], "rotation": 180, "texture": "#texture"},
				"east": {"uv": [12.5, 3, 13, 4], "texture": "#texture"},
				"west": {"uv": [12.5, 3, 13, 4], "texture": "#texture"},
				"up": {"uv": [13, 3, 12.5, 3.5], "rotation": 180, "texture": "#texture"},
				"down": {"uv": [12.5, 3.5, 13, 4], "texture": "#texture"}
			}
		},
		{
			"name": "spruce_door_bottom_12",
			"from": [11.5, 12, 6.5],
			"to": [12.5, 12.5, 7],
			"faces": {
				"north": {"uv": [11.5, 4, 12.5, 3.5], "rotation": 180, "texture": "#texture"},
				"up": {"uv": [12.5, 3.5, 11.5, 4], "rotation": 180, "texture": "#texture"},
				"down": {"uv": [11.5, 3.5, 12.5, 4], "texture": "#texture"}
			}
		},
		{
			"name": "spruce_door_bottom_12",
			"from": [0.5, 5, 10],
			"to": [3.5, 5.5, 10.125],
			"faces": {
				"east": {"uv": [3, 10.5, 3.5, 11], "texture": "#texture", "cullface": "west"},
				"south": {"uv": [0.5, 10.5, 3.5, 11], "texture": "#texture", "cullface": "west"},
				"up": {"uv": [3.5, 10.5, 0.5, 11], "rotation": 180, "texture": "#texture", "cullface": "west"},
				"down": {"uv": [0.5, 10.5, 3.5, 11], "texture": "#texture", "cullface": "west"}
			}
		},
		{
			"name": "spruce_door_bottom_13",
			"from": [4, 5, 10],
			"to": [6.5, 5.5, 10.125],
			"faces": {
				"east": {"uv": [6, 10.5, 6.5, 11], "texture": "#texture", "cullface": "west"},
				"south": {"uv": [4, 10.5, 6.5, 11], "texture": "#texture", "cullface": "west"},
				"west": {"uv": [4, 10.5, 4.5, 11], "texture": "#texture", "cullface": "west"},
				"up": {"uv": [6.5, 10.5, 4, 11], "rotation": 180, "texture": "#texture", "cullface": "west"},
				"down": {"uv": [4, 10.5, 6.5, 11], "texture": "#texture", "cullface": "west"}
			}
		},
		{
			"name": "spruce_door_bottom_14",
			"from": [7, 5, 10],
			"to": [9.5, 5.5, 10.125],
			"faces": {
				"east": {"uv": [9, 10.5, 9.5, 11], "texture": "#texture", "cullface": "west"},
				"south": {"uv": [7, 10.5, 9.5, 11], "texture": "#texture", "cullface": "west"},
				"west": {"uv": [7, 10.5, 7.5, 11], "texture": "#texture", "cullface": "west"},
				"up": {"uv": [9.5, 10.5, 7, 11], "rotation": 180, "texture": "#texture", "cullface": "west"},
				"down": {"uv": [7, 10.5, 9.5, 11], "texture": "#texture", "cullface": "west"}
			}
		},
		{
			"name": "spruce_door_bottom_15",
			"from": [10, 5, 10],
			"to": [12.5, 5.5, 10.125],
			"faces": {
				"east": {"uv": [12, 10.5, 12.5, 11], "texture": "#texture", "cullface": "west"},
				"south": {"uv": [10, 10.5, 12.5, 11], "texture": "#texture", "cullface": "west"},
				"west": {"uv": [10, 10.5, 10.5, 11], "texture": "#texture", "cullface": "west"},
				"up": {"uv": [12.5, 10.5, 10, 11], "rotation": 180, "texture": "#texture", "cullface": "west"},
				"down": {"uv": [10, 10.5, 12.5, 11], "texture": "#texture", "cullface": "west"}
			}
		},
		{
			"name": "spruce_door_bottom_16",
			"from": [13, 5, 10],
			"to": [15.5, 5.5, 10.125],
			"faces": {
				"east": {"uv": [15, 10.5, 15.5, 11], "texture": "#texture", "cullface": "west"},
				"south": {"uv": [13, 10.5, 15.5, 11], "texture": "#texture", "cullface": "west"},
				"west": {"uv": [13, 10.5, 13.5, 11], "texture": "#texture", "cullface": "west"},
				"up": {"uv": [15.5, 10.5, 13, 11], "rotation": 180, "texture": "#texture", "cullface": "west"},
				"down": {"uv": [13, 10.5, 15.5, 11], "texture": "#texture", "cullface": "west"}
			}
		},
		{
			"name": "spruce_door_bottom_13",
			"from": [0.5, 5, 6.875],
			"to": [3.5, 5.5, 7],
			"faces": {
				"north": {"uv": [0.5, 11, 3.5, 10.5], "rotation": 180, "texture": "#texture"},
				"east": {"uv": [3, 10.5, 3.5, 11], "texture": "#texture"},
				"up": {"uv": [3.5, 10.5, 0.5, 11], "rotation": 180, "texture": "#texture"},
				"down": {"uv": [0.5, 10.5, 3.5, 11], "texture": "#texture"}
			}
		},
		{
			"name": "spruce_door_bottom_14",
			"from": [4, 5, 6.875],
			"to": [6.5, 5.5, 7],
			"faces": {
				"north": {"uv": [4, 11, 6.5, 10.5], "rotation": 180, "texture": "#texture"},
				"east": {"uv": [6, 10.5, 6.5, 11], "texture": "#texture"},
				"west": {"uv": [4, 10.5, 4.5, 11], "texture": "#texture"},
				"up": {"uv": [6.5, 10.5, 4, 11], "rotation": 180, "texture": "#texture"},
				"down": {"uv": [4, 10.5, 6.5, 11], "texture": "#texture"}
			}
		},
		{
			"name": "spruce_door_bottom_15",
			"from": [7, 5, 6.875],
			"to": [9.5, 5.5, 7],
			"faces": {
				"north": {"uv": [7, 11, 9.5, 10.5], "rotation": 180, "texture": "#texture"},
				"east": {"uv": [9, 10.5, 9.5, 11], "texture": "#texture"},
				"west": {"uv": [7, 10.5, 7.5, 11], "texture": "#texture"},
				"up": {"uv": [9.5, 10.5, 7, 11], "rotation": 180, "texture": "#texture"},
				"down": {"uv": [7, 10.5, 9.5, 11], "texture": "#texture"}
			}
		},
		{
			"name": "spruce_door_bottom_16",
			"from": [10, 5, 6.875],
			"to": [12.5, 5.5, 7],
			"faces": {
				"north": {"uv": [10, 11, 12.5, 10.5], "rotation": 180, "texture": "#texture"},
				"east": {"uv": [12, 10.5, 12.5, 11], "texture": "#texture"},
				"west": {"uv": [10, 10.5, 10.5, 11], "texture": "#texture"},
				"up": {"uv": [12.5, 10.5, 10, 11], "rotation": 180, "texture": "#texture"},
				"down": {"uv": [10, 10.5, 12.5, 11], "texture": "#texture"}
			}
		},
		{
			"name": "spruce_door_bottom_17",
			"from": [13, 5, 6.875],
			"to": [15.5, 5.5, 7],
			"faces": {
				"north": {"uv": [13, 11, 15.5, 10.5], "rotation": 180, "texture": "#texture"},
				"east": {"uv": [15, 10.5, 15.5, 11], "texture": "#texture"},
				"west": {"uv": [13, 10.5, 13.5, 11], "texture": "#texture"},
				"up": {"uv": [15.5, 10.5, 13, 11], "rotation": 180, "texture": "#texture"},
				"down": {"uv": [13, 10.5, 15.5, 11], "texture": "#texture"}
			}
		},
		{
			"from": [16, 5, 7.5],
			"to": [16.125, 5.5, 9.5],
			"faces": {
				"north": {"uv": [15, 10.5, 15.5, 11], "texture": "#texture", "cullface": "south"},
				"east": {"uv": [13.5, 10.5, 15.5, 11], "texture": "#texture", "cullface": "south"},
				"south": {"uv": [13.5, 10.5, 14, 11], "texture": "#texture", "cullface": "south"},
				"up": {"uv": [13.5, 10.5, 15.5, 11], "rotation": 270, "texture": "#texture", "cullface": "south"},
				"down": {"uv": [13.5, 10.5, 15.5, 11], "rotation": 90, "texture": "#texture", "cullface": "south"}
			}
		},
		{
			"from": [0, 16, 7],
			"to": [16, 32, 10],
			"faces": {
				"north": {"uv": [16, 0, 0, 16], "texture": "#1_texture"},
				"east": {"uv": [0, 1.75, 8, 3.25], "rotation": 270, "texture": "#texture1", "cullface": "south"},
				"south": {"uv": [0, 0, 16, 16], "texture": "#1_texture", "cullface": "west"},
				"west": {"uv": [0, 5, 8, 6.5], "rotation": 270, "texture": "#texture1", "cullface": "north"},
				"up": {"uv": [0, 0, 8, 1.5], "rotation": 180, "texture": "#texture1", "cullface": "up"},
				"down": {"uv": [0, 13.25, 8, 14.75], "rotation": 180, "texture": "#texture1", "cullface": "down"}
			}
		},
		{
			"from": [-0.25, 26.5, 6.75],
			"to": [0.5, 27.5, 7.5],
			"faces": {
				"north": {"uv": [0, 4.5, 0.5, 5.5], "texture": "#1_texture"},
				"east": {"uv": [0.5, 4.5, 0, 5.5], "texture": "#1_texture"},
				"south": {"uv": [0, 4.5, 0.5, 5.5], "texture": "#1_texture"},
				"west": {"uv": [0, 4.5, 0.5, 5.5], "texture": "#1_texture"},
				"up": {"uv": [0, 4.5, 0.5, 5], "rotation": 270, "texture": "#1_texture"},
				"down": {"uv": [0, 5, 0.5, 5.5], "rotation": 90, "texture": "#1_texture"}
			}
		},
		{
			"from": [-0.25, 26.5, 9.5],
			"to": [0.5, 27.5, 10.25],
			"faces": {
				"north": {"uv": [0, 4.5, 0.5, 5.5], "texture": "#1_texture"},
				"east": {"uv": [0.5, 4.5, 0, 5.5], "texture": "#1_texture"},
				"south": {"uv": [0, 4.5, 0.5, 5.5], "texture": "#1_texture"},
				"west": {"uv": [0, 4.5, 0.5, 5.5], "texture": "#1_texture"},
				"up": {"uv": [0, 4.5, 0.5, 5], "rotation": 270, "texture": "#1_texture"},
				"down": {"uv": [0, 5, 0.5, 5.5], "rotation": 90, "texture": "#1_texture"}
			}
		},
		{
			"name": "spruce_door_bottom_13",
			"from": [0.5, 27, 9.95],
			"to": [3.5, 27.5, 10.075],
			"faces": {
				"east": {"uv": [3, 15.5, 3.5, 16], "texture": "#1_texture", "cullface": "west"},
				"south": {"uv": [0.5, 15.5, 3.5, 16], "texture": "#1_texture", "cullface": "west"},
				"up": {"uv": [3.5, 15.5, 0.5, 16], "rotation": 180, "texture": "#1_texture", "cullface": "west"},
				"down": {"uv": [0.5, 15.5, 3.5, 16], "texture": "#1_texture", "cullface": "west"}
			}
		},
		{
			"name": "spruce_door_bottom_14",
			"from": [4, 27, 10],
			"to": [6.5, 27.5, 10.125],
			"faces": {
				"east": {"uv": [6, 15.5, 6.5, 16], "texture": "#1_texture", "cullface": "west"},
				"south": {"uv": [4, 15.5, 6.5, 16], "texture": "#1_texture", "cullface": "west"},
				"west": {"uv": [4, 15.5, 4.5, 16], "texture": "#1_texture", "cullface": "west"},
				"up": {"uv": [6.5, 15.5, 4, 16], "rotation": 180, "texture": "#1_texture", "cullface": "west"},
				"down": {"uv": [4, 15.5, 6.5, 16], "texture": "#1_texture", "cullface": "west"}
			}
		},
		{
			"name": "spruce_door_bottom_15",
			"from": [7, 27, 10],
			"to": [9.5, 27.5, 10.125],
			"faces": {
				"east": {"uv": [9, 15.5, 9.5, 16], "texture": "#1_texture", "cullface": "west"},
				"south": {"uv": [7, 15.5, 9.5, 16], "texture": "#1_texture", "cullface": "west"},
				"west": {"uv": [7, 15.5, 7.5, 16], "texture": "#1_texture", "cullface": "west"},
				"up": {"uv": [9.5, 15.5, 7, 16], "rotation": 180, "texture": "#1_texture", "cullface": "west"},
				"down": {"uv": [7, 15.5, 9.5, 16], "texture": "#1_texture", "cullface": "west"}
			}
		},
		{
			"name": "spruce_door_bottom_16",
			"from": [10, 27, 10],
			"to": [12.5, 27.5, 10.125],
			"faces": {
				"east": {"uv": [12, 15.5, 12.5, 16], "texture": "#1_texture", "cullface": "west"},
				"south": {"uv": [10, 15.5, 12.5, 16], "texture": "#1_texture", "cullface": "west"},
				"west": {"uv": [10, 15.5, 10.5, 16], "texture": "#1_texture", "cullface": "west"},
				"up": {"uv": [12.5, 15.5, 10, 16], "rotation": 180, "texture": "#1_texture", "cullface": "west"},
				"down": {"uv": [10, 15.5, 12.5, 16], "texture": "#1_texture", "cullface": "west"}
			}
		},
		{
			"name": "spruce_door_bottom_17",
			"from": [13, 27, 10],
			"to": [15.5, 27.5, 10.125],
			"faces": {
				"east": {"uv": [15, 15.5, 15.5, 16], "texture": "#1_texture", "cullface": "west"},
				"south": {"uv": [13, 15.5, 15.5, 16], "texture": "#1_texture", "cullface": "west"},
				"west": {"uv": [13, 15.5, 13.5, 16], "texture": "#1_texture", "cullface": "west"},
				"up": {"uv": [15.5, 15.5, 13, 16], "rotation": 180, "texture": "#1_texture", "cullface": "west"},
				"down": {"uv": [13, 15.5, 15.5, 16], "texture": "#1_texture", "cullface": "west"}
			}
		},
		{
			"name": "spruce_door_bottom_12",
			"from": [0.5, 16, 10],
			"to": [3.5, 16.5, 10.125],
			"faces": {
				"east": {"uv": [3, 15.5, 3.5, 16], "texture": "#1_texture", "cullface": "west"},
				"south": {"uv": [0.5, 15.5, 3.5, 16], "texture": "#1_texture", "cullface": "west"},
				"up": {"uv": [3.5, 15.5, 0.5, 16], "rotation": 180, "texture": "#1_texture", "cullface": "west"},
				"down": {"uv": [0.5, 15.5, 3.5, 16], "texture": "#1_texture", "cullface": "west"}
			}
		},
		{
			"name": "spruce_door_bottom_13",
			"from": [4, 16, 10],
			"to": [6.5, 16.5, 10.125],
			"faces": {
				"east": {"uv": [6, 15.5, 6.5, 16], "texture": "#1_texture", "cullface": "west"},
				"south": {"uv": [4, 15.5, 6.5, 16], "texture": "#1_texture", "cullface": "west"},
				"west": {"uv": [4, 15.5, 4.5, 16], "texture": "#1_texture", "cullface": "west"},
				"up": {"uv": [6.5, 15.5, 4, 16], "rotation": 180, "texture": "#1_texture", "cullface": "west"},
				"down": {"uv": [4, 15.5, 6.5, 16], "texture": "#1_texture", "cullface": "west"}
			}
		},
		{
			"name": "spruce_door_bottom_14",
			"from": [7, 16, 10],
			"to": [9.5, 16.5, 10.125],
			"faces": {
				"east": {"uv": [9, 15.5, 9.5, 16], "texture": "#1_texture", "cullface": "west"},
				"south": {"uv": [7, 15.5, 9.5, 16], "texture": "#1_texture", "cullface": "west"},
				"west": {"uv": [7, 15.5, 7.5, 16], "texture": "#1_texture", "cullface": "west"},
				"up": {"uv": [9.5, 15.5, 7, 16], "rotation": 180, "texture": "#1_texture", "cullface": "west"},
				"down": {"uv": [7, 15.5, 9.5, 16], "texture": "#1_texture", "cullface": "west"}
			}
		},
		{
			"name": "spruce_door_bottom_15",
			"from": [10, 16, 10],
			"to": [12.5, 16.5, 10.125],
			"faces": {
				"east": {"uv": [12, 15.5, 12.5, 16], "texture": "#1_texture", "cullface": "west"},
				"south": {"uv": [10, 15.5, 12.5, 16], "texture": "#1_texture", "cullface": "west"},
				"west": {"uv": [10, 15.5, 10.5, 16], "texture": "#1_texture", "cullface": "west"},
				"up": {"uv": [12.5, 15.5, 10, 16], "rotation": 180, "texture": "#1_texture", "cullface": "west"},
				"down": {"uv": [10, 15.5, 12.5, 16], "texture": "#1_texture", "cullface": "west"}
			}
		},
		{
			"name": "spruce_door_bottom_16",
			"from": [13, 16, 10],
			"to": [15.5, 16.5, 10.125],
			"faces": {
				"east": {"uv": [15, 15.5, 15.5, 16], "texture": "#1_texture", "cullface": "west"},
				"south": {"uv": [13, 15.5, 15.5, 16], "texture": "#1_texture", "cullface": "west"},
				"west": {"uv": [13, 15.5, 13.5, 16], "texture": "#1_texture", "cullface": "west"},
				"up": {"uv": [15.5, 15.5, 13, 16], "rotation": 180, "texture": "#1_texture", "cullface": "west"},
				"down": {"uv": [13, 15.5, 15.5, 16], "texture": "#1_texture", "cullface": "west"}
			}
		},
		{
			"name": "spruce_door_bottom_14",
			"from": [0.5, 16, 6.875],
			"to": [3.5, 16.5, 7],
			"faces": {
				"north": {"uv": [0.5, 15.5, 3.5, 16], "rotation": 180, "texture": "#1_texture"},
				"east": {"uv": [3, 15.5, 3.5, 16], "rotation": 180, "texture": "#1_texture"},
				"up": {"uv": [0.5, 15.5, 3.5, 16], "texture": "#1_texture"},
				"down": {"uv": [3.5, 15.5, 0.5, 16], "rotation": 180, "texture": "#1_texture"}
			}
		},
		{
			"name": "spruce_door_bottom_15",
			"from": [4, 16, 6.875],
			"to": [6.5, 16.5, 7],
			"faces": {
				"north": {"uv": [4, 15.5, 6.5, 16], "rotation": 180, "texture": "#1_texture"},
				"east": {"uv": [6, 15.5, 6.5, 16], "rotation": 180, "texture": "#1_texture"},
				"west": {"uv": [4, 15.5, 4.5, 16], "rotation": 180, "texture": "#1_texture"},
				"up": {"uv": [4, 15.5, 6.5, 16], "texture": "#1_texture"},
				"down": {"uv": [6.5, 15.5, 4, 16], "rotation": 180, "texture": "#1_texture"}
			}
		},
		{
			"name": "spruce_door_bottom_16",
			"from": [7, 16, 6.875],
			"to": [9.5, 16.5, 7],
			"faces": {
				"north": {"uv": [7, 15.5, 9.5, 16], "rotation": 180, "texture": "#1_texture"},
				"east": {"uv": [9, 15.5, 9.5, 16], "rotation": 180, "texture": "#1_texture"},
				"west": {"uv": [7, 15.5, 7.5, 16], "rotation": 180, "texture": "#1_texture"},
				"up": {"uv": [7, 15.5, 9.5, 16], "texture": "#1_texture"},
				"down": {"uv": [9.5, 15.5, 7, 16], "rotation": 180, "texture": "#1_texture"}
			}
		},
		{
			"name": "spruce_door_bottom_17",
			"from": [10, 16, 6.875],
			"to": [12.5, 16.5, 7],
			"faces": {
				"north": {"uv": [10, 15.5, 12.5, 16], "rotation": 180, "texture": "#1_texture"},
				"east": {"uv": [12, 15.5, 12.5, 16], "rotation": 180, "texture": "#1_texture"},
				"west": {"uv": [10, 15.5, 10.5, 16], "rotation": 180, "texture": "#1_texture"},
				"up": {"uv": [10, 15.5, 12.5, 16], "texture": "#1_texture"},
				"down": {"uv": [12.5, 15.5, 10, 16], "rotation": 180, "texture": "#1_texture"}
			}
		},
		{
			"name": "spruce_door_bottom_18",
			"from": [13, 16, 6.875],
			"to": [15.5, 16.5, 7],
			"faces": {
				"north": {"uv": [13, 15.5, 15.5, 16], "rotation": 180, "texture": "#1_texture"},
				"east": {"uv": [15, 15.5, 15.5, 16], "rotation": 180, "texture": "#1_texture"},
				"west": {"uv": [13, 15.5, 13.5, 16], "rotation": 180, "texture": "#1_texture"},
				"up": {"uv": [13, 15.5, 15.5, 16], "texture": "#1_texture"},
				"down": {"uv": [15.5, 15.5, 13, 16], "rotation": 180, "texture": "#1_texture"}
			}
		},
		{
			"name": "spruce_door_bottom_15",
			"from": [0.5, 27, 6.875],
			"to": [3.5, 27.5, 7],
			"faces": {
				"north": {"uv": [0.5, 15.5, 3.5, 16], "rotation": 180, "texture": "#1_texture"},
				"east": {"uv": [3, 15.5, 3.5, 16], "rotation": 180, "texture": "#1_texture"},
				"up": {"uv": [0.5, 15.5, 3.5, 16], "texture": "#1_texture"},
				"down": {"uv": [3.5, 15.5, 0.5, 16], "rotation": 180, "texture": "#1_texture"}
			}
		},
		{
			"name": "spruce_door_bottom_16",
			"from": [4, 27, 6.875],
			"to": [6.5, 27.5, 7],
			"faces": {
				"north": {"uv": [4, 15.5, 6.5, 16], "rotation": 180, "texture": "#1_texture"},
				"east": {"uv": [6, 15.5, 6.5, 16], "rotation": 180, "texture": "#1_texture"},
				"west": {"uv": [4, 15.5, 4.5, 16], "rotation": 180, "texture": "#1_texture"},
				"up": {"uv": [4, 15.5, 6.5, 16], "texture": "#1_texture"},
				"down": {"uv": [6.5, 15.5, 4, 16], "rotation": 180, "texture": "#1_texture"}
			}
		},
		{
			"name": "spruce_door_bottom_17",
			"from": [7, 27, 6.875],
			"to": [9.5, 27.5, 7],
			"faces": {
				"north": {"uv": [7, 15.5, 9.5, 16], "rotation": 180, "texture": "#1_texture"},
				"east": {"uv": [9, 15.5, 9.5, 16], "rotation": 180, "texture": "#1_texture"},
				"west": {"uv": [7, 15.5, 7.5, 16], "rotation": 180, "texture": "#1_texture"},
				"up": {"uv": [7, 15.5, 9.5, 16], "texture": "#1_texture"},
				"down": {"uv": [9.5, 15.5, 7, 16], "rotation": 180, "texture": "#1_texture"}
			}
		},
		{
			"name": "spruce_door_bottom_18",
			"from": [10, 27, 6.875],
			"to": [12.5, 27.5, 7],
			"faces": {
				"north": {"uv": [10, 15.5, 12.5, 16], "rotation": 180, "texture": "#1_texture"},
				"east": {"uv": [12, 15.5, 12.5, 16], "rotation": 180, "texture": "#1_texture"},
				"west": {"uv": [10, 15.5, 10.5, 16], "rotation": 180, "texture": "#1_texture"},
				"up": {"uv": [10, 15.5, 12.5, 16], "texture": "#1_texture"},
				"down": {"uv": [12.5, 15.5, 10, 16], "rotation": 180, "texture": "#1_texture"}
			}
		},
		{
			"name": "spruce_door_bottom_19",
			"from": [13, 27, 6.875],
			"to": [15.5, 27.5, 7],
			"faces": {
				"north": {"uv": [13, 15.5, 15.5, 16], "rotation": 180, "texture": "#1_texture"},
				"east": {"uv": [15, 15.5, 15.5, 16], "rotation": 180, "texture": "#1_texture"},
				"west": {"uv": [13, 15.5, 13.5, 16], "rotation": 180, "texture": "#1_texture"},
				"up": {"uv": [13, 15.5, 15.5, 16], "texture": "#1_texture"},
				"down": {"uv": [15.5, 15.5, 13, 16], "rotation": 180, "texture": "#1_texture"}
			}
		},
		{
			"from": [16, 16, 7.5],
			"to": [16.125, 16.5, 9.5],
			"faces": {
				"north": {"uv": [15, 15.5, 15.5, 16], "texture": "#1_texture", "cullface": "south"},
				"east": {"uv": [13.5, 15.5, 15.5, 16], "texture": "#1_texture", "cullface": "south"},
				"south": {"uv": [13.5, 15.5, 14, 16], "texture": "#1_texture", "cullface": "south"},
				"up": {"uv": [13.5, 15.5, 15.5, 16], "rotation": 270, "texture": "#1_texture", "cullface": "south"},
				"down": {"uv": [13.5, 15.5, 15.5, 16], "rotation": 90, "texture": "#1_texture", "cullface": "south"}
			}
		},
		{
			"from": [16, 27, 7.5],
			"to": [16.125, 27.5, 9.5],
			"faces": {
				"north": {"uv": [15, 15.5, 15.5, 16], "texture": "#1_texture", "cullface": "south"},
				"east": {"uv": [13.5, 15.5, 15.5, 16], "texture": "#1_texture", "cullface": "south"},
				"south": {"uv": [13.5, 15.5, 14, 16], "texture": "#1_texture", "cullface": "south"},
				"up": {"uv": [13.5, 15.5, 15.5, 16], "rotation": 270, "texture": "#1_texture", "cullface": "south"},
				"down": {"uv": [13.5, 15.5, 15.5, 16], "rotation": 90, "texture": "#1_texture", "cullface": "south"}
			}
		}
	],
	"groups": [0, 1, 2, 3, 4,
		{
			"name": "handle",
			"origin": [8, 8, 8],
			"children": [5, 6, 7, 8, 9, 10, 11, 12, 13, 14, 15, 16]
		},
		{
			"name": "handle2",
			"origin": [8, 8, 8],
			"children": [17, 18, 19, 20, 21, 22, 23, 24, 25, 26, 27, 28]
		},
		{
			"name": "metal",
			"origin": [8, 8, 8],
			"children": [29, 30, 31, 32, 33]
		},
		{
			"name": "metal_2",
			"origin": [8, 8, 8],
			"children": [34, 35, 36, 37, 38]
		}, 39,
		{
			"name": "spruce_door_top",
			"origin": [8, 8, 8],
			"children": [40, 41, 42,
				{
					"name": "metal",
					"origin": [8, 8, 8],
					"children": [43, 44, 45, 46, 47]
				},
				{
					"name": "metal_2",
					"origin": [8, 8, 8],
					"children": [48, 49, 50, 51, 52]
				},
				{
					"name": "metal_3",
					"origin": [8, 8, 8],
					"children": [53, 54, 55, 56, 57]
				},
				{
					"name": "metal_4",
					"origin": [8, 8, 8],
					"children": [58, 59, 60, 61, 62]
				}, 63, 64]
		}
	]
}