{
	"credit": "Made with Blockbench by Juknum",
	"parent": "item/golden_helmet",
	"texture_size": [128, 64],
	"textures": {
		"0": "models/armor/turtle_layer_1",
		"particle": "models/armor/turtle_layer_1"
	},
	"elements": [
		{
			"from": [0, 15, 0],
			"to": [16, 16, 16],
			"faces": {
				"north": {"uv": [2, 4, 4, 4.25], "texture": "#0"},
				"east": {"uv": [6, 4, 4, 4.25], "texture": "#0"},
				"south": {"uv": [6, 4, 8, 4.25], "texture": "#0"},
				"west": {"uv": [2, 4, 0, 4.25], "texture": "#0"},
				"up": {"uv": [2, 4, 4, 0], "texture": "#0"},
				"down": {"uv": [2, 4, 4, 0], "texture": "#0"}
			}
		},
		{
			"from": [15, 8, 0],
			"to": [16, 15, 16],
			"rotation": {"angle": 0, "axis": "y", "origin": [8, 7, 8]},
			"faces": {
				"north": {"uv": [2, 4.25, 2.125, 6], "texture": "#0"},
				"east": {"uv": [6, 4.25, 4, 6], "texture": "#0"},
				"south": {"uv": [6, 4.25, 6.125, 6], "texture": "#0"},
				"west": {"uv": [4, 4.25, 6, 6], "texture": "#0"},
				"down": {"uv": [6, 6, 4, 5.75], "rotation": 90, "texture": "#0"}
			}
		},
		{
			"from": [15, 7, 8],
			"to": [16, 8, 16],
			"rotation": {"angle": 0, "axis": "y", "origin": [8, 0, 8]},
			"faces": {
				"east": {"uv": [6, 6, 5, 6.25], "texture": "#0"},
				"south": {"uv": [6, 6, 5.875, 6.25], "texture": "#0"},
				"west": {"uv": [6, 6, 5, 6.25], "texture": "#0"},
				"down": {"uv": [6, 6, 5, 6.25], "rotation": 90, "texture": "#0"}
			}
		},
		{
			"from": [0, 7, 8],
			"to": [1, 8, 16],
			"rotation": {"angle": 0, "axis": "y", "origin": [-7, 0, 8]},
			"faces": {
				"east": {"uv": [6, 6, 5, 6.25], "texture": "#0"},
				"south": {"uv": [6, 6, 5.875, 6.25], "texture": "#0"},
				"west": {"uv": [6, 6, 5, 6.25], "texture": "#0"},
				"down": {"uv": [6, 6, 5, 6.25], "rotation": 90, "texture": "#0"}
			}
		},
		{
			"from": [15, 0, 7],
			"to": [16, 8, 8],
			"rotation": {"angle": 0, "axis": "y", "origin": [8, -2, 0]},
			"faces": {
				"north": {"uv": [5, 6, 4.875, 8], "texture": "#0"},
				"east": {"uv": [5, 6, 4.875, 8], "texture": "#0"},
				"south": {"uv": [5, 6, 4.875, 8], "texture": "#0"},
				"west": {"uv": [5, 6, 4.875, 8], "texture": "#0"},
				"down": {"uv": [5, 7.75, 4.875, 8], "texture": "#0"}
			}
		},
		{
			"from": [0, 0, 7],
			"to": [1, 8, 8],
			"rotation": {"angle": 0, "axis": "y", "origin": [-7, -2, 0]},
			"faces": {
				"north": {"uv": [5, 6, 4.875, 8], "texture": "#0"},
				"east": {"uv": [5, 6, 4.875, 8], "texture": "#0"},
				"south": {"uv": [5, 6, 4.875, 8], "texture": "#0"},
				"west": {"uv": [5, 6, 4.875, 8], "texture": "#0"},
				"down": {"uv": [5, 7.75, 4.875, 8], "texture": "#0"}
			}
		},
		{
			"from": [1, 7, 15],
			"to": [15, 8, 16],
			"rotation": {"angle": 0, "axis": "y", "origin": [-7, 0, 8]},
			"faces": {
				"north": {"uv": [8, 6, 6.25, 6.25], "texture": "#0"},
				"south": {"uv": [8, 6, 6.25, 6.25], "texture": "#0"},
				"down": {"uv": [8, 6, 6.25, 6.25], "texture": "#0"}
			}
		},
		{
			"from": [1, 8, 15],
			"to": [15, 15, 16],
			"rotation": {"angle": 0, "axis": "y", "origin": [5, 7, 8]},
			"faces": {
				"north": {"uv": [6.125, 4.25, 7.875, 6], "texture": "#0"},
				"south": {"uv": [6.125, 4.25, 7.875, 6], "texture": "#0"}
			}
		},
		{
			"from": [1, 8, 0],
			"to": [15, 15, 1],
			"rotation": {"angle": 0, "axis": "y", "origin": [5, 7, -7]},
			"faces": {
				"north": {"uv": [2.125, 4.25, 3.875, 6], "texture": "#0"},
				"south": {"uv": [6.125, 4.25, 7.875, 6], "texture": "#0"},
				"down": {"uv": [4, 6, 2, 5.75], "texture": "#0"}
			}
		},
		{
			"from": [0, 8, 0],
			"to": [1, 15, 16],
			"rotation": {"angle": 0, "axis": "y", "origin": [-7, 7, 8]},
			"faces": {
				"north": {"uv": [2, 4.25, 2.125, 6], "texture": "#0"},
				"east": {"uv": [6, 4.25, 4, 6], "texture": "#0"},
				"south": {"uv": [6, 4.25, 6.125, 6], "texture": "#0"},
				"west": {"uv": [4, 4.25, 6, 6], "texture": "#0"},
				"down": {"uv": [6, 6, 4, 5.75], "rotation": 90, "texture": "#0"}
			}
		}
	]
}