{
	"credit": "Made with Blockbench by Juknum",
	"parent": "block/block",
	"ambientocclusion": false,
	"textures": {
		"0": "block/bookshelf_books",
		"1": "block/bookshelf_empty_bottom",
		"2": "block/bookshelf",
		"3": "block/oak_planks",
		"particle": "block/bookshelf_books"
	},
	"elements": [
		{
			"from": [2.56211, 8.5, 0.75286],
			"to": [4.06211, 12.5, 3.75286],
			"shade": false,
			"rotation": {"angle": 45, "axis": "y", "origin": [3.31211, 10.5, 2.25286]},
			"faces": {
				"north": {"uv": [0, 5.125, 0.375, 6.125], "texture": "#0", "cullface": "north"},
				"east": {"uv": [1.875, 5.125, 1.125, 6.125], "texture": "#0", "cullface": "north"},
				"up": {"uv": [0.375, 4.75, 1.125, 5.125], "rotation": 90, "texture": "#0", "cullface": "north"}
			}
		},
		{
			"from": [6.5, 8.5, 2.5],
			"to": [8.5, 14.5, 6.5],
			"shade": false,
			"rotation": {"angle": 0, "axis": "y", "origin": [12.21343, 10.77214, 6.30994]},
			"faces": {
				"north": {"uv": [2.5, 0.5, 3, 2], "texture": "#0", "cullface": "north"},
				"east": {"uv": [4, 0.5, 3, 2], "texture": "#0", "cullface": "north"},
				"west": {"uv": [4, 0.5, 5, 2], "texture": "#0", "cullface": "north"},
				"up": {"uv": [3, 0, 4, 0.5], "rotation": 90, "texture": "#0", "cullface": "north"}
			}
		},
		{
			"from": [8.5, 8.5, 0.5],
			"to": [10.5, 15, 5],
			"shade": false,
			"rotation": {"angle": 0, "axis": "y", "origin": [9.5, 11.5, 2]},
			"faces": {
				"north": {"uv": [3, 3.875, 3.5, 5.5], "texture": "#0", "cullface": "north"},
				"east": {"uv": [4.625, 3.875, 3.5, 5.5], "texture": "#0", "cullface": "north"},
				"west": {"uv": [3.5, 3.875, 4.625, 5.5], "texture": "#0", "cullface": "north"},
				"up": {"uv": [3.5, 3.375, 4.625, 3.875], "rotation": 90, "texture": "#0", "cullface": "north"}
			}
		},
		{
			"from": [5, 8.5, 1],
			"to": [6.5, 13, 4.5],
			"shade": false,
			"rotation": {"angle": 0, "axis": "y", "origin": [7.01262, 15.69683, -3.02938]},
			"faces": {
				"north": {"uv": [0, 0.375, 0.375, 1.5], "texture": "#0", "cullface": "north"},
				"east": {"uv": [1.25, 0.375, 2.125, 1.5], "texture": "#0", "cullface": "north"},
				"west": {"uv": [0.375, 0.375, 1.25, 1.5], "texture": "#0", "cullface": "north"},
				"up": {"uv": [0.375, 0, 1.25, 0.375], "rotation": 90, "texture": "#0", "cullface": "north"}
			}
		},
		{
			"from": [10.5, 8.5, 1],
			"to": [11.5, 13, 3.5],
			"shade": false,
			"rotation": {"angle": 0, "axis": "y", "origin": [11.07645, 11.5, 2.489]},
			"faces": {
				"north": {"uv": [0, 1.75, 0.25, 2.875], "texture": "#0", "cullface": "north"},
				"east": {"uv": [0.875, 1.75, 1.5, 2.875], "texture": "#0", "cullface": "north"},
				"up": {"uv": [0.25, 1.5, 0.875, 1.75], "rotation": 90, "texture": "#0", "cullface": "north"}
			}
		},
		{
			"from": [12.61041, 8.5, 0.47538],
			"to": [13.61041, 12.5, 3.47538],
			"shade": false,
			"rotation": {"angle": -45, "axis": "y", "origin": [12.61041, 10.625, 1.97538]},
			"faces": {
				"north": {"uv": [0, 6.375, 0.25, 7.375], "texture": "#0", "cullface": "north"},
				"west": {"uv": [0.25, 6.375, 1, 7.375], "texture": "#0", "cullface": "north"},
				"up": {"uv": [0.25, 6.125, 1, 6.375], "rotation": 90, "texture": "#0", "cullface": "north"}
			}
		},
		{
			"name": "background",
			"from": [5.65685, 8.5, -2.34315],
			"to": [5.65685, 16, 8.95685],
			"rotation": {"angle": 45, "axis": "y", "origin": [5.65685, 8, 5.65685]},
			"faces": {
				"east": {"uv": [4.5, 0, 15.8, 7.5], "texture": "#1", "cullface": "north"}
			}
		},
		{
			"name": "background",
			"from": [7.04244, 8.5, 5.65615],
			"to": [18.34244, 16, 5.65615],
			"rotation": {"angle": 45, "axis": "y", "origin": [10.34244, 8, 5.65615]},
			"faces": {
				"north": {"uv": [0, 0, 11.3, 7.5], "texture": "#1", "cullface": "north"}
			}
		},
		{
			"name": "background",
			"from": [7.5, 8.5, 7.5],
			"to": [8.5, 16, 7.5],
			"rotation": {"angle": 0, "axis": "y", "origin": [15.5, 8, 15.5]},
			"faces": {
				"north": {"uv": [7.5, 0, 8.5, 16], "texture": "#1", "cullface": "north"}
			}
		},
		{
			"name": "middle",
			"from": [0.5, 7.5, 0],
			"to": [15.5, 8.5, 1],
			"rotation": {"angle": 0, "axis": "y", "origin": [9, 15.5, 8]},
			"faces": {
				"north": {"uv": [0.5, 7.5, 15.5, 8.5], "texture": "#2", "cullface": "north"},
				"up": {"uv": [0.5, 0, 15.5, 1], "texture": "#1", "cullface": "north"},
				"down": {"uv": [0.5, 1, 15.5, 0], "texture": "#1", "cullface": "north"}
			}
		},
		{
			"name": "middle",
			"from": [2, 8.5, 1],
			"to": [14, 8.5, 2],
			"rotation": {"angle": 0, "axis": "y", "origin": [9, 15.5, 9]},
			"faces": {
				"up": {"uv": [2, 1, 14, 2], "texture": "#1", "cullface": "north"}
			}
		},
		{
			"name": "middle",
			"from": [3, 8.5, 2],
			"to": [13, 8.5, 3],
			"rotation": {"angle": 0, "axis": "y", "origin": [9, 15.5, 10]},
			"faces": {
				"up": {"uv": [3, 2, 13, 3], "texture": "#1", "cullface": "north"}
			}
		},
		{
			"name": "middle",
			"from": [6, 8.5, 5],
			"to": [10, 8.5, 6],
			"rotation": {"angle": 0, "axis": "y", "origin": [9, 15.5, 13]},
			"faces": {
				"up": {"uv": [6, 5, 10, 6], "texture": "#1", "cullface": "north"}
			}
		},
		{
			"name": "middle",
			"from": [4, 8.5, 3],
			"to": [12, 8.5, 4],
			"rotation": {"angle": 0, "axis": "y", "origin": [9, 15.5, 11]},
			"faces": {
				"up": {"uv": [4, 3, 12, 4], "texture": "#1", "cullface": "north"}
			}
		},
		{
			"name": "middle",
			"from": [5, 8.5, 4],
			"to": [11, 8.5, 5],
			"rotation": {"angle": 0, "axis": "y", "origin": [9, 15.5, 12]},
			"faces": {
				"up": {"uv": [5, 4, 11, 5], "texture": "#1", "cullface": "north"}
			}
		},
		{
			"name": "middle",
			"from": [7, 8.5, 6],
			"to": [9, 8.5, 7],
			"rotation": {"angle": 0, "axis": "y", "origin": [9, 15.5, 14]},
			"faces": {
				"up": {"uv": [7, 6, 9, 7], "texture": "#1", "cullface": "north"}
			}
		},
		{
			"name": "edge",
			"from": [6.96751, 8.501, -2.67893],
			"to": [7.96751, 8.503, 8.22107],
			"rotation": {"angle": 45, "axis": "y", "origin": [7.71751, 7.999, 7.07107]},
			"faces": {
				"north": {"uv": [7, 7.5, 8, 8.502], "texture": "#2", "cullface": "north"},
				"east": {"uv": [0, 0, 10.25, 1.002], "texture": "#missing", "cullface": "north"},
				"west": {"uv": [0.5, 7.5, 11.4, 8.502], "texture": "#2", "cullface": "west"},
				"up": {"uv": [2, 0, 2.75, 7.75], "texture": "#1", "cullface": "north"}
			}
		},
		{
			"name": "edge",
			"from": [7.95926, 8.501, -2.50216],
			"to": [8.95926, 8.503, 8.39784],
			"rotation": {"angle": -45, "axis": "y", "origin": [8.45926, 7.998, 7.24784]},
			"faces": {
				"north": {"uv": [7, 7.5, 7.75, 8.502], "texture": "#2", "cullface": "north"},
				"east": {"uv": [0.5, 7.5, 11.4, 8.502], "texture": "#2", "cullface": "east"},
				"west": {"uv": [0, 0, 10.9, 1.002], "texture": "#missing", "cullface": "north"},
				"up": {"uv": [2, 0, 2.75, 7.75], "texture": "#1", "cullface": "north"}
			}
		},
		{
			"name": "middle",
			"from": [0.5, 15.5, 0],
			"to": [15.5, 15.5, 1],
			"rotation": {"angle": 0, "axis": "y", "origin": [9, 23.5, 8]},
			"faces": {
				"down": {"uv": [0.5, 1, 15.5, 0], "texture": "#1", "cullface": "north"}
			}
		},
		{
			"name": "middle",
			"from": [2, 15.5, 1],
			"to": [14, 15.5, 2],
			"rotation": {"angle": 0, "axis": "y", "origin": [9, 23.5, 9]},
			"faces": {
				"down": {"uv": [2, 2, 14, 1], "texture": "#1", "cullface": "north"}
			}
		},
		{
			"name": "middle",
			"from": [3, 15.5, 2],
			"to": [13, 15.5, 3],
			"rotation": {"angle": 0, "axis": "y", "origin": [9, 23.5, 10]},
			"faces": {
				"down": {"uv": [3, 3, 13, 2], "texture": "#1", "cullface": "north"}
			}
		},
		{
			"name": "middle",
			"from": [6, 15.5, 5],
			"to": [10, 15.5, 6],
			"rotation": {"angle": 0, "axis": "y", "origin": [9, 23.5, 13]},
			"faces": {
				"down": {"uv": [6, 6, 10, 5], "texture": "#1", "cullface": "north"}
			}
		},
		{
			"name": "middle",
			"from": [4, 15.5, 3],
			"to": [12, 15.5, 4],
			"rotation": {"angle": 0, "axis": "y", "origin": [9, 23.5, 11]},
			"faces": {
				"down": {"uv": [4, 4, 12, 3], "texture": "#1", "cullface": "north"}
			}
		},
		{
			"name": "middle",
			"from": [5, 15.5, 4],
			"to": [11, 15.5, 5],
			"rotation": {"angle": 0, "axis": "y", "origin": [9, 23.5, 12]},
			"faces": {
				"down": {"uv": [5, 5, 11, 4], "texture": "#1", "cullface": "north"}
			}
		},
		{
			"name": "middle",
			"from": [7, 15.5, 6],
			"to": [9, 15.5, 7],
			"rotation": {"angle": 0, "axis": "y", "origin": [9, 23.5, 14]},
			"faces": {
				"down": {"uv": [7, 7, 9, 6], "texture": "#1", "cullface": "north"}
			}
		},
		{
			"name": "edge",
			"from": [7.17965, 15.499, -2.89106],
			"to": [7.87965, 15.499, 7.65894],
			"rotation": {"angle": 45, "axis": "y", "origin": [7.92965, 16, 6.85894]},
			"faces": {
				"down": {"uv": [2, 7.75, 2.75, 0], "texture": "#1", "cullface": "north"}
			}
		},
		{
			"name": "edge",
			"from": [7.95926, 15.499, -2.50216],
			"to": [8.65926, 15.499, 8.09784],
			"rotation": {"angle": -45, "axis": "y", "origin": [8.45926, 15.998, 7.24784]},
			"faces": {
				"down": {"uv": [2, 7.75, 2.75, 0], "texture": "#1", "cullface": "north"}
			}
		},
		{
			"name": "middle",
			"from": [0.5, 0.5, 0],
			"to": [15.5, 0.5, 0.5],
			"rotation": {"angle": 0, "axis": "y", "origin": [9, 8, 8]},
			"faces": {
				"up": {"uv": [0.5, 0, 15.5, 0.5], "texture": "#1", "cullface": "north"}
			}
		},
		{
			"name": "middle",
			"from": [0.5, 0.5, 0.5],
			"to": [15.5, 7.5, 0.5],
			"rotation": {"angle": 0, "axis": "y", "origin": [9, 8, 8.5]},
			"faces": {
				"north": {"uv": [0.5, 8, 15.5, 15], "texture": "#3", "cullface": "north"}
			}
		}
	],
	"groups": [
		{
			"name": "books",
			"origin": [10.21343, 10.77214, 3.80994],
			"children": [
				{
					"name": "bottom",
					"origin": [11.96343, 2.77214, 5.80994],
					"children": [0, 1, 2, 3, 4, 5]
				}
			]
		}, 6, 7, 8,
		{
			"name": "middle",
			"origin": [8.45926, 7.998, 7.24784],
			"children": [9, 10, 11, 12, 13, 14, 15, 16, 17]
		},
		{
			"name": "top",
			"origin": [8.45926, 7.998, 7.24784],
			"children": [18, 19, 20, 21, 22, 23, 24, 25, 26]
		}, 27, 28]
}