{
	"__comment": "Designed by Progical",
	"textures": {
		"0": "block/acacia_trapdoor",
		"1": "custom/block/trapdoors/acacia/front",
		"2": "custom/block/trapdoors/acacia/side",
		"particle": "block/acacia_trapdoor"
	},
	"elements": [
		{
			"from": [0, 0, 0],
			"to": [16, 3, 3],
			"faces": {
				"north": {"uv": [0, 0, 16, 3], "texture": "#1", "cullface": "north"},
				"east": {"uv": [13, 0, 16, 3], "texture": "#2", "cullface": "east"},
				"west": {"uv": [0, 0, 3, 3], "texture": "#2", "cullface": "west"},
				"up": {"uv": [0, 13, 16, 16], "rotation": 180, "texture": "#0"},
				"down": {"uv": [0, 13, 16, 16], "texture": "#0", "cullface": "down"}
			}
		},
		{
			"from": [0, 0, 13],
			"to": [16, 3, 16],
			"faces": {
				"north": {"uv": [0, 0, 16, 3], "texture": "#1"},
				"east": {"uv": [0, 0, 3, 3], "texture": "#2", "cullface": "east"},
				"south": {"uv": [0, 0, 16, 3], "texture": "#1", "cullface": "south"},
				"west": {"uv": [13, 0, 16, 3], "texture": "#2", "cullface": "west"},
				"up": {"uv": [0, 0, 16, 3], "rotation": 180, "texture": "#0"},
				"down": {"uv": [0, 0, 16, 3], "texture": "#0", "cullface": "down"}
			}
		},
		{
			"from": [14, 0, 3],
			"to": [16, 3, 13],
			"faces": {
				"east": {"uv": [3, 0, 13, 3], "texture": "#2", "cullface": "east"},
				"west": {"uv": [3, 0, 13, 3], "texture": "#2"},
				"up": {"uv": [0, 3, 2, 13], "rotation": 180, "texture": "#0"},
				"down": {"uv": [14, 3, 16, 13], "texture": "#0", "cullface": "down"}
			}
		},
		{
			"from": [0, 0, 3],
			"to": [2, 3, 13],
			"faces": {
				"east": {"uv": [9, 3, 12, 13], "rotation": 90, "texture": "#0"},
				"west": {"uv": [3, 0, 13, 3], "texture": "#2", "cullface": "west"},
				"up": {"uv": [14, 3, 16, 13], "rotation": 180, "texture": "#0"},
				"down": {"uv": [0, 3, 2, 13], "texture": "#0", "cullface": "down"}
			}
		},
		{
			"from": [4, 0, 3],
			"to": [7, 3, 13],
			"faces": {
				"east": {"uv": [4, 3, 7, 13], "rotation": 90, "texture": "#0"},
				"west": {"uv": [4, 3, 7, 13], "rotation": 270, "texture": "#0"},
				"up": {"uv": [9, 3, 12, 13], "rotation": 180, "texture": "#0"},
				"down": {"uv": [4, 3, 7, 13], "texture": "#0", "cullface": "down"}
			}
		},
		{
			"from": [9, 0, 3],
			"to": [12, 3, 13],
			"faces": {
				"east": {"uv": [9, 3, 12, 13], "rotation": 90, "texture": "#0"},
				"west": {"uv": [9, 3, 12, 13], "rotation": 270, "texture": "#0"},
				"up": {"uv": [4, 3, 7, 13], "rotation": 180, "texture": "#0"},
				"down": {"uv": [9, 3, 12, 13], "texture": "#0", "cullface": "down"}
			}
		},
		{
			"from": [2, 0, 3],
			"to": [14, 2.5, 3],
			"faces": {
				"south": {"uv": [1.5, 0.5, 13.5, 3], "texture": "#1"}
			}
		},
		{
			"from": [2, 2.5, 3],
			"to": [14, 3, 3],
			"faces": {
				"south": {"uv": [9, 3, 9.5, 13], "rotation": 90, "texture": "#0"}
			}
		},
		{
			"from": [6, 3, 1],
			"to": [10, 3.5, 2],
			"faces": {
				"north": {"uv": [6, 14.5, 10, 15], "texture": "#0"},
				"east": {"uv": [6, 14, 6.5, 15], "rotation": 270, "texture": "#0"},
				"south": {"uv": [6, 14, 10, 14.5], "texture": "#0"},
				"west": {"uv": [9.5, 14, 10, 15], "rotation": 90, "texture": "#0"},
				"up": {"uv": [6, 14, 10, 15], "rotation": 180, "texture": "#0"}
			}
		},
		{
			"from": [6, -0.5, 1],
			"to": [10, 0, 2],
			"faces": {
				"north": {"uv": [6, 14.5, 10, 15], "texture": "#0", "cullface": "down"},
				"east": {"uv": [9.5, 14, 10, 15], "rotation": 270, "texture": "#0", "cullface": "down"},
				"south": {"uv": [6, 14, 10, 14.5], "texture": "#0", "cullface": "down"},
				"west": {"uv": [6, 14, 6.5, 15], "rotation": 90, "texture": "#0", "cullface": "down"},
				"down": {"uv": [6, 14, 10, 15], "texture": "#0", "cullface": "down"}
			}
		}
	]
}
