{
	"credit": "Designed by Progical",
	"textures": {
		"0": "block/birch_trapdoor",
		"1": "custom/block/trapdoors/birch/front",
		"particle": "block/birch_trapdoor"
	},
	"elements": [
		{
			"from": [0, 0, 13],
			"to": [16, 3, 16],
			"faces": {
				"north": {"uv": [0, 0, 16, 3], "rotation": 180, "texture": "#0"},
				"east": {"uv": [0, 0, 3, 3], "texture": "#particle", "cullface": "east"},
				"south": {"uv": [0, 0, 16, 3], "texture": "#1", "cullface": "south"},
				"west": {"uv": [13, 0, 16, 3], "texture": "#particle", "cullface": "west"},
				"up": {"uv": [0, 0, 16, 3], "rotation": 180, "texture": "#0"},
				"down": {"uv": [16, 0, 0, 3], "texture": "#0", "cullface": "down"}
			}
		},
		{
			"from": [0, 0, 3],
			"to": [3, 3, 13],
			"faces": {
				"east": {"uv": [13, 3, 16, 13], "rotation": 90, "texture": "#0"},
				"west": {"uv": [3, 0, 13, 3], "texture": "#particle", "cullface": "west"},
				"up": {"uv": [13, 3, 16, 13], "rotation": 180, "texture": "#0"},
				"down": {"uv": [16, 3, 13, 13], "texture": "#0", "cullface": "down"}
			}
		},
		{
			"from": [0, 0, 0],
			"to": [16, 3, 3],
			"faces": {
				"north": {"uv": [0, 0, 16, 3], "texture": "#1", "cullface": "north"},
				"east": {"uv": [13, 0, 16, 3], "texture": "#particle", "cullface": "east"},
				"south": {"uv": [16, 13, 0, 16], "texture": "#0"},
				"west": {"uv": [0, 0, 3, 3], "texture": "#particle", "cullface": "west"},
				"up": {"uv": [0, 13, 16, 16], "rotation": 180, "texture": "#0"},
				"down": {"uv": [16, 13, 0, 16], "texture": "#0", "cullface": "down"}
			}
		},
		{
			"from": [13, 0, 3],
			"to": [16, 3, 13],
			"faces": {
				"east": {"uv": [3, 0, 13, 3], "texture": "#particle", "cullface": "east"},
				"west": {"uv": [0, 13, 3, 3], "rotation": 270, "texture": "#0"},
				"up": {"uv": [0, 3, 3, 13], "rotation": 180, "texture": "#0"},
				"down": {"uv": [3, 3, 0, 13], "texture": "#0", "cullface": "down"}
			}
		},
		{
			"from": [3, 1, 3],
			"to": [13, 2, 13],
			"faces": {
				"up": {"uv": [3, 3, 13, 13], "rotation": 180, "texture": "#0"},
				"down": {"uv": [13, 3, 3, 13], "texture": "#0", "cullface": "down"}
			}
		},
		{
			"from": [5.5, 0, 3],
			"to": [10.5, 3, 3.5],
			"faces": {
				"east": {"uv": [5.5, 13, 6, 16], "texture": "#0"},
				"west": {"uv": [10, 13, 10.5, 16], "texture": "#0"},
				"up": {"uv": [5.5, 12.5, 10.5, 13], "rotation": 180, "texture": "#0"},
				"down": {"uv": [10.5, 12.5, 5.5, 13], "texture": "#0", "cullface": "down"}
			}
		},
		{
			"from": [6, 3, 1],
			"to": [10, 3.5, 1.5],
			"faces": {
				"north": {"uv": [6, 14.5, 10, 15], "texture": "#0"},
				"east": {"uv": [6, 14.5, 6.5, 15], "texture": "#0"},
				"south": {"uv": [6, 14.5, 10, 15], "rotation": 180, "texture": "#0"},
				"west": {"uv": [9.5, 14.5, 10, 15], "texture": "#0"},
				"up": {"uv": [6, 14.5, 10, 15], "rotation": 180, "texture": "#0"}
			}
		},
		{
			"from": [6, -0.5, 1],
			"to": [10, 0, 1.5],
			"faces": {
				"north": {"uv": [6, 14.5, 10, 15], "rotation": 180, "texture": "#0", "cullface": "down"},
				"east": {"uv": [6, 14.5, 6.5, 15], "texture": "#0", "cullface": "down"},
				"south": {"uv": [6, 14.5, 10, 15], "texture": "#0", "cullface": "down"},
				"west": {"uv": [9.5, 14.5, 10, 15], "texture": "#0", "cullface": "down"},
				"down": {"uv": [6, 14.5, 10, 15], "texture": "#0", "cullface": "down"}
			}
		},
		{
			"from": [5.5, 2.5, 3.5],
			"to": [10.5, 3, 3.5],
			"faces": {
				"south": {"uv": [5.5, 12.5, 10.5, 13], "texture": "#0"}
			}
		},
		{
			"from": [5.5, 0, 3.5],
			"to": [10.5, 2.5, 3.5],
			"faces": {
				"south": {"uv": [10.5, 13.5, 5.5, 16], "texture": "#0"}
			}
		}
	],
	"display": {
		"ground": {
			"rotation": [0, 0, -0.5],
			"scale": [0.4, 0.4, 0.4]
		}
	},
	"groups": [0, 1, 2, 3, 4, 5,
		{
			"name": "group",
			"origin": [8, 8, 8],
			"children": [6, 7, 8, 9]
		}
	]
}