{
	"credit": "Made with Blockbench by Juknum",
	"textures": {
		"0": "block/crimson_trapdoor",
		"1": "custom/block/trapdoors/crimson/front",
		"2": "custom/block/trapdoors/crimson/side",
		"particle": "block/crimson_trapdoor"
	},
	"elements": [
		{
			"from": [0, 0, 0],
			"to": [16, 3, 2.5],
			"faces": {
				"north": {"uv": [0, 0, 16, 3], "texture": "#1", "cullface": "north"},
				"east": {"uv": [13, 0, 16, 3], "texture": "#2", "cullface": "east"},
				"south": {"uv": [0, 0, 16, 3], "texture": "#2"},
				"west": {"uv": [0, 0, 2.5, 3], "texture": "#2", "cullface": "west"},
				"up": {"uv": [0, 0, 16, 2.5], "texture": "#0"},
				"down": {"uv": [0, 13.5, 16, 16], "texture": "#0", "cullface": "down"}
			}
		},
		{
			"from": [2.5, 0, 4.5],
			"to": [13.5, 3, 6.5],
			"faces": {
				"north": {"uv": [2.5, 0, 13.5, 3], "texture": "#2"},
				"east": {"uv": [13, 0, 16, 3], "texture": "#2"},
				"south": {"uv": [2.5, 0, 13.5, 3], "texture": "#2"},
				"west": {"uv": [0, 0, 2.5, 3], "texture": "#2", "cullface": "west"},
				"up": {"uv": [2.5, 4.5, 13.5, 6.5], "texture": "#0"},
				"down": {"uv": [2.5, 4.5, 13.5, 6.5], "texture": "#0", "cullface": "down"}
			}
		},
		{
			"from": [2.5, 0, 9.5],
			"to": [13.5, 3, 11.5],
			"faces": {
				"north": {"uv": [2.5, 0, 13.5, 3], "texture": "#2"},
				"east": {"uv": [13, 0, 16, 3], "texture": "#2"},
				"south": {"uv": [2.5, 0, 13.5, 3], "texture": "#2"},
				"west": {"uv": [0, 0, 2.5, 3], "texture": "#2", "cullface": "west"},
				"up": {"uv": [2.5, 9.5, 13.5, 11.5], "texture": "#0"},
				"down": {"uv": [2.5, 9.5, 13.5, 11.5], "texture": "#0", "cullface": "down"}
			}
		},
		{
			"from": [0, 0, 13.5],
			"to": [16, 3, 16],
			"faces": {
				"north": {"uv": [0, 0, 16, 3], "texture": "#2"},
				"east": {"uv": [0, 0, 3, 3], "texture": "#2", "cullface": "east"},
				"south": {"uv": [0, 0, 16, 3], "texture": "#1", "cullface": "south"},
				"west": {"uv": [13.5, 0, 16, 3], "texture": "#2", "cullface": "west"},
				"up": {"uv": [0, 13.5, 16, 16], "texture": "#0"},
				"down": {"uv": [0, 0, 16, 2.5], "texture": "#0", "cullface": "down"}
			}
		},
		{
			"from": [0, 0, 2.5],
			"to": [2.5, 3, 13.5],
			"faces": {
				"east": {"uv": [2.5, 0, 13.5, 3], "texture": "#2"},
				"west": {"uv": [2.5, 0, 13.5, 3], "texture": "#2", "cullface": "west"},
				"up": {"uv": [0, 2.5, 2.5, 13.5], "texture": "#0"},
				"down": {"uv": [0, 2.5, 2.5, 13.5], "texture": "#0", "cullface": "down"}
			}
		},
		{
			"from": [13.5, 0, 2.5],
			"to": [16, 3, 13.5],
			"faces": {
				"east": {"uv": [2.5, 0, 13.5, 3], "texture": "#2", "cullface": "east"},
				"west": {"uv": [2.5, 0, 13.5, 3], "texture": "#2"},
				"up": {"uv": [13.5, 2.5, 16, 13.5], "texture": "#0"},
				"down": {"uv": [13.5, 2.5, 16, 13.5], "texture": "#0", "cullface": "down"}
			}
		}
	],
	"groups": [0, 1, 2, 3, 4, 5,
		{
			"name": "group",
			"origin": [8, 8, 8],
			"children": []
		}
	]
}