{
	"credit": "Made with Blockbench by Juknum & RobertR11",
	"parent": "block/block",
	"textures": {
		"0": "block/chiseled_nether_bricks",
		"particle": "block/chiseled_nether_bricks"
	},
	"elements": [
		{
			"from": [0, 0, 4],
			"to": [1, 4, 12],
			"rotation": {"angle": 0, "axis": "y", "origin": [2, 8, 8]},
			"faces": {
				"west": {"uv": [4, 12, 12, 16], "texture": "#0", "cullface": "west"},
				"up": {"uv": [4, 11.5, 12, 12.5], "rotation": 90, "texture": "#0"}
			}
		},
		{
			"from": [1.5, 5, 5],
			"to": [2, 8, 11],
			"rotation": {"angle": 0, "axis": "y", "origin": [3, 8, 8]},
			"faces": {
				"west": {"uv": [5, 8, 11, 11], "texture": "#0", "cullface": "west"}
			}
		},
		{
			"from": [0, 0, 0],
			"to": [1, 16, 4],
			"rotation": {"angle": 0, "axis": "y", "origin": [2, 8, 8]},
			"faces": {
				"south": {"uv": [6, 10, 6.5, 11], "texture": "#0", "cullface": "west"},
				"west": {"uv": [0, 0, 4, 16], "texture": "#0", "cullface": "west"}
			}
		},
		{
			"from": [0, 0, 12],
			"to": [1, 16, 16],
			"rotation": {"angle": 0, "axis": "y", "origin": [2, 8, 8]},
			"faces": {
				"north": {"uv": [9.5, 10, 10, 11], "texture": "#0", "cullface": "west"},
				"west": {"uv": [12, 0, 16, 16], "texture": "#0", "cullface": "west"}
			}
		},
		{
			"from": [0, 12, 4],
			"to": [1, 16, 12],
			"rotation": {"angle": 0, "axis": "y", "origin": [2, 8, 8]},
			"faces": {
				"west": {"uv": [4, 0, 12, 4], "texture": "#0", "cullface": "west"},
				"down": {"uv": [5, 8, 7, 8.5], "texture": "#0", "cullface": "west"}
			}
		},
		{
			"from": [0.5, 7, 7],
			"to": [1.5, 8, 9],
			"rotation": {"angle": 0, "axis": "y", "origin": [3, 8, 8]},
			"faces": {
				"north": {"uv": [6.5, 8, 7, 9], "texture": "#0", "cullface": "west"},
				"south": {"uv": [9, 8, 9.5, 9], "texture": "#0", "cullface": "west"},
				"west": {"uv": [7, 8, 9, 9], "texture": "#0", "cullface": "west"}
			}
		},
		{
			"from": [0.5, 7, 4],
			"to": [1.5, 8, 5],
			"rotation": {"angle": 0, "axis": "y", "origin": [3, 8, 5]},
			"faces": {
				"north": {"uv": [3.5, 8, 4, 9], "texture": "#0", "cullface": "west"},
				"south": {"uv": [9, 8, 9.5, 9], "texture": "#0", "cullface": "west"},
				"west": {"uv": [4, 8, 5, 9], "texture": "#0", "cullface": "west"}
			}
		},
		{
			"from": [0.5, 7, 11],
			"to": [1.5, 8, 12],
			"rotation": {"angle": 0, "axis": "y", "origin": [3, 8, 12]},
			"faces": {
				"north": {"uv": [12, 8, 12.5, 9], "texture": "#0", "cullface": "west"},
				"south": {"uv": [12, 8, 12.5, 9], "texture": "#0", "cullface": "west"},
				"west": {"uv": [11, 8, 12, 9], "texture": "#0", "cullface": "west"}
			}
		},
		{
			"from": [0.5, 6, 6],
			"to": [1.5, 7, 10],
			"rotation": {"angle": 0, "axis": "y", "origin": [3, 8, 8]},
			"faces": {
				"west": {"uv": [6, 9, 10, 10], "texture": "#0", "cullface": "west"},
				"up": {"uv": [5, 8.5, 7, 9], "texture": "#0", "cullface": "west"},
				"down": {"uv": [6, 10, 10, 10.5], "texture": "#0", "cullface": "west"}
			}
		},
		{
			"from": [0.5, 4, 6],
			"to": [1.5, 5, 10],
			"rotation": {"angle": 0, "axis": "y", "origin": [2, 6, 8]},
			"faces": {
				"west": {"uv": [6, 11, 10, 12], "texture": "#0", "cullface": "west"},
				"up": {"uv": [5, 8.5, 7, 9], "texture": "#0", "cullface": "west"},
				"down": {"uv": [6, 12, 10, 12.5], "texture": "#0", "cullface": "west"}
			}
		},
		{
			"from": [0.5, 4, 10],
			"to": [1.5, 7, 12],
			"rotation": {"angle": 0, "axis": "y", "origin": [2, 6, 10]},
			"faces": {
				"north": {"uv": [10.5, 8, 11, 9], "texture": "#0", "cullface": "west"},
				"south": {"uv": [12, 9, 12.5, 12], "texture": "#0"},
				"west": {"uv": [10, 9, 12, 12], "texture": "#0", "cullface": "west"},
				"up": {"uv": [5, 8.5, 7, 9], "texture": "#0", "cullface": "west"},
				"down": {"uv": [10, 12, 12, 12.5], "texture": "#0", "cullface": "west"}
			}
		},
		{
			"from": [0.5, 4, 4],
			"to": [1.5, 7, 6],
			"rotation": {"angle": 0, "axis": "y", "origin": [2, 6, 4]},
			"faces": {
				"north": {"uv": [3.5, 9, 4, 12], "texture": "#0", "cullface": "west"},
				"south": {"uv": [5, 8, 5.5, 9], "texture": "#0", "cullface": "west"},
				"west": {"uv": [4, 9, 6, 12], "texture": "#0", "cullface": "west"},
				"up": {"uv": [5, 8.5, 7, 9], "texture": "#0", "cullface": "west"},
				"down": {"uv": [4, 12, 6, 12.5], "texture": "#0", "cullface": "west"}
			}
		},
		{
			"from": [0.5, 8, 4],
			"to": [1.5, 12, 12],
			"rotation": {"angle": 0, "axis": "y", "origin": [2, 11, 4]},
			"faces": {
				"north": {"uv": [3.5, 4, 4, 8], "texture": "#0", "cullface": "west"},
				"south": {"uv": [12, 4, 12.5, 8], "texture": "#0", "cullface": "west"},
				"west": {"uv": [4, 4, 12, 8], "texture": "#0", "cullface": "west"},
				"up": {"uv": [4, 3.5, 12, 4], "texture": "#0", "cullface": "west"},
				"down": {"uv": [5, 8, 7, 9], "texture": "#0", "cullface": "west"}
			}
		},
		{
			"from": [15, 0, 4],
			"to": [16, 4, 12],
			"rotation": {"angle": 0, "axis": "y", "origin": [14, 8, 8]},
			"faces": {
				"east": {"uv": [4, 12, 12, 16], "texture": "#0", "cullface": "east"},
				"up": {"uv": [4, 12, 12, 13], "rotation": 90, "texture": "#0"}
			}
		},
		{
			"from": [14, 5, 5],
			"to": [14.5, 8, 11],
			"rotation": {"angle": 0, "axis": "y", "origin": [13, 8, 8]},
			"faces": {
				"east": {"uv": [5, 8, 11, 11], "texture": "#0", "cullface": "east"}
			}
		},
		{
			"from": [15, 0, 12],
			"to": [16, 16, 16],
			"rotation": {"angle": 0, "axis": "y", "origin": [14, 8, 8]},
			"faces": {
				"north": {"uv": [6, 10, 6.5, 11], "texture": "#0", "cullface": "east"},
				"east": {"uv": [0, 0, 4, 16], "texture": "#0", "cullface": "east"}
			}
		},
		{
			"from": [15, 0, 0],
			"to": [16, 16, 4],
			"rotation": {"angle": 0, "axis": "y", "origin": [14, 8, 8]},
			"faces": {
				"east": {"uv": [12, 0, 16, 16], "texture": "#0", "cullface": "east"},
				"south": {"uv": [9.5, 10, 10, 11], "texture": "#0", "cullface": "east"}
			}
		},
		{
			"from": [15, 12, 4],
			"to": [16, 16, 12],
			"rotation": {"angle": 0, "axis": "y", "origin": [14, 8, 8]},
			"faces": {
				"east": {"uv": [4, 0, 12, 4], "texture": "#0", "cullface": "east"},
				"down": {"uv": [5, 8, 7, 8.5], "rotation": 180, "texture": "#0", "cullface": "east"}
			}
		},
		{
			"from": [14.5, 7, 7],
			"to": [15.5, 8, 9],
			"rotation": {"angle": 0, "axis": "y", "origin": [13, 8, 8]},
			"faces": {
				"north": {"uv": [9, 8, 9.5, 9], "texture": "#0", "cullface": "east"},
				"east": {"uv": [7, 8, 9, 9], "texture": "#0", "cullface": "east"},
				"south": {"uv": [6.5, 8, 7, 9], "texture": "#0", "cullface": "east"}
			}
		},
		{
			"from": [14.5, 7, 11],
			"to": [15.5, 8, 12],
			"rotation": {"angle": 0, "axis": "y", "origin": [13, 8, 8]},
			"faces": {
				"north": {"uv": [9, 8, 9.5, 9], "texture": "#0", "cullface": "east"},
				"east": {"uv": [4, 8, 5, 9], "texture": "#0", "cullface": "east"},
				"south": {"uv": [3.5, 8, 4, 9], "texture": "#0", "cullface": "east"}
			}
		},
		{
			"from": [14.5, 7, 4],
			"to": [15.5, 8, 5],
			"rotation": {"angle": 0, "axis": "y", "origin": [13, 8, 8]},
			"faces": {
				"north": {"uv": [12, 8, 12.5, 9], "texture": "#0", "cullface": "east"},
				"east": {"uv": [11, 8, 12, 9], "texture": "#0", "cullface": "east"},
				"south": {"uv": [12, 8, 12.5, 9], "texture": "#0", "cullface": "east"}
			}
		},
		{
			"from": [14.5, 6, 6],
			"to": [15.5, 7, 10],
			"rotation": {"angle": 0, "axis": "y", "origin": [13, 8, 8]},
			"faces": {
				"east": {"uv": [6, 9, 10, 10], "texture": "#0", "cullface": "east"},
				"up": {"uv": [5, 8.5, 7, 9], "rotation": 180, "texture": "#0", "cullface": "east"},
				"down": {"uv": [6, 10, 10, 10.5], "rotation": 180, "texture": "#0", "cullface": "east"}
			}
		},
		{
			"from": [14.5, 4, 6],
			"to": [15.5, 5, 10],
			"rotation": {"angle": 0, "axis": "y", "origin": [13, 8, 8]},
			"faces": {
				"east": {"uv": [6, 11, 10, 12], "texture": "#0", "cullface": "east"},
				"up": {"uv": [5, 8.5, 7, 9], "rotation": 180, "texture": "#0", "cullface": "east"},
				"down": {"uv": [6, 12, 10, 12.5], "rotation": 180, "texture": "#0", "cullface": "east"}
			}
		},
		{
			"from": [14.5, 4, 4],
			"to": [15.5, 7, 6],
			"rotation": {"angle": 0, "axis": "y", "origin": [13, 8, 8]},
			"faces": {
				"north": {"uv": [12, 9, 12.5, 12], "texture": "#0", "cullface": "east"},
				"east": {"uv": [10, 9, 12, 12], "texture": "#0", "cullface": "east"},
				"south": {"uv": [10.5, 8, 11, 9], "texture": "#0", "cullface": "east"},
				"up": {"uv": [5, 8.5, 7, 9], "rotation": 180, "texture": "#0", "cullface": "east"},
				"down": {"uv": [10, 12, 12, 12.5], "rotation": 180, "texture": "#0", "cullface": "east"}
			}
		},
		{
			"from": [14.5, 4, 10],
			"to": [15.5, 7, 12],
			"rotation": {"angle": 0, "axis": "y", "origin": [13, 8, 8]},
			"faces": {
				"north": {"uv": [5, 8, 5.5, 9], "texture": "#0", "cullface": "east"},
				"east": {"uv": [4, 9, 6, 12], "texture": "#0", "cullface": "east"},
				"south": {"uv": [3.5, 9, 4, 12], "texture": "#0", "cullface": "east"},
				"up": {"uv": [5, 8.5, 7, 9], "rotation": 180, "texture": "#0", "cullface": "east"},
				"down": {"uv": [4, 12, 6, 12.5], "rotation": 180, "texture": "#0", "cullface": "east"}
			}
		},
		{
			"from": [14.5, 8, 4],
			"to": [15.5, 12, 12],
			"rotation": {"angle": 0, "axis": "y", "origin": [13, 8, 8]},
			"faces": {
				"north": {"uv": [12, 4, 12.5, 8], "texture": "#0", "cullface": "east"},
				"east": {"uv": [4, 4, 12, 8], "texture": "#0", "cullface": "east"},
				"south": {"uv": [3.5, 4, 4, 8], "texture": "#0", "cullface": "east"},
				"up": {"uv": [4, 3.5, 12, 4], "rotation": 180, "texture": "#0", "cullface": "east"},
				"down": {"uv": [5, 8, 7, 9], "rotation": 180, "texture": "#0", "cullface": "east"}
			}
		},
		{
			"from": [4, 0, 15],
			"to": [12, 4, 16],
			"rotation": {"angle": 0, "axis": "y", "origin": [8, 8, 14]},
			"faces": {
				"south": {"uv": [4, 12, 12, 16], "texture": "#0", "cullface": "south"},
				"up": {"uv": [4, 11.5, 12, 12.5], "texture": "#0"}
			}
		},
		{
			"from": [5, 5, 14],
			"to": [11, 8, 14.5],
			"rotation": {"angle": 0, "axis": "y", "origin": [8, 8, 13]},
			"faces": {
				"south": {"uv": [5, 8, 11, 11], "texture": "#0", "cullface": "south"}
			}
		},
		{
			"from": [0, 0, 15],
			"to": [4, 16, 16],
			"rotation": {"angle": 0, "axis": "y", "origin": [8, 8, 14]},
			"faces": {
				"east": {"uv": [6, 10, 6.5, 11], "texture": "#0", "cullface": "south"},
				"south": {"uv": [0, 0, 4, 16], "texture": "#0", "cullface": "south"}
			}
		},
		{
			"from": [12, 0, 15],
			"to": [16, 16, 16],
			"rotation": {"angle": 0, "axis": "y", "origin": [8, 8, 14]},
			"faces": {
				"south": {"uv": [12, 0, 16, 16], "texture": "#0", "cullface": "south"},
				"west": {"uv": [9.5, 10, 10, 11], "texture": "#0", "cullface": "south"}
			}
		},
		{
			"from": [4, 12, 15],
			"to": [12, 16, 16],
			"rotation": {"angle": 0, "axis": "y", "origin": [8, 8, 14]},
			"faces": {
				"south": {"uv": [4, 0, 12, 4], "texture": "#0", "cullface": "south"},
				"down": {"uv": [5, 8, 7, 8.5], "rotation": 90, "texture": "#0", "cullface": "south"}
			}
		},
		{
			"from": [7, 7, 14.5],
			"to": [9, 8, 15.5],
			"rotation": {"angle": 0, "axis": "y", "origin": [8, 8, 13]},
			"faces": {
				"east": {"uv": [9, 8, 9.5, 9], "texture": "#0", "cullface": "south"},
				"south": {"uv": [7, 8, 9, 9], "texture": "#0", "cullface": "south"},
				"west": {"uv": [6.5, 8, 7, 9], "texture": "#0", "cullface": "south"}
			}
		},
		{
			"from": [4, 7, 14.5],
			"to": [5, 8, 15.5],
			"rotation": {"angle": 0, "axis": "y", "origin": [8, 8, 13]},
			"faces": {
				"east": {"uv": [9, 8, 9.5, 9], "texture": "#0", "cullface": "south"},
				"south": {"uv": [4, 8, 5, 9], "texture": "#0", "cullface": "south"},
				"west": {"uv": [3.5, 8, 4, 9], "texture": "#0", "cullface": "south"}
			}
		},
		{
			"from": [11, 7, 14.5],
			"to": [12, 8, 15.5],
			"rotation": {"angle": 0, "axis": "y", "origin": [8, 8, 13]},
			"faces": {
				"east": {"uv": [12, 8, 12.5, 9], "texture": "#0", "cullface": "south"},
				"south": {"uv": [11, 8, 12, 9], "texture": "#0", "cullface": "south"},
				"west": {"uv": [12, 8, 12.5, 9], "texture": "#0", "cullface": "south"}
			}
		},
		{
			"from": [6, 6, 14.5],
			"to": [10, 7, 15.5],
			"rotation": {"angle": 0, "axis": "y", "origin": [8, 8, 13]},
			"faces": {
				"south": {"uv": [6, 9, 10, 10], "texture": "#0", "cullface": "south"},
				"up": {"uv": [5, 8.5, 7, 9], "rotation": 270, "texture": "#0", "cullface": "south"},
				"down": {"uv": [6, 10, 10, 10.5], "rotation": 90, "texture": "#0", "cullface": "south"}
			}
		},
		{
			"from": [6, 4, 14.5],
			"to": [10, 5, 15.5],
			"rotation": {"angle": 0, "axis": "y", "origin": [8, 8, 13]},
			"faces": {
				"south": {"uv": [6, 11, 10, 12], "texture": "#0", "cullface": "south"},
				"up": {"uv": [5, 8.5, 7, 9], "rotation": 270, "texture": "#0", "cullface": "south"},
				"down": {"uv": [6, 12, 10, 12.5], "rotation": 90, "texture": "#0", "cullface": "south"}
			}
		},
		{
			"from": [10, 4, 14.5],
			"to": [12, 7, 15.5],
			"rotation": {"angle": 0, "axis": "y", "origin": [8, 8, 13]},
			"faces": {
				"east": {"uv": [12, 9, 12.5, 12], "texture": "#0", "cullface": "south"},
				"south": {"uv": [10, 9, 12, 12], "texture": "#0", "cullface": "south"},
				"west": {"uv": [10.5, 8, 11, 9], "texture": "#0", "cullface": "south"},
				"up": {"uv": [5, 8.5, 7, 9], "rotation": 270, "texture": "#0", "cullface": "south"},
				"down": {"uv": [10, 12, 12, 12.5], "rotation": 90, "texture": "#0", "cullface": "south"}
			}
		},
		{
			"from": [4, 4, 14.5],
			"to": [6, 7, 15.5],
			"rotation": {"angle": 0, "axis": "y", "origin": [8, 8, 13]},
			"faces": {
				"east": {"uv": [5, 8, 5.5, 9], "texture": "#0", "cullface": "south"},
				"south": {"uv": [4, 9, 6, 12], "texture": "#0", "cullface": "south"},
				"west": {"uv": [3.5, 9, 4, 12], "texture": "#0", "cullface": "south"},
				"up": {"uv": [5, 8.5, 7, 9], "rotation": 270, "texture": "#0", "cullface": "south"},
				"down": {"uv": [4, 12, 6, 12.5], "rotation": 90, "texture": "#0", "cullface": "south"}
			}
		},
		{
			"from": [4, 8, 14.5],
			"to": [12, 12, 15.5],
			"rotation": {"angle": 0, "axis": "y", "origin": [8, 8, 13]},
			"faces": {
				"east": {"uv": [12, 4, 12.5, 8], "texture": "#0", "cullface": "south"},
				"south": {"uv": [4, 4, 12, 8], "texture": "#0", "cullface": "south"},
				"west": {"uv": [3.5, 4, 4, 8], "texture": "#0", "cullface": "south"},
				"up": {"uv": [4, 3.5, 12, 4], "rotation": 270, "texture": "#0", "cullface": "south"},
				"down": {"uv": [5, 8, 7, 9], "rotation": 90, "texture": "#0", "cullface": "south"}
			}
		},
		{
			"from": [4, 0, 0],
			"to": [12, 4, 1],
			"rotation": {"angle": 0, "axis": "y", "origin": [8, 8, 2]},
			"faces": {
				"north": {"uv": [4, 12, 12, 16], "texture": "#0", "cullface": "north"},
				"up": {"uv": [4, 12, 12, 13], "texture": "#0"}
			}
		},
		{
			"from": [5, 5, 1.5],
			"to": [11, 8, 2],
			"rotation": {"angle": 0, "axis": "y", "origin": [8, 8, 3]},
			"faces": {
				"north": {"uv": [5, 8, 11, 11], "texture": "#0", "cullface": "north"}
			}
		},
		{
			"from": [12, 0, 0],
			"to": [16, 16, 1],
			"rotation": {"angle": 0, "axis": "y", "origin": [8, 8, 2]},
			"faces": {
				"north": {"uv": [0, 0, 4, 16], "texture": "#0", "cullface": "north"},
				"west": {"uv": [6, 10, 6.5, 11], "texture": "#0", "cullface": "north"}
			}
		},
		{
			"from": [0, 0, 0],
			"to": [4, 16, 1],
			"rotation": {"angle": 0, "axis": "y", "origin": [8, 8, 2]},
			"faces": {
				"north": {"uv": [12, 0, 16, 16], "texture": "#0", "cullface": "north"},
				"east": {"uv": [9.5, 10, 10, 11], "texture": "#0", "cullface": "north"}
			}
		},
		{
			"from": [4, 12, 0],
			"to": [12, 16, 1],
			"rotation": {"angle": 0, "axis": "y", "origin": [8, 8, 2]},
			"faces": {
				"north": {"uv": [4, 0, 12, 4], "texture": "#0", "cullface": "north"},
				"down": {"uv": [5, 8, 7, 8.5], "rotation": 270, "texture": "#0", "cullface": "north"}
			}
		},
		{
			"from": [7, 7, 0.5],
			"to": [9, 8, 1.5],
			"rotation": {"angle": 0, "axis": "y", "origin": [8, 8, 3]},
			"faces": {
				"north": {"uv": [7, 8, 9, 9], "texture": "#0", "cullface": "north"},
				"east": {"uv": [6.5, 8, 7, 9], "texture": "#0", "cullface": "north"},
				"west": {"uv": [9, 8, 9.5, 9], "texture": "#0", "cullface": "north"}
			}
		},
		{
			"from": [11, 7, 0.5],
			"to": [12, 8, 1.5],
			"rotation": {"angle": 0, "axis": "y", "origin": [8, 8, 3]},
			"faces": {
				"north": {"uv": [4, 8, 5, 9], "texture": "#0", "cullface": "north"},
				"east": {"uv": [3.5, 8, 4, 9], "texture": "#0", "cullface": "north"},
				"west": {"uv": [9, 8, 9.5, 9], "texture": "#0", "cullface": "north"}
			}
		},
		{
			"from": [4, 7, 0.5],
			"to": [5, 8, 1.5],
			"rotation": {"angle": 0, "axis": "y", "origin": [8, 8, 3]},
			"faces": {
				"north": {"uv": [11, 8, 12, 9], "texture": "#0", "cullface": "north"},
				"east": {"uv": [12, 8, 12.5, 9], "texture": "#0", "cullface": "north"},
				"west": {"uv": [12, 8, 12.5, 9], "texture": "#0", "cullface": "north"}
			}
		},
		{
			"from": [6, 6, 0.5],
			"to": [10, 7, 1.5],
			"rotation": {"angle": 0, "axis": "y", "origin": [8, 8, 3]},
			"faces": {
				"north": {"uv": [6, 9, 10, 10], "texture": "#0", "cullface": "north"},
				"up": {"uv": [5, 8.5, 7, 9], "rotation": 90, "texture": "#0", "cullface": "north"},
				"down": {"uv": [6, 10, 10, 10.5], "rotation": 270, "texture": "#0", "cullface": "north"}
			}
		},
		{
			"from": [6, 4, 0.5],
			"to": [10, 5, 1.5],
			"rotation": {"angle": 0, "axis": "y", "origin": [8, 8, 3]},
			"faces": {
				"north": {"uv": [6, 11, 10, 12], "texture": "#0", "cullface": "north"},
				"up": {"uv": [5, 8.5, 7, 9], "rotation": 90, "texture": "#0", "cullface": "north"},
				"down": {"uv": [6, 12, 10, 12.5], "rotation": 270, "texture": "#0", "cullface": "north"}
			}
		},
		{
			"from": [4, 4, 0.5],
			"to": [6, 7, 1.5],
			"rotation": {"angle": 0, "axis": "y", "origin": [8, 8, 3]},
			"faces": {
				"north": {"uv": [10, 9, 12, 12], "texture": "#0", "cullface": "north"},
				"east": {"uv": [10.5, 8, 11, 9], "texture": "#0", "cullface": "north"},
				"west": {"uv": [12, 9, 12.5, 12], "texture": "#0", "cullface": "north"},
				"up": {"uv": [5, 8.5, 7, 9], "rotation": 90, "texture": "#0", "cullface": "north"},
				"down": {"uv": [10, 12, 12, 12.5], "rotation": 270, "texture": "#0", "cullface": "north"}
			}
		},
		{
			"from": [10, 4, 0.5],
			"to": [12, 7, 1.5],
			"rotation": {"angle": 0, "axis": "y", "origin": [8, 8, 3]},
			"faces": {
				"north": {"uv": [4, 9, 6, 12], "texture": "#0", "cullface": "north"},
				"east": {"uv": [3.5, 9, 4, 12], "texture": "#0", "cullface": "north"},
				"west": {"uv": [5, 8, 5.5, 9], "texture": "#0", "cullface": "north"},
				"up": {"uv": [5, 8.5, 7, 9], "rotation": 90, "texture": "#0", "cullface": "north"},
				"down": {"uv": [4, 12, 6, 12.5], "rotation": 270, "texture": "#0", "cullface": "north"}
			}
		},
		{
			"from": [4, 8, 0.5],
			"to": [12, 12, 1.5],
			"rotation": {"angle": 0, "axis": "y", "origin": [8, 8, 3]},
			"faces": {
				"north": {"uv": [4, 4, 12, 8], "texture": "#0", "cullface": "north"},
				"east": {"uv": [3.5, 4, 4, 8], "texture": "#0", "cullface": "north"},
				"west": {"uv": [12, 4, 12.5, 8], "texture": "#0", "cullface": "north"},
				"up": {"uv": [4, 3.5, 12, 4], "rotation": 90, "texture": "#0", "cullface": "north"},
				"down": {"uv": [5, 8, 7, 9], "rotation": 270, "texture": "#0", "cullface": "north"}
			}
		},
		{
			"from": [4, 15, 12],
			"to": [12, 16, 16],
			"rotation": {"angle": 0, "axis": "x", "origin": [8, 14, 8]},
			"faces": {
				"north": {"uv": [4, 12, 12, 13], "texture": "#0"},
				"up": {"uv": [4, 12, 12, 16], "texture": "#0", "cullface": "up"}
			}
		},
		{
			"from": [5, 14, 8],
			"to": [11, 14.5, 11],
			"rotation": {"angle": 0, "axis": "x", "origin": [8, 13, 8]},
			"faces": {
				"up": {"uv": [5, 8, 11, 11], "texture": "#0", "cullface": "up"}
			}
		},
		{
			"from": [0, 15, 0],
			"to": [4, 16, 16],
			"rotation": {"angle": 0, "axis": "x", "origin": [8, 14, 8]},
			"faces": {
				"east": {"uv": [6, 10, 6.5, 11], "rotation": 90, "texture": "#0", "cullface": "up"},
				"up": {"uv": [0, 0, 4, 16], "texture": "#0", "cullface": "up"}
			}
		},
		{
			"from": [12, 15, 0],
			"to": [16, 16, 16],
			"rotation": {"angle": 0, "axis": "x", "origin": [8, 14, 8]},
			"faces": {
				"west": {"uv": [9.5, 10, 10, 11], "rotation": 270, "texture": "#0", "cullface": "up"},
				"up": {"uv": [12, 0, 16, 16], "texture": "#0", "cullface": "up"}
			}
		},
		{
			"from": [4, 15, 0],
			"to": [12, 16, 4],
			"rotation": {"angle": 0, "axis": "x", "origin": [8, 14, 8]},
			"faces": {
				"south": {"uv": [5, 8, 7, 8.5], "rotation": 90, "texture": "#0", "cullface": "up"},
				"up": {"uv": [4, 0, 12, 4], "texture": "#0", "cullface": "up"}
			}
		},
		{
			"from": [7, 14.5, 8],
			"to": [9, 15.5, 9],
			"rotation": {"angle": 0, "axis": "x", "origin": [8, 13, 8]},
			"faces": {
				"east": {"uv": [9, 8, 9.5, 9], "rotation": 90, "texture": "#0", "cullface": "up"},
				"west": {"uv": [6.5, 8, 7, 9], "rotation": 270, "texture": "#0", "cullface": "up"},
				"up": {"uv": [7, 8, 9, 9], "texture": "#0", "cullface": "up"}
			}
		},
		{
			"from": [4, 14.5, 8],
			"to": [5, 15.5, 9],
			"rotation": {"angle": 0, "axis": "x", "origin": [8, 13, 8]},
			"faces": {
				"east": {"uv": [9, 8, 9.5, 9], "rotation": 90, "texture": "#0", "cullface": "up"},
				"west": {"uv": [3.5, 8, 4, 9], "rotation": 270, "texture": "#0", "cullface": "up"},
				"up": {"uv": [4, 8, 5, 9], "texture": "#0", "cullface": "up"}
			}
		},
		{
			"from": [11, 14.5, 8],
			"to": [12, 15.5, 9],
			"rotation": {"angle": 0, "axis": "x", "origin": [8, 13, 8]},
			"faces": {
				"east": {"uv": [12, 8, 12.5, 9], "rotation": 90, "texture": "#0", "cullface": "up"},
				"west": {"uv": [12, 8, 12.5, 9], "rotation": 270, "texture": "#0", "cullface": "up"},
				"up": {"uv": [11, 8, 12, 9], "texture": "#0", "cullface": "up"}
			}
		},
		{
			"from": [6, 14.5, 9],
			"to": [10, 15.5, 10],
			"rotation": {"angle": 0, "axis": "x", "origin": [8, 13, 8]},
			"faces": {
				"north": {"uv": [5, 8.5, 7, 9], "rotation": 90, "texture": "#0", "cullface": "up"},
				"south": {"uv": [6, 10, 10, 10.5], "rotation": 90, "texture": "#0", "cullface": "up"},
				"up": {"uv": [6, 9, 10, 10], "texture": "#0", "cullface": "up"}
			}
		},
		{
			"from": [6, 14.5, 11],
			"to": [10, 15.5, 12],
			"rotation": {"angle": 0, "axis": "x", "origin": [8, 13, 8]},
			"faces": {
				"north": {"uv": [5, 8.5, 7, 9], "rotation": 90, "texture": "#0", "cullface": "up"},
				"south": {"uv": [6, 12, 10, 12.5], "rotation": 90, "texture": "#0", "cullface": "up"},
				"up": {"uv": [6, 11, 10, 12], "texture": "#0", "cullface": "up"}
			}
		},
		{
			"from": [10, 14.5, 9],
			"to": [12, 15.5, 12],
			"rotation": {"angle": 0, "axis": "x", "origin": [8, 13, 8]},
			"faces": {
				"north": {"uv": [5, 8.5, 7, 9], "rotation": 90, "texture": "#0", "cullface": "up"},
				"east": {"uv": [12, 9, 12.5, 12], "rotation": 90, "texture": "#0", "cullface": "up"},
				"south": {"uv": [10, 12, 12, 12.5], "rotation": 90, "texture": "#0", "cullface": "up"},
				"west": {"uv": [10.5, 8, 11, 9], "rotation": 270, "texture": "#0", "cullface": "up"},
				"up": {"uv": [10, 9, 12, 12], "texture": "#0", "cullface": "up"}
			}
		},
		{
			"from": [4, 14.5, 9],
			"to": [6, 15.5, 12],
			"rotation": {"angle": 0, "axis": "x", "origin": [8, 13, 8]},
			"faces": {
				"north": {"uv": [5, 8.5, 7, 9], "rotation": 90, "texture": "#0", "cullface": "up"},
				"east": {"uv": [5, 8, 5.5, 9], "rotation": 90, "texture": "#0", "cullface": "up"},
				"south": {"uv": [4, 12, 6, 12.5], "rotation": 90, "texture": "#0", "cullface": "up"},
				"west": {"uv": [3.5, 9, 4, 12], "rotation": 270, "texture": "#0", "cullface": "up"},
				"up": {"uv": [4, 9, 6, 12], "texture": "#0", "cullface": "up"}
			}
		},
		{
			"from": [4, 14.5, 4],
			"to": [12, 15.5, 8],
			"rotation": {"angle": 0, "axis": "x", "origin": [8, 13, 8]},
			"faces": {
				"north": {"uv": [4, 3.5, 12, 4], "rotation": 90, "texture": "#0", "cullface": "up"},
				"east": {"uv": [12, 4, 12.5, 8], "rotation": 90, "texture": "#0", "cullface": "up"},
				"south": {"uv": [5, 8, 7, 9], "rotation": 90, "texture": "#0", "cullface": "up"},
				"west": {"uv": [3.5, 4, 4, 8], "rotation": 270, "texture": "#0", "cullface": "up"},
				"up": {"uv": [4, 4, 12, 8], "texture": "#0", "cullface": "up"}
			}
		},
		{
			"from": [4, 0, 0],
			"to": [12, 1, 4],
			"rotation": {"angle": 0, "axis": "x", "origin": [8, 2, 8]},
			"faces": {
				"south": {"uv": [4, 11.5, 12, 12.5], "texture": "#0"},
				"down": {"uv": [4, 12, 12, 16], "texture": "#0", "cullface": "down"}
			}
		},
		{
			"from": [5, 1.5, 5],
			"to": [11, 2, 8],
			"rotation": {"angle": 0, "axis": "x", "origin": [8, 3, 8]},
			"faces": {
				"down": {"uv": [5, 8, 11, 11], "texture": "#0", "cullface": "down"}
			}
		},
		{
			"from": [0, 0, 0],
			"to": [4, 1, 16],
			"rotation": {"angle": 0, "axis": "x", "origin": [8, 2, 8]},
			"faces": {
				"east": {"uv": [6, 10, 6.5, 11], "rotation": 270, "texture": "#0", "cullface": "down"},
				"down": {"uv": [0, 0, 4, 16], "texture": "#0", "cullface": "down"}
			}
		},
		{
			"from": [12, 0, 0],
			"to": [16, 1, 16],
			"rotation": {"angle": 0, "axis": "x", "origin": [8, 2, 8]},
			"faces": {
				"west": {"uv": [9.5, 10, 10, 11], "rotation": 90, "texture": "#0", "cullface": "down"},
				"down": {"uv": [12, 0, 16, 16], "texture": "#0", "cullface": "down"}
			}
		},
		{
			"from": [4, 0, 12],
			"to": [12, 1, 16],
			"rotation": {"angle": 0, "axis": "x", "origin": [8, 2, 8]},
			"faces": {
				"north": {"uv": [5, 8, 7, 8.5], "rotation": 270, "texture": "#0", "cullface": "down"},
				"down": {"uv": [4, 0, 12, 4], "texture": "#0", "cullface": "down"}
			}
		},
		{
			"from": [7, 0.5, 7],
			"to": [9, 1.5, 8],
			"rotation": {"angle": 0, "axis": "x", "origin": [8, 3, 8]},
			"faces": {
				"east": {"uv": [9, 8, 9.5, 9], "rotation": 270, "texture": "#0", "cullface": "down"},
				"west": {"uv": [6.5, 8, 7, 9], "rotation": 90, "texture": "#0", "cullface": "down"},
				"down": {"uv": [7, 8, 9, 9], "texture": "#0", "cullface": "down"}
			}
		},
		{
			"from": [4, 0.5, 7],
			"to": [5, 1.5, 8],
			"rotation": {"angle": 0, "axis": "x", "origin": [8, 3, 8]},
			"faces": {
				"east": {"uv": [9, 8, 9.5, 9], "rotation": 270, "texture": "#0", "cullface": "down"},
				"west": {"uv": [3.5, 8, 4, 9], "rotation": 90, "texture": "#0", "cullface": "down"},
				"down": {"uv": [4, 8, 5, 9], "texture": "#0", "cullface": "down"}
			}
		},
		{
			"from": [11, 0.5, 7],
			"to": [12, 1.5, 8],
			"rotation": {"angle": 0, "axis": "x", "origin": [8, 3, 8]},
			"faces": {
				"east": {"uv": [12, 8, 12.5, 9], "rotation": 270, "texture": "#0", "cullface": "down"},
				"west": {"uv": [12, 8, 12.5, 9], "rotation": 90, "texture": "#0", "cullface": "down"},
				"down": {"uv": [11, 8, 12, 9], "texture": "#0", "cullface": "down"}
			}
		},
		{
			"from": [6, 0.5, 6],
			"to": [10, 1.5, 7],
			"rotation": {"angle": 0, "axis": "x", "origin": [8, 3, 8]},
			"faces": {
				"north": {"uv": [6, 10, 10, 10.5], "rotation": 270, "texture": "#0", "cullface": "down"},
				"south": {"uv": [5, 8.5, 7, 9], "rotation": 270, "texture": "#0", "cullface": "down"},
				"down": {"uv": [6, 9, 10, 10], "texture": "#0", "cullface": "down"}
			}
		},
		{
			"from": [6, 0.5, 4],
			"to": [10, 1.5, 5],
			"rotation": {"angle": 0, "axis": "x", "origin": [8, 3, 8]},
			"faces": {
				"north": {"uv": [6, 12, 10, 12.5], "rotation": 270, "texture": "#0", "cullface": "down"},
				"south": {"uv": [5, 8.5, 7, 9], "rotation": 270, "texture": "#0", "cullface": "down"},
				"down": {"uv": [6, 11, 10, 12], "texture": "#0", "cullface": "down"}
			}
		},
		{
			"from": [10, 0.5, 4],
			"to": [12, 1.5, 7],
			"rotation": {"angle": 0, "axis": "x", "origin": [8, 3, 8]},
			"faces": {
				"north": {"uv": [10, 12, 12, 12.5], "rotation": 270, "texture": "#0", "cullface": "down"},
				"east": {"uv": [12, 9, 12.5, 12], "rotation": 270, "texture": "#0", "cullface": "down"},
				"south": {"uv": [5, 8.5, 7, 9], "rotation": 270, "texture": "#0", "cullface": "down"},
				"west": {"uv": [10.5, 8, 11, 9], "rotation": 90, "texture": "#0", "cullface": "down"},
				"down": {"uv": [10, 9, 12, 12], "texture": "#0", "cullface": "down"}
			}
		},
		{
			"from": [4, 0.5, 4],
			"to": [6, 1.5, 7],
			"rotation": {"angle": 0, "axis": "x", "origin": [8, 3, 8]},
			"faces": {
				"north": {"uv": [4, 12, 6, 12.5], "rotation": 270, "texture": "#0", "cullface": "down"},
				"east": {"uv": [5, 8, 5.5, 9], "rotation": 270, "texture": "#0", "cullface": "down"},
				"south": {"uv": [5, 8.5, 7, 9], "rotation": 270, "texture": "#0", "cullface": "down"},
				"west": {"uv": [3.5, 9, 4, 12], "rotation": 90, "texture": "#0", "cullface": "down"},
				"down": {"uv": [4, 9, 6, 12], "texture": "#0", "cullface": "down"}
			}
		},
		{
			"from": [4, 0.5, 8],
			"to": [12, 1.5, 12],
			"rotation": {"angle": 0, "axis": "x", "origin": [8, 3, 8]},
			"faces": {
				"north": {"uv": [5, 8, 7, 9], "rotation": 270, "texture": "#0", "cullface": "down"},
				"east": {"uv": [12, 4, 12.5, 8], "rotation": 270, "texture": "#0", "cullface": "down"},
				"south": {"uv": [4, 3.5, 12, 4], "rotation": 270, "texture": "#0", "cullface": "down"},
				"west": {"uv": [3.5, 4, 4, 8], "rotation": 90, "texture": "#0", "cullface": "down"},
				"down": {"uv": [4, 4, 12, 8], "texture": "#0", "cullface": "down"}
			}
		}
	],
	"groups": [
		{
			"name": "west",
			"origin": [8, 8, 8],
			"children": [0, 1, 2, 3, 4, 5, 6, 7, 8, 9, 10, 11, 12]
		},
		{
			"name": "east",
			"origin": [8, 8, 8],
			"children": [13, 14, 15, 16, 17, 18, 19, 20, 21, 22, 23, 24, 25]
		},
		{
			"name": "south",
			"origin": [8, 8, 8],
			"children": [26, 27, 28, 29, 30, 31, 32, 33, 34, 35, 36, 37, 38]
		},
		{
			"name": "north",
			"origin": [8, 8, 8],
			"children": [39, 40, 41, 42, 43, 44, 45, 46, 47, 48, 49, 50, 51]
		},
		{
			"name": "top",
			"origin": [8, 8, 8],
			"children": [52, 53, 54, 55, 56, 57, 58, 59, 60, 61, 62, 63, 64]
		},
		{
			"name": "bottom",
			"origin": [8, 8, 8],
			"children": [65, 66, 67, 68, 69, 70, 71, 72, 73, 74, 75, 76, 77]
		}
	]
}