{
	"credit": "Made with Blockbench by Juknum",
	"textures": {
		"0": "block/crimson_fungus",
		"1": "block/crimson_fungus_bottom",
		"2": "block/crimson_fungus_top",
		"particle": "block/crimson_fungus"
	},
	"elements": [
		{
			"from": [7, 0, 7],
			"to": [9, 5, 9],
			"rotation": {"angle": 0, "axis": "y", "origin": [15, 8, 15]},
			"faces": {
				"north": {"uv": [7, 11, 9, 16], "texture": "#0"},
				"east": {"uv": [7, 11, 9, 16], "texture": "#0"},
				"south": {"uv": [7, 11, 9, 16], "texture": "#0"},
				"west": {"uv": [7, 11, 9, 16], "texture": "#0"},
				"down": {"uv": [7, 14, 9, 16], "texture": "#0"}
			}
		},
		{
			"from": [4, 5, 4],
			"to": [12, 5.5, 12],
			"rotation": {"angle": 0, "axis": "y", "origin": [12, 13, 12]},
			"faces": {
				"north": {"uv": [4, 10.5, 12, 11], "texture": "#0"},
				"east": {"uv": [12, 10.5, 4, 11], "texture": "#0"},
				"south": {"uv": [4, 10.5, 12, 11], "texture": "#0"},
				"west": {"uv": [12, 10.5, 4, 11], "texture": "#0"},
				"down": {"uv": [4, 4, 12, 12], "texture": "#1"}
			}
		},
		{
			"from": [4, 8, 4],
			"to": [12, 8.5, 12],
			"rotation": {"angle": 0, "axis": "y", "origin": [12, 16, 12]},
			"faces": {
				"north": {"uv": [4, 7.5, 12, 8], "texture": "#0"},
				"east": {"uv": [12, 7.5, 4, 8], "texture": "#0"},
				"south": {"uv": [4, 7.5, 12, 8], "texture": "#0"},
				"west": {"uv": [12, 7.5, 4, 8], "texture": "#0"},
				"up": {"uv": [4, 4, 12, 12], "texture": "#2"}
			}
		},
		{
			"from": [4.5, 8.5, 4.5],
			"to": [11.5, 9, 11.5],
			"rotation": {"angle": 0, "axis": "y", "origin": [12.5, 16.5, 12.5]},
			"faces": {
				"north": {"uv": [4.5, 7, 11.5, 7.5], "texture": "#0"},
				"east": {"uv": [11.5, 7, 4.5, 7.5], "texture": "#0"},
				"south": {"uv": [4.5, 7, 11.5, 7.5], "texture": "#0"},
				"west": {"uv": [11.5, 7, 4.5, 7.5], "texture": "#0"},
				"up": {"uv": [4.5, 4.5, 11.5, 11.5], "texture": "#2"}
			}
		},
		{
			"from": [5, 9, 5],
			"to": [11, 10.5, 11],
			"rotation": {"angle": 0, "axis": "y", "origin": [13, 17, 13]},
			"faces": {
				"north": {"uv": [5, 5.5, 11, 7], "texture": "#0"},
				"east": {"uv": [11, 5.5, 5, 7], "texture": "#0"},
				"south": {"uv": [5, 5.5, 11, 7], "texture": "#0"},
				"west": {"uv": [11, 5.5, 5, 7], "texture": "#0"},
				"up": {"uv": [5, 5, 11, 11], "texture": "#2"}
			}
		},
		{
			"from": [5.5, 10.5, 5.5],
			"to": [10.5, 11.5, 10.5],
			"rotation": {"angle": 0, "axis": "y", "origin": [13.5, 18.5, 13.5]},
			"faces": {
				"north": {"uv": [5.5, 4.5, 10.5, 5.5], "texture": "#0"},
				"east": {"uv": [10.5, 4.5, 5.5, 5.5], "texture": "#0"},
				"south": {"uv": [5.5, 4.5, 10.5, 5.5], "texture": "#0"},
				"west": {"uv": [10.5, 4.5, 5.5, 5.5], "texture": "#0"},
				"up": {"uv": [5.5, 5.5, 10.5, 10.5], "texture": "#2"}
			}
		},
		{
			"from": [6, 11.5, 6],
			"to": [10, 12, 10],
			"rotation": {"angle": 0, "axis": "y", "origin": [14, 19.5, 14]},
			"faces": {
				"north": {"uv": [6, 4, 10, 4.5], "texture": "#0"},
				"east": {"uv": [10, 4, 6, 4.5], "texture": "#0"},
				"south": {"uv": [6, 4, 10, 4.5], "texture": "#0"},
				"west": {"uv": [10, 4, 6, 4.5], "texture": "#0"},
				"up": {"uv": [6, 6, 10, 10], "texture": "#2"}
			}
		},
		{
			"from": [3.5, 5.5, 3.5],
			"to": [12.5, 6, 12.5],
			"rotation": {"angle": 0, "axis": "y", "origin": [11.5, 13.5, 11.5]},
			"faces": {
				"north": {"uv": [3.5, 10, 12.5, 10.5], "texture": "#0"},
				"east": {"uv": [12.5, 10, 3.5, 10.5], "texture": "#0"},
				"south": {"uv": [3.5, 10, 12.5, 10.5], "texture": "#0"},
				"west": {"uv": [12.5, 10, 3.5, 10.5], "texture": "#0"},
				"down": {"uv": [3.5, 3.5, 12.5, 12.5], "texture": "#1"}
			}
		},
		{
			"from": [3, 6, 3],
			"to": [13, 8, 13],
			"rotation": {"angle": 0, "axis": "y", "origin": [11, 14, 11]},
			"faces": {
				"north": {"uv": [3, 8, 13, 10], "texture": "#0"},
				"east": {"uv": [13, 8, 3, 10], "texture": "#0"},
				"south": {"uv": [3, 8, 13, 10], "texture": "#0"},
				"west": {"uv": [13, 8, 3, 10], "texture": "#0"},
				"up": {"uv": [3, 3, 13, 13], "texture": "#2"},
				"down": {"uv": [3, 3, 13, 13], "texture": "#1"}
			}
		}
	]
}