{
	"credit": "Made with Blockbench by Juknum",
	"parent": "block/block",
	"textures": {
		"0": "block/cut_red_sandstone",
		"1": "block/red_sandstone_top",
		"particle": "block/cut_red_sandstone"
	},
	"elements": [
		{
			"from": [0, 0, 0],
			"to": [16, 1, 16],
			"rotation": {"angle": 0, "axis": "y", "origin": [8, -3, 8]},
			"faces": {
				"north": {"uv": [0, 15, 16, 16], "texture": "#0", "cullface": "north"},
				"east": {"uv": [0, 15, 16, 16], "texture": "#0", "cullface": "east"},
				"south": {"uv": [0, 15, 16, 16], "texture": "#0", "cullface": "south"},
				"west": {"uv": [0, 15, 16, 16], "texture": "#0", "cullface": "west"},
				"down": {"uv": [0, 0, 16, 16], "texture": "#1", "cullface": "down"}
			}
		},
		{
			"from": [0, 1, 0],
			"to": [16, 8, 16],
			"rotation": {"angle": 0, "axis": "y", "origin": [8, 9, 8]},
			"faces": {
				"north": {"uv": [0, 0, 16, 7], "texture": "#0", "cullface": "north"},
				"east": {"uv": [0, 0, 16, 7], "texture": "#0", "cullface": "east"},
				"south": {"uv": [0, 0, 16, 7], "texture": "#0", "cullface": "south"},
				"west": {"uv": [0, 0, 16, 7], "texture": "#0", "cullface": "west"},
				"up": {"uv": [0, 0, 16, 16], "texture": "#1"}
			}
		},
		{
			"from": [1, 1, -0.25],
			"to": [16, 5, 0],
			"faces": {
				"north": {"uv": [0, 3, 15, 7], "texture": "#0", "cullface": "north"},
				"east": {"uv": [0, 3, 0.25, 7], "texture": "#0", "cullface": "north"},
				"west": {"uv": [15, 3, 15.25, 7], "texture": "#0", "cullface": "north"},
				"up": {"uv": [0, 3, 15, 3.25], "texture": "#0", "cullface": "north"},
				"down": {"uv": [0, 15, 15, 15.25], "texture": "#0", "cullface": "north"}
			}
		},
		{
			"from": [0, 6, -0.25],
			"to": [16, 8, 0],
			"rotation": {"angle": 0, "axis": "y", "origin": [8, 11, 8]},
			"faces": {
				"north": {"uv": [0, 0, 16, 2], "texture": "#0", "cullface": "north"},
				"east": {"uv": [0, 0, 0.25, 2], "texture": "#0", "cullface": "north"},
				"west": {"uv": [15.5, 0, 15.75, 2], "texture": "#0", "cullface": "north"},
				"up": {"uv": [0, 15.5, 16, 15.75], "texture": "#1", "cullface": "north"},
				"down": {"uv": [0, 1.5, 16, 1.75], "texture": "#0", "cullface": "north"}
			}
		},
		{
			"from": [-0.25, 1, 0],
			"to": [0, 5, 15],
			"faces": {
				"north": {"uv": [0, 3, 0.25, 7], "texture": "#0", "cullface": "west"},
				"south": {"uv": [15, 3, 15.25, 7], "texture": "#0", "cullface": "west"},
				"west": {"uv": [0, 3, 15, 7], "texture": "#0", "cullface": "west"},
				"up": {"uv": [0, 3, 15, 3.25], "rotation": 270, "texture": "#0", "cullface": "west"},
				"down": {"uv": [0, 15, 15, 15.25], "rotation": 90, "texture": "#0", "cullface": "west"}
			}
		},
		{
			"from": [-0.25, 6, 0],
			"to": [0, 8, 16],
			"rotation": {"angle": 0, "axis": "y", "origin": [8, 11, 8]},
			"faces": {
				"north": {"uv": [0, 0, 0.25, 2], "texture": "#0", "cullface": "west"},
				"south": {"uv": [15.5, 0, 15.75, 2], "texture": "#0", "cullface": "west"},
				"west": {"uv": [0, 0, 16, 2], "texture": "#0", "cullface": "west"},
				"up": {"uv": [0, 15.5, 16, 15.75], "rotation": 270, "texture": "#1", "cullface": "west"},
				"down": {"uv": [0, 1.5, 16, 1.75], "rotation": 90, "texture": "#0", "cullface": "west"}
			}
		},
		{
			"from": [0, 1, 16],
			"to": [15, 5, 16.25],
			"faces": {
				"east": {"uv": [15, 3, 15.25, 7], "texture": "#0", "cullface": "south"},
				"south": {"uv": [0, 3, 15, 7], "texture": "#0", "cullface": "south"},
				"west": {"uv": [0, 3, 0.25, 7], "texture": "#0", "cullface": "south"},
				"up": {"uv": [0, 3, 15, 3.25], "rotation": 180, "texture": "#0", "cullface": "south"},
				"down": {"uv": [0, 15, 15, 15.25], "rotation": 180, "texture": "#0", "cullface": "south"}
			}
		},
		{
			"from": [0, 6, 16],
			"to": [16, 8, 16.25],
			"rotation": {"angle": 0, "axis": "y", "origin": [8, 11, 8]},
			"faces": {
				"east": {"uv": [15.5, 0, 15.75, 2], "texture": "#0", "cullface": "south"},
				"south": {"uv": [0, 0, 16, 2], "texture": "#0", "cullface": "south"},
				"west": {"uv": [0, 0, 0.25, 2], "texture": "#0", "cullface": "south"},
				"up": {"uv": [0, 15.5, 16, 15.75], "rotation": 180, "texture": "#1", "cullface": "south"},
				"down": {"uv": [0, 1.5, 16, 1.75], "rotation": 180, "texture": "#0", "cullface": "south"}
			}
		},
		{
			"from": [16, 6, 0],
			"to": [16.25, 8, 16],
			"rotation": {"angle": 0, "axis": "y", "origin": [8, 11, 8]},
			"faces": {
				"north": {"uv": [15.5, 0, 15.75, 2], "texture": "#0", "cullface": "east"},
				"east": {"uv": [0, 0, 16, 2], "texture": "#0", "cullface": "east"},
				"south": {"uv": [0, 0, 0.25, 2], "texture": "#0", "cullface": "east"},
				"up": {"uv": [0, 15.5, 16, 15.75], "rotation": 90, "texture": "#1", "cullface": "east"},
				"down": {"uv": [0, 1.5, 16, 1.75], "rotation": 270, "texture": "#0", "cullface": "east"}
			}
		},
		{
			"from": [16, 1, 1],
			"to": [16.25, 5, 16],
			"faces": {
				"north": {"uv": [15, 3, 15.25, 7], "texture": "#0", "cullface": "east"},
				"east": {"uv": [0, 3, 15, 7], "texture": "#0", "cullface": "east"},
				"south": {"uv": [0, 3, 0.25, 7], "texture": "#0", "cullface": "east"},
				"up": {"uv": [0, 3, 15, 3.25], "rotation": 90, "texture": "#0", "cullface": "east"},
				"down": {"uv": [0, 15, 15, 15.25], "rotation": 270, "texture": "#0", "cullface": "east"}
			}
		}
	],
	"groups": [0, 1,
		{
			"name": "north",
			"origin": [8, 11, 8],
			"children": [2, 3]
		},
		{
			"name": "west",
			"origin": [8, 11, 8],
			"children": [4, 5]
		},
		{
			"name": "south",
			"origin": [8, 11, 8],
			"children": [6, 7]
		},
		{
			"name": "east",
			"origin": [8, 8, 8],
			"children": [8, 9]
		}
	]
}