{
	"credit": "Made with Blockbench by Juknum",
	"parent": "block/block",
	"ambientocclusion": false,
	"textures": {
		"3": "block/end_portal_frame_eye",
		"end_portal_frame_top": "block/end_portal_frame_top",
		"particle": "block/end_portal_frame_side",
		"end_portal_frame_side": "block/end_portal_frame_side",
		"endstone": "block/end_stone"
	},
	"elements": [
		{
			"from": [0.5, 13, 1.5],
			"to": [1.5, 13.5, 5.5],
			"faces": {
				"north": {"uv": [0.5, 1.5, 1.5, 2], "rotation": 180, "texture": "#end_portal_frame_top"},
				"east": {"uv": [1, 1.5, 1.5, 5.5], "texture": "#end_portal_frame_top"},
				"south": {"uv": [0.5, 5, 1.5, 5.5], "texture": "#end_portal_frame_top"},
				"west": {"uv": [0.5, 1.5, 1, 5.5], "texture": "#end_portal_frame_top"},
				"up": {"uv": [0.5, 1.5, 1.5, 5.5], "texture": "#end_portal_frame_top"}
			}
		},
		{
			"from": [0.5, 13, 10.5],
			"to": [1.5, 13.5, 14.5],
			"faces": {
				"north": {"uv": [0.5, 1.5, 1.5, 2], "rotation": 180, "texture": "#end_portal_frame_top"},
				"east": {"uv": [1, 1.5, 1.5, 5.5], "texture": "#end_portal_frame_top"},
				"south": {"uv": [0.5, 5, 1.5, 5.5], "texture": "#end_portal_frame_top"},
				"west": {"uv": [0.5, 1.5, 1, 5.5], "texture": "#end_portal_frame_top"},
				"up": {"uv": [0.5, 1.5, 1.5, 5.5], "texture": "#end_portal_frame_top"}
			}
		},
		{
			"from": [14.5, 13, 10.5],
			"to": [15.5, 13.5, 14.5],
			"faces": {
				"north": {"uv": [14.5, 10.5, 15.5, 11], "rotation": 180, "texture": "#end_portal_frame_top"},
				"east": {"uv": [0.5, 1.5, 1, 5.5], "texture": "#end_portal_frame_top"},
				"south": {"uv": [14.5, 14, 15.5, 14.5], "rotation": 180, "texture": "#end_portal_frame_top"},
				"west": {"uv": [14.5, 10.5, 15, 14.5], "rotation": 270, "texture": "#end_portal_frame_top"},
				"up": {"uv": [14.5, 10.5, 15.5, 14.5], "texture": "#end_portal_frame_top"}
			}
		},
		{
			"from": [14.5, 13, 1.5],
			"to": [15.5, 13.5, 5.5],
			"faces": {
				"north": {"uv": [14.5, 10.5, 15.5, 11], "rotation": 180, "texture": "#end_portal_frame_top"},
				"east": {"uv": [0.5, 1.5, 1, 5.5], "texture": "#end_portal_frame_top"},
				"south": {"uv": [14.5, 14, 15.5, 14.5], "rotation": 180, "texture": "#end_portal_frame_top"},
				"west": {"uv": [14.5, 10.5, 15, 14.5], "texture": "#end_portal_frame_top"},
				"up": {"uv": [14.5, 1.5, 15.5, 5.5], "texture": "#end_portal_frame_top"}
			}
		},
		{
			"from": [0.5, 13, 5.5],
			"to": [1, 13.5, 6],
			"faces": {
				"east": {"uv": [0.5, 5.5, 1, 6], "rotation": 180, "texture": "#end_portal_frame_top"},
				"south": {"uv": [0.5, 5.5, 1, 6], "rotation": 180, "texture": "#end_portal_frame_top"},
				"west": {"uv": [0.5, 5.5, 1, 6], "rotation": 180, "texture": "#end_portal_frame_top"},
				"up": {"uv": [0.5, 5.5, 1, 6], "rotation": 180, "texture": "#end_portal_frame_top"}
			}
		},
		{
			"from": [1, 13, 1],
			"to": [1.5, 13.5, 1.5],
			"faces": {
				"north": {"uv": [1, 1, 1.5, 1.5], "rotation": 180, "texture": "#end_portal_frame_top"},
				"west": {"uv": [1, 1, 1.5, 1.5], "rotation": 180, "texture": "#end_portal_frame_top"},
				"up": {"uv": [1, 1, 1.5, 1.5], "rotation": 180, "texture": "#end_portal_frame_top"}
			}
		},
		{
			"from": [1, 13, 14.5],
			"to": [1.5, 13.5, 15],
			"faces": {
				"south": {"uv": [1, 14.5, 1.5, 15], "rotation": 180, "texture": "#end_portal_frame_top"},
				"west": {"uv": [1, 14.5, 1.5, 15], "rotation": 180, "texture": "#end_portal_frame_top"},
				"up": {"uv": [1, 14.5, 1.5, 15], "rotation": 180, "texture": "#end_portal_frame_top"}
			}
		},
		{
			"from": [1.5, 13, 13.5],
			"to": [2, 13.5, 14.5],
			"faces": {
				"north": {"uv": [1.5, 13.5, 2, 14], "rotation": 180, "texture": "#end_portal_frame_top"},
				"east": {"uv": [1.5, 13.5, 2, 14.5], "rotation": 90, "texture": "#end_portal_frame_top"},
				"up": {"uv": [1.5, 13.5, 2, 14.5], "texture": "#end_portal_frame_top"}
			}
		},
		{
			"from": [1.5, 13, 2],
			"to": [2, 13.5, 2.5],
			"faces": {
				"east": {"uv": [1.5, 2, 2, 2.5], "rotation": 180, "texture": "#end_portal_frame_top"},
				"south": {"uv": [1.5, 2, 2, 2.5], "rotation": 180, "texture": "#end_portal_frame_top"},
				"up": {"uv": [1.5, 2, 2, 2.5], "rotation": 180, "texture": "#end_portal_frame_top"}
			}
		},
		{
			"from": [14, 13, 13.5],
			"to": [14.5, 13.5, 14],
			"faces": {
				"north": {"uv": [1.5, 2, 2, 2.5], "rotation": 180, "texture": "#end_portal_frame_top"},
				"west": {"uv": [1.5, 2, 2, 2.5], "rotation": 180, "texture": "#end_portal_frame_top"},
				"up": {"uv": [1.5, 2, 2, 2.5], "rotation": 180, "texture": "#end_portal_frame_top"}
			}
		},
		{
			"from": [1.5, 13, 1.5],
			"to": [2.5, 13.5, 2],
			"faces": {
				"east": {"uv": [2, 1.5, 2.5, 2], "rotation": 180, "texture": "#end_portal_frame_top"},
				"south": {"uv": [1.5, 1.5, 2.5, 2], "texture": "#end_portal_frame_top"},
				"up": {"uv": [1.5, 1.5, 2.5, 2], "texture": "#end_portal_frame_top"}
			}
		},
		{
			"from": [0.5, 13, 10],
			"to": [1, 13.5, 10.5],
			"faces": {
				"north": {"uv": [0.5, 5.5, 1, 6], "rotation": 180, "texture": "#end_portal_frame_top"},
				"east": {"uv": [0.5, 5.5, 1, 6], "rotation": 180, "texture": "#end_portal_frame_top"},
				"west": {"uv": [0.5, 5.5, 1, 6], "rotation": 180, "texture": "#end_portal_frame_top"},
				"up": {"uv": [0.5, 5.5, 1, 6], "rotation": 180, "texture": "#end_portal_frame_top"}
			}
		},
		{
			"from": [15, 13, 7],
			"to": [15.5, 13.5, 9],
			"faces": {
				"north": {"uv": [0.5, 5.5, 1, 6], "rotation": 180, "texture": "#end_portal_frame_top"},
				"east": {"uv": [0.5, 5.5, 1, 6], "rotation": 180, "texture": "#end_portal_frame_top"},
				"south": {"uv": [0.5, 5.5, 1, 6], "rotation": 180, "texture": "#end_portal_frame_top"},
				"west": {"uv": [0.5, 5.5, 1, 6], "rotation": 180, "texture": "#end_portal_frame_top"},
				"up": {"uv": [0.5, 5.5, 1, 6], "rotation": 180, "texture": "#end_portal_frame_top"}
			}
		},
		{
			"from": [0.5, 13, 7],
			"to": [1, 13.5, 9],
			"faces": {
				"north": {"uv": [0.5, 5.5, 1, 6], "rotation": 180, "texture": "#end_portal_frame_top"},
				"east": {"uv": [0.5, 5.5, 1, 6], "rotation": 180, "texture": "#end_portal_frame_top"},
				"south": {"uv": [0.5, 5.5, 1, 6], "rotation": 180, "texture": "#end_portal_frame_top"},
				"west": {"uv": [0.5, 5.5, 1, 6], "rotation": 180, "texture": "#end_portal_frame_top"},
				"up": {"uv": [0.5, 5.5, 1, 6], "rotation": 180, "texture": "#end_portal_frame_top"}
			}
		},
		{
			"from": [1, 13, 7.5],
			"to": [1.5, 13.5, 8.5],
			"faces": {
				"north": {"uv": [1, 7.5, 1.5, 8], "rotation": 180, "texture": "#end_portal_frame_top"},
				"east": {"uv": [1, 7.5, 1.5, 8.5], "rotation": 90, "texture": "#end_portal_frame_top"},
				"south": {"uv": [1, 8, 1.5, 8.5], "rotation": 180, "texture": "#end_portal_frame_top"},
				"up": {"uv": [1, 7.5, 1.5, 8.5], "texture": "#end_portal_frame_top"}
			}
		},
		{
			"from": [14.5, 13, 7.5],
			"to": [15, 13.5, 8.5],
			"faces": {
				"north": {"uv": [14.5, 7.5, 15, 8.5], "texture": "#end_portal_frame_top"},
				"south": {"uv": [14.5, 7.5, 15, 8.5], "texture": "#end_portal_frame_top"},
				"west": {"uv": [14.5, 7.5, 15, 8.5], "texture": "#end_portal_frame_top"},
				"up": {"uv": [14.5, 7.5, 15, 8.5], "texture": "#end_portal_frame_top"}
			}
		},
		{
			"from": [7, 13, 4],
			"to": [9, 13.5, 4.5],
			"faces": {
				"east": {"uv": [14.5, 7.5, 15, 8.5], "texture": "#end_portal_frame_top"},
				"south": {"uv": [14.5, 7.5, 15, 8.5], "texture": "#end_portal_frame_top"},
				"west": {"uv": [14.5, 7.5, 15, 8.5], "texture": "#end_portal_frame_top"},
				"up": {"uv": [14.5, 7.5, 15, 8.5], "texture": "#end_portal_frame_top"}
			}
		},
		{
			"from": [7, 13, 11.5],
			"to": [9, 13.5, 12],
			"faces": {
				"north": {"uv": [14.5, 7.5, 15, 8.5], "texture": "#end_portal_frame_top"},
				"east": {"uv": [14.5, 7.5, 15, 8.5], "texture": "#end_portal_frame_top"},
				"west": {"uv": [14.5, 7.5, 15, 8.5], "texture": "#end_portal_frame_top"},
				"up": {"uv": [14.5, 7.5, 15, 8.5], "texture": "#end_portal_frame_top"}
			}
		},
		{
			"from": [7, 13, 1],
			"to": [9, 13.5, 1.5],
			"faces": {
				"east": {"uv": [7, 14.5, 9, 15], "texture": "#end_portal_frame_top"},
				"south": {"uv": [7, 1, 9, 1.5], "texture": "#end_portal_frame_top"},
				"west": {"uv": [6.5, 0.5, 7, 1], "texture": "#end_portal_frame_top"},
				"up": {"uv": [7, 1, 9, 1.5], "texture": "#end_portal_frame_top"}
			}
		},
		{
			"from": [7, 13, 14.5],
			"to": [9, 13.5, 15],
			"faces": {
				"north": {"uv": [7, 14.5, 9, 15], "texture": "#end_portal_frame_top"},
				"east": {"uv": [7, 14.5, 9, 15], "texture": "#end_portal_frame_top"},
				"west": {"uv": [7, 14.5, 9, 15], "texture": "#end_portal_frame_top"},
				"up": {"uv": [7, 14.5, 9, 15], "texture": "#end_portal_frame_top"}
			}
		},
		{
			"from": [6.5, 13, 15],
			"to": [9.5, 13.5, 15.5],
			"faces": {
				"north": {"uv": [7, 14.5, 9, 15], "texture": "#end_portal_frame_top"},
				"east": {"uv": [7, 14.5, 9, 15], "texture": "#end_portal_frame_top"},
				"south": {"uv": [7, 14.5, 9, 15], "texture": "#end_portal_frame_top"},
				"west": {"uv": [7, 14.5, 9, 15], "texture": "#end_portal_frame_top"},
				"up": {"uv": [7, 14.5, 9, 15], "texture": "#end_portal_frame_top"}
			}
		},
		{
			"from": [6.5, 13, 0.5],
			"to": [9.5, 13.5, 1],
			"faces": {
				"north": {"uv": [6.5, 0.5, 9.5, 1], "rotation": 180, "texture": "#end_portal_frame_top"},
				"east": {"uv": [9, 0.5, 9.5, 1], "texture": "#end_portal_frame_top"},
				"south": {"uv": [6.5, 0.5, 9.5, 1], "texture": "#end_portal_frame_top"},
				"west": {"uv": [6.5, 0.5, 7, 1], "texture": "#end_portal_frame_top"},
				"up": {"uv": [6.5, 0.5, 9.5, 1], "texture": "#end_portal_frame_top"}
			}
		},
		{
			"from": [15, 13, 10],
			"to": [15.5, 13.5, 10.5],
			"faces": {
				"north": {"uv": [0.5, 5.5, 1, 6], "rotation": 180, "texture": "#end_portal_frame_top"},
				"east": {"uv": [0.5, 5.5, 1, 6], "rotation": 180, "texture": "#end_portal_frame_top"},
				"west": {"uv": [0.5, 5.5, 1, 6], "rotation": 180, "texture": "#end_portal_frame_top"},
				"up": {"uv": [0.5, 5.5, 1, 6], "texture": "#end_portal_frame_top"}
			}
		},
		{
			"from": [14, 13, 1],
			"to": [15, 13.5, 2.5],
			"faces": {
				"north": {"uv": [14, 1, 15, 1.5], "texture": "#end_portal_frame_top"},
				"east": {"uv": [0.5, 5.5, 1, 6], "rotation": 180, "texture": "#end_portal_frame_top"},
				"south": {"uv": [14, 2, 14.5, 2.5], "texture": "#end_portal_frame_top"},
				"west": {"uv": [14, 1, 14.5, 2.5], "rotation": 270, "texture": "#end_portal_frame_top"},
				"up": {"uv": [14, 1, 15, 2.5], "texture": "#end_portal_frame_top"}
			}
		},
		{
			"from": [10.5, 13, 1],
			"to": [12, 13.5, 2],
			"faces": {
				"north": {"uv": [10.5, 1, 12, 1.5], "rotation": 180, "texture": "#end_portal_frame_top"},
				"east": {"uv": [11.5, 1.5, 12, 2], "rotation": 180, "texture": "#end_portal_frame_top"},
				"south": {"uv": [10.5, 1.5, 11, 2], "texture": "#end_portal_frame_top"},
				"west": {"uv": [10.5, 1, 11, 2], "rotation": 270, "texture": "#end_portal_frame_top"},
				"up": {"uv": [10.5, 1, 12, 2], "texture": "#end_portal_frame_top"}
			}
		},
		{
			"from": [10, 13, 1.5],
			"to": [11, 13.5, 2.5],
			"faces": {
				"north": {"uv": [10.5, 1, 12, 1.5], "rotation": 180, "texture": "#end_portal_frame_top"},
				"east": {"uv": [10, 2, 10.5, 2.5], "rotation": 180, "texture": "#end_portal_frame_top"},
				"south": {"uv": [10.5, 1.5, 11, 2], "texture": "#end_portal_frame_top"},
				"west": {"uv": [10.5, 1, 11, 2], "rotation": 270, "texture": "#end_portal_frame_top"},
				"up": {"uv": [10, 1.5, 11, 2.5], "texture": "#end_portal_frame_top"}
			}
		},
		{
			"from": [9.5, 13, 2],
			"to": [10.5, 13.5, 3],
			"faces": {
				"north": {"uv": [10.5, 1, 12, 1.5], "rotation": 180, "texture": "#end_portal_frame_top"},
				"east": {"uv": [10, 2, 10.5, 2.5], "rotation": 180, "texture": "#end_portal_frame_top"},
				"south": {"uv": [10.5, 1.5, 11, 2], "texture": "#end_portal_frame_top"},
				"west": {"uv": [10.5, 1, 11, 2], "rotation": 270, "texture": "#end_portal_frame_top"},
				"up": {"uv": [10, 1.5, 11, 2.5], "texture": "#end_portal_frame_top"}
			}
		},
		{
			"from": [5, 13, 13.5],
			"to": [6, 13.5, 14.5],
			"faces": {
				"north": {"uv": [10.5, 1, 12, 1.5], "rotation": 180, "texture": "#end_portal_frame_top"},
				"east": {"uv": [10, 2, 10.5, 2.5], "rotation": 180, "texture": "#end_portal_frame_top"},
				"south": {"uv": [10.5, 1.5, 11, 2], "texture": "#end_portal_frame_top"},
				"west": {"uv": [10.5, 1, 11, 2], "rotation": 270, "texture": "#end_portal_frame_top"},
				"up": {"uv": [10, 1.5, 11, 2.5], "texture": "#end_portal_frame_top"}
			}
		},
		{
			"from": [5.5, 13, 13],
			"to": [6.5, 13.5, 14],
			"faces": {
				"north": {"uv": [10.5, 1, 12, 1.5], "rotation": 180, "texture": "#end_portal_frame_top"},
				"east": {"uv": [10, 2, 10.5, 2.5], "rotation": 180, "texture": "#end_portal_frame_top"},
				"south": {"uv": [10.5, 1.5, 11, 2], "texture": "#end_portal_frame_top"},
				"west": {"uv": [10.5, 1, 11, 2], "rotation": 270, "texture": "#end_portal_frame_top"},
				"up": {"uv": [10, 1.5, 11, 2.5], "texture": "#end_portal_frame_top"}
			}
		},
		{
			"from": [6, 13, 12.5],
			"to": [7.5, 13.5, 13.5],
			"faces": {
				"north": {"uv": [10.5, 1, 12, 1.5], "rotation": 180, "texture": "#end_portal_frame_top"},
				"east": {"uv": [10, 2, 10.5, 2.5], "rotation": 180, "texture": "#end_portal_frame_top"},
				"south": {"uv": [10.5, 1.5, 11, 2], "texture": "#end_portal_frame_top"},
				"west": {"uv": [10.5, 1, 11, 2], "rotation": 270, "texture": "#end_portal_frame_top"},
				"up": {"uv": [6, 12.5, 7.5, 13.5], "texture": "#end_portal_frame_top"}
			}
		},
		{
			"from": [8.5, 13, 12.5],
			"to": [10, 13.5, 13.5],
			"faces": {
				"north": {"uv": [8.5, 12.5, 10, 13], "rotation": 180, "texture": "#end_portal_frame_top"},
				"east": {"uv": [10, 2, 10.5, 2.5], "rotation": 180, "texture": "#end_portal_frame_top"},
				"south": {"uv": [10.5, 1.5, 11, 2], "texture": "#end_portal_frame_top"},
				"west": {"uv": [10.5, 1, 11, 2], "rotation": 270, "texture": "#end_portal_frame_top"},
				"up": {"uv": [8.5, 12.5, 10, 13.5], "texture": "#end_portal_frame_top"}
			}
		},
		{
			"from": [9.5, 13, 13],
			"to": [10.5, 13.5, 14],
			"faces": {
				"north": {"uv": [8.5, 12.5, 10, 13], "rotation": 180, "texture": "#end_portal_frame_top"},
				"east": {"uv": [10, 2, 10.5, 2.5], "rotation": 180, "texture": "#end_portal_frame_top"},
				"south": {"uv": [10.5, 1.5, 11, 2], "texture": "#end_portal_frame_top"},
				"west": {"uv": [10.5, 1, 11, 2], "rotation": 270, "texture": "#end_portal_frame_top"},
				"up": {"uv": [8.5, 12.5, 10, 13.5], "texture": "#end_portal_frame_top"}
			}
		},
		{
			"from": [10, 13, 13.5],
			"to": [11, 13.5, 14.5],
			"faces": {
				"north": {"uv": [8.5, 12.5, 10, 13], "rotation": 180, "texture": "#end_portal_frame_top"},
				"east": {"uv": [10, 2, 10.5, 2.5], "rotation": 180, "texture": "#end_portal_frame_top"},
				"south": {"uv": [10.5, 1.5, 11, 2], "texture": "#end_portal_frame_top"},
				"west": {"uv": [10.5, 1, 11, 2], "rotation": 270, "texture": "#end_portal_frame_top"},
				"up": {"uv": [8.5, 12.5, 10, 13.5], "texture": "#end_portal_frame_top"}
			}
		},
		{
			"from": [6.5, 13, 12],
			"to": [9.5, 13.5, 13],
			"faces": {
				"north": {"uv": [6.5, 12, 9.5, 12.5], "rotation": 180, "texture": "#end_portal_frame_top"},
				"east": {"uv": [10, 2, 10.5, 2.5], "rotation": 180, "texture": "#end_portal_frame_top"},
				"south": {"uv": [10.5, 1.5, 11, 2], "texture": "#end_portal_frame_top"},
				"west": {"uv": [10.5, 1, 11, 2], "rotation": 270, "texture": "#end_portal_frame_top"},
				"up": {"uv": [6.5, 12, 9.5, 13], "texture": "#end_portal_frame_top"}
			}
		},
		{
			"from": [4, 13, 14],
			"to": [5.5, 13.5, 15],
			"faces": {
				"north": {"uv": [10.5, 1, 12, 1.5], "rotation": 180, "texture": "#end_portal_frame_top"},
				"east": {"uv": [10, 2, 10.5, 2.5], "rotation": 180, "texture": "#end_portal_frame_top"},
				"south": {"uv": [10.5, 1.5, 11, 2], "texture": "#end_portal_frame_top"},
				"west": {"uv": [10.5, 1, 11, 2], "rotation": 270, "texture": "#end_portal_frame_top"},
				"up": {"uv": [4, 14, 5.5, 15], "texture": "#end_portal_frame_top"}
			}
		},
		{
			"from": [10.5, 13, 14],
			"to": [12, 13.5, 15],
			"faces": {
				"north": {"uv": [10.5, 1, 12, 1.5], "texture": "#end_portal_frame_top"},
				"east": {"uv": [11.5, 14, 12, 15], "rotation": 90, "texture": "#end_portal_frame_top"},
				"south": {"uv": [10.5, 1.5, 11, 2], "texture": "#end_portal_frame_top"},
				"west": {"uv": [10.5, 1, 11, 2], "rotation": 270, "texture": "#end_portal_frame_top"},
				"up": {"uv": [10.5, 14, 12, 15], "texture": "#end_portal_frame_top"}
			}
		},
		{
			"from": [13.5, 13, 14],
			"to": [15, 13.5, 15],
			"faces": {
				"north": {"uv": [13.5, 14, 15, 14.5], "rotation": 180, "texture": "#end_portal_frame_top"},
				"east": {"uv": [14, 14.5, 14.5, 15.5], "rotation": 90, "texture": "#end_portal_frame_top"},
				"south": {"uv": [10.5, 1.5, 11, 2], "texture": "#end_portal_frame_top"},
				"west": {"uv": [10.5, 1, 11, 2], "rotation": 270, "texture": "#end_portal_frame_top"},
				"up": {"uv": [13.5, 14, 15, 15], "texture": "#end_portal_frame_top"}
			}
		},
		{
			"from": [1.5, 13, 14.5],
			"to": [4.5, 13.5, 15.5],
			"faces": {
				"north": {"uv": [1.5, 14.5, 4.5, 15], "rotation": 180, "texture": "#end_portal_frame_top"},
				"east": {"uv": [4, 14.5, 4.5, 15.5], "rotation": 180, "texture": "#end_portal_frame_top"},
				"south": {"uv": [1.5, 15, 4.5, 15.5], "texture": "#end_portal_frame_top"},
				"west": {"uv": [1.5, 14.5, 2, 15.5], "rotation": 270, "texture": "#end_portal_frame_top"},
				"up": {"uv": [1.5, 14.5, 4.5, 15.5], "texture": "#end_portal_frame_top"}
			}
		},
		{
			"from": [11.5, 13, 14.5],
			"to": [14.5, 13.5, 15.5],
			"faces": {
				"north": {"uv": [11.5, 14.5, 14.5, 15], "rotation": 180, "texture": "#end_portal_frame_top"},
				"east": {"uv": [14, 14.5, 14.5, 15.5], "rotation": 180, "texture": "#end_portal_frame_top"},
				"south": {"uv": [11.5, 15, 14.5, 15.5], "texture": "#end_portal_frame_top"},
				"west": {"uv": [11.5, 14.5, 12, 15.5], "rotation": 270, "texture": "#end_portal_frame_top"},
				"up": {"uv": [11.5, 14.5, 14.5, 15.5], "texture": "#end_portal_frame_top"}
			}
		},
		{
			"from": [8.5, 13, 2.5],
			"to": [10, 13.5, 3.5],
			"faces": {
				"north": {"uv": [8.5, 2.5, 10, 3], "rotation": 180, "texture": "#end_portal_frame_top"},
				"east": {"uv": [10, 2, 10.5, 2.5], "rotation": 180, "texture": "#end_portal_frame_top"},
				"south": {"uv": [10.5, 1.5, 11, 2], "texture": "#end_portal_frame_top"},
				"west": {"uv": [9, 2.5, 9.5, 3.5], "rotation": 270, "texture": "#end_portal_frame_top"},
				"up": {"uv": [8.5, 2.5, 10, 3.5], "texture": "#end_portal_frame_top"}
			}
		},
		{
			"from": [6.5, 13, 3],
			"to": [9.5, 13.5, 4],
			"faces": {
				"north": {"uv": [8.5, 2.5, 10, 3], "rotation": 180, "texture": "#end_portal_frame_top"},
				"east": {"uv": [10, 2, 10.5, 2.5], "rotation": 180, "texture": "#end_portal_frame_top"},
				"south": {"uv": [10.5, 1.5, 11, 2], "texture": "#end_portal_frame_top"},
				"west": {"uv": [9, 2.5, 9.5, 3.5], "rotation": 270, "texture": "#end_portal_frame_top"},
				"up": {"uv": [8.5, 2.5, 10, 3.5], "texture": "#end_portal_frame_top"}
			}
		},
		{
			"from": [5, 13, 1.5],
			"to": [6, 13.5, 2.5],
			"faces": {
				"north": {"uv": [10, 2, 10.5, 2.5], "rotation": 180, "texture": "#end_portal_frame_top"},
				"east": {"uv": [10.5, 1.5, 11, 2], "texture": "#end_portal_frame_top"},
				"south": {"uv": [10.5, 1, 11, 2], "rotation": 270, "texture": "#end_portal_frame_top"},
				"west": {"uv": [11, 1, 12, 1.5], "rotation": 180, "texture": "#end_portal_frame_top"},
				"up": {"uv": [10, 1.5, 11, 2.5], "rotation": 270, "texture": "#end_portal_frame_top"}
			}
		},
		{
			"from": [4, 13, 1],
			"to": [5.5, 13.5, 2],
			"faces": {
				"north": {"uv": [10, 2, 10.5, 2.5], "rotation": 180, "texture": "#end_portal_frame_top"},
				"east": {"uv": [10.5, 1.5, 11, 2], "texture": "#end_portal_frame_top"},
				"south": {"uv": [4, 1.5, 5.5, 2], "texture": "#end_portal_frame_top"},
				"west": {"uv": [11, 1, 12, 1.5], "rotation": 180, "texture": "#end_portal_frame_top"},
				"up": {"uv": [4, 1, 5.5, 2], "texture": "#end_portal_frame_top"}
			}
		},
		{
			"from": [1.5, 13, 0.5],
			"to": [4.5, 13.5, 1.5],
			"faces": {
				"north": {"uv": [1.5, 0.5, 4.5, 1], "rotation": 180, "texture": "#end_portal_frame_top"},
				"east": {"uv": [4, 0.5, 4.5, 1], "texture": "#end_portal_frame_top"},
				"south": {"uv": [1.5, 1, 4.5, 1.5], "texture": "#end_portal_frame_top"},
				"west": {"uv": [11, 1, 12, 1.5], "texture": "#end_portal_frame_top"},
				"up": {"uv": [1.5, 0.5, 4.5, 1.5], "texture": "#end_portal_frame_top"}
			}
		},
		{
			"from": [5.5, 13, 2],
			"to": [6.5, 13.5, 3],
			"faces": {
				"north": {"uv": [10, 2, 10.5, 2.5], "rotation": 180, "texture": "#end_portal_frame_top"},
				"east": {"uv": [10.5, 1.5, 11, 2], "texture": "#end_portal_frame_top"},
				"south": {"uv": [10.5, 1, 11, 2], "rotation": 270, "texture": "#end_portal_frame_top"},
				"west": {"uv": [11, 1, 12, 1.5], "rotation": 180, "texture": "#end_portal_frame_top"},
				"up": {"uv": [10, 1.5, 11, 2.5], "rotation": 270, "texture": "#end_portal_frame_top"}
			}
		},
		{
			"from": [6, 13, 2.5],
			"to": [7.5, 13.5, 3.5],
			"faces": {
				"north": {"uv": [10, 2, 10.5, 2.5], "rotation": 180, "texture": "#end_portal_frame_top"},
				"east": {"uv": [10.5, 1.5, 11, 2], "texture": "#end_portal_frame_top"},
				"south": {"uv": [10.5, 1, 11, 2], "rotation": 270, "texture": "#end_portal_frame_top"},
				"west": {"uv": [11, 1, 12, 1.5], "rotation": 180, "texture": "#end_portal_frame_top"},
				"up": {"uv": [6, 2.5, 7.5, 3.5], "texture": "#end_portal_frame_top"}
			}
		},
		{
			"from": [11.5, 13, 0.5],
			"to": [14.5, 13.5, 1.5],
			"faces": {
				"north": {"uv": [11.5, 0.5, 14.5, 1], "texture": "#end_portal_frame_top"},
				"east": {"uv": [14, 0.5, 14.5, 1.5], "rotation": 180, "texture": "#end_portal_frame_top"},
				"south": {"uv": [11.5, 1, 14.5, 1.5], "texture": "#end_portal_frame_top"},
				"west": {"uv": [11.5, 0.5, 12, 1.5], "rotation": 270, "texture": "#end_portal_frame_top"},
				"up": {"uv": [11.5, 0.5, 14.5, 1.5], "texture": "#end_portal_frame_top"}
			}
		},
		{
			"from": [15, 13, 5.5],
			"to": [15.5, 13.5, 6],
			"faces": {
				"east": {"uv": [0.5, 5.5, 1, 6], "rotation": 180, "texture": "#end_portal_frame_top"},
				"south": {"uv": [0.5, 5.5, 1, 6], "rotation": 180, "texture": "#end_portal_frame_top"},
				"west": {"uv": [0.5, 5.5, 1, 6], "rotation": 180, "texture": "#end_portal_frame_top"},
				"up": {"uv": [0.5, 5.5, 1, 6], "texture": "#end_portal_frame_top"}
			}
		},
		{
			"from": [13.5, 13, 1.5],
			"to": [14, 13.5, 2],
			"faces": {
				"south": {"uv": [13.5, 1.5, 14, 2], "texture": "#end_portal_frame_top"},
				"west": {"uv": [13.5, 1.5, 14, 2], "texture": "#end_portal_frame_top"},
				"up": {"uv": [13.5, 1.5, 14, 2], "texture": "#end_portal_frame_top"}
			}
		},
		{
			"name": "bottom",
			"from": [0, 0, 0],
			"to": [16, 13, 16],
			"faces": {
				"north": {"uv": [0, 3, 16, 16], "texture": "#end_portal_frame_side", "cullface": "north"},
				"east": {"uv": [0, 3, 16, 16], "texture": "#end_portal_frame_side", "cullface": "east"},
				"south": {"uv": [0, 3, 16, 16], "texture": "#end_portal_frame_side", "cullface": "south"},
				"west": {"uv": [0, 3, 16, 16], "texture": "#end_portal_frame_side", "cullface": "west"},
				"up": {"uv": [0, 0, 16, 16], "texture": "#end_portal_frame_top"},
				"down": {"uv": [0, 0, 16, 16], "texture": "#endstone", "cullface": "down"}
			}
		},
		{
			"from": [0.5, 7.5, -0.5],
			"to": [1, 11.5, 0],
			"faces": {
				"north": {"uv": [15, 4.5, 15.5, 8.5], "texture": "#end_portal_frame_side", "cullface": "north"},
				"west": {"uv": [15, 4.5, 15.5, 8.5], "texture": "#end_portal_frame_side", "cullface": "north"},
				"up": {"uv": [15, 4.5, 15.5, 5], "texture": "#end_portal_frame_side", "cullface": "north"},
				"down": {"uv": [15, 8, 15.5, 8.5], "texture": "#end_portal_frame_side", "cullface": "north"}
			}
		},
		{
			"from": [15, 7.5, -0.5],
			"to": [15.5, 11.5, 0],
			"faces": {
				"north": {"uv": [0.5, 4.5, 1, 8.5], "texture": "#end_portal_frame_side", "cullface": "north"},
				"east": {"uv": [0.5, 4.5, 1, 8.5], "texture": "#end_portal_frame_side", "cullface": "north"},
				"up": {"uv": [0.5, 4.5, 1, 5], "texture": "#end_portal_frame_side", "cullface": "north"},
				"down": {"uv": [0.5, 8, 1, 8.5], "texture": "#end_portal_frame_side", "cullface": "north"}
			}
		},
		{
			"from": [0, 8, -0.5],
			"to": [0.5, 9.5, 0],
			"faces": {
				"north": {"uv": [15.5, 6.5, 16, 8], "texture": "#end_portal_frame_side", "cullface": "north"},
				"west": {"uv": [15.5, 6.5, 16, 8], "texture": "#end_portal_frame_side", "cullface": "north"},
				"up": {"uv": [15.5, 6.5, 16, 7], "texture": "#end_portal_frame_side", "cullface": "north"},
				"down": {"uv": [15.5, 7.5, 16, 8], "texture": "#end_portal_frame_side", "cullface": "north"}
			}
		},
		{
			"from": [15.5, 8, -0.5],
			"to": [16, 9.5, 0],
			"faces": {
				"north": {"uv": [0, 6.5, 0.5, 8], "texture": "#end_portal_frame_side", "cullface": "north"},
				"east": {"uv": [0, 6.5, 0.5, 8], "texture": "#end_portal_frame_side", "cullface": "north"},
				"up": {"uv": [0, 6.5, 0.5, 7], "texture": "#end_portal_frame_side", "cullface": "north"},
				"down": {"uv": [0, 7.5, 0.5, 8], "texture": "#end_portal_frame_side", "cullface": "north"}
			}
		},
		{
			"from": [1.5, 6.5, -0.5],
			"to": [2, 9, 0],
			"faces": {
				"north": {"uv": [14, 7, 14.5, 9.5], "texture": "#end_portal_frame_side", "cullface": "north"},
				"east": {"uv": [14, 7, 14.5, 9.5], "texture": "#end_portal_frame_side", "cullface": "north"},
				"west": {"uv": [14, 7, 14.5, 9.5], "texture": "#end_portal_frame_side", "cullface": "north"},
				"up": {"uv": [14, 7, 14.5, 7.5], "texture": "#end_portal_frame_side", "cullface": "north"},
				"down": {"uv": [14, 9, 14.5, 9.5], "texture": "#end_portal_frame_side", "cullface": "north"}
			}
		},
		{
			"from": [1.5, 10, -0.5],
			"to": [2, 12.5, 0],
			"faces": {
				"north": {"uv": [14, 3.5, 14.5, 6], "texture": "#end_portal_frame_side", "cullface": "north"},
				"east": {"uv": [14, 3.5, 14.5, 6], "texture": "#end_portal_frame_side", "cullface": "north"},
				"west": {"uv": [14, 3.5, 14.5, 6], "texture": "#end_portal_frame_side", "cullface": "north"},
				"up": {"uv": [14, 3.5, 14.5, 4], "texture": "#end_portal_frame_side", "cullface": "north"},
				"down": {"uv": [14, 5.5, 14.5, 6], "texture": "#end_portal_frame_side", "cullface": "north"}
			}
		},
		{
			"from": [2, 6, -0.5],
			"to": [2.5, 8.5, 0],
			"faces": {
				"north": {"uv": [13.5, 7.5, 14, 10], "texture": "#end_portal_frame_side", "cullface": "north"},
				"east": {"uv": [13.5, 7.5, 14, 10], "texture": "#end_portal_frame_side", "cullface": "north"},
				"west": {"uv": [13.5, 7.5, 14, 10], "texture": "#end_portal_frame_side", "cullface": "north"},
				"up": {"uv": [13.5, 7.5, 14, 8], "texture": "#end_portal_frame_side", "cullface": "north"},
				"down": {"uv": [13.5, 9.5, 14, 10], "texture": "#end_portal_frame_side", "cullface": "north"}
			}
		},
		{
			"from": [2, 10.5, -0.5],
			"to": [2.5, 12.5, 0],
			"faces": {
				"north": {"uv": [13.5, 3.5, 14, 5.5], "texture": "#end_portal_frame_side", "cullface": "north"},
				"east": {"uv": [13.5, 3.5, 14, 5.5], "texture": "#end_portal_frame_side", "cullface": "north"},
				"up": {"uv": [13.5, 3.5, 14, 4], "texture": "#end_portal_frame_side", "cullface": "north"},
				"down": {"uv": [13.5, 5, 14, 5.5], "texture": "#end_portal_frame_side", "cullface": "north"}
			}
		},
		{
			"from": [2.5, 11, -0.5],
			"to": [3, 12.5, 0],
			"faces": {
				"north": {"uv": [13, 3.5, 13.5, 5], "texture": "#end_portal_frame_side", "cullface": "north"},
				"east": {"uv": [13, 3.5, 13.5, 5], "texture": "#end_portal_frame_side", "cullface": "north"},
				"up": {"uv": [13, 3.5, 13.5, 4], "texture": "#end_portal_frame_side", "cullface": "north"},
				"down": {"uv": [13, 4.5, 13.5, 5], "texture": "#end_portal_frame_side", "cullface": "north"}
			}
		},
		{
			"from": [13, 11, -0.5],
			"to": [13.5, 12.5, 0],
			"faces": {
				"north": {"uv": [2.5, 3.5, 3, 5], "texture": "#end_portal_frame_side", "cullface": "north"},
				"west": {"uv": [2.5, 3.5, 3, 5], "texture": "#end_portal_frame_side", "cullface": "north"},
				"up": {"uv": [2.5, 3.5, 3, 4], "texture": "#end_portal_frame_side", "cullface": "north"},
				"down": {"uv": [2.5, 4.5, 3, 5], "texture": "#end_portal_frame_side", "cullface": "north"}
			}
		},
		{
			"from": [13.5, 10.5, -0.5],
			"to": [14, 12.5, 0],
			"faces": {
				"north": {"uv": [2, 3.5, 2.5, 5.5], "texture": "#end_portal_frame_side", "cullface": "north"},
				"west": {"uv": [2, 3.5, 2.5, 5.5], "texture": "#end_portal_frame_side", "cullface": "north"},
				"up": {"uv": [2, 3.5, 2.5, 4], "texture": "#end_portal_frame_side", "cullface": "north"},
				"down": {"uv": [2, 5, 2.5, 5.5], "texture": "#end_portal_frame_side", "cullface": "north"}
			}
		},
		{
			"from": [14, 10, -0.5],
			"to": [14.5, 12.5, 0],
			"faces": {
				"north": {"uv": [1.5, 3.5, 2, 6], "texture": "#end_portal_frame_side", "cullface": "north"},
				"east": {"uv": [1.5, 3.5, 2, 6], "texture": "#end_portal_frame_side", "cullface": "north"},
				"west": {"uv": [1.5, 3.5, 2, 6], "texture": "#end_portal_frame_side", "cullface": "north"},
				"up": {"uv": [1.5, 3.5, 2, 4], "texture": "#end_portal_frame_side", "cullface": "north"},
				"down": {"uv": [1.5, 5.5, 2, 6], "texture": "#end_portal_frame_side", "cullface": "north"}
			}
		},
		{
			"from": [14, 6.5, -0.5],
			"to": [14.5, 9, 0],
			"faces": {
				"north": {"uv": [1.5, 7, 2, 9.5], "texture": "#end_portal_frame_side", "cullface": "north"},
				"east": {"uv": [1.5, 7, 2, 9.5], "texture": "#end_portal_frame_side", "cullface": "north"},
				"west": {"uv": [1.5, 7, 2, 9.5], "texture": "#end_portal_frame_side", "cullface": "north"},
				"up": {"uv": [1.5, 7, 2, 7.5], "texture": "#end_portal_frame_side", "cullface": "north"},
				"down": {"uv": [1.5, 9, 2, 9.5], "texture": "#end_portal_frame_side", "cullface": "north"}
			}
		},
		{
			"from": [13.5, 6, -0.5],
			"to": [14, 8.5, 0],
			"faces": {
				"north": {"uv": [2, 7.5, 2.5, 10], "texture": "#end_portal_frame_side", "cullface": "north"},
				"east": {"uv": [2, 7.5, 2.5, 10], "texture": "#end_portal_frame_side", "cullface": "north"},
				"west": {"uv": [2, 7.5, 2.5, 10], "texture": "#end_portal_frame_side", "cullface": "north"},
				"up": {"uv": [2, 7.5, 2.5, 8], "texture": "#end_portal_frame_side", "cullface": "north"},
				"down": {"uv": [2, 9.5, 2.5, 10], "texture": "#end_portal_frame_side", "cullface": "north"}
			}
		},
		{
			"from": [3, 11.5, -0.5],
			"to": [13, 12.5, 0],
			"faces": {
				"north": {"uv": [3, 3.5, 13, 4.5], "texture": "#end_portal_frame_side", "cullface": "north"},
				"up": {"uv": [3, 3.5, 13, 4], "texture": "#end_portal_frame_side", "cullface": "north"},
				"down": {"uv": [3, 4, 13, 4.5], "texture": "#end_portal_frame_side", "cullface": "north"}
			}
		},
		{
			"from": [3, 6, -0.5],
			"to": [13, 7.5, 0],
			"faces": {
				"north": {"uv": [3, 8.5, 13, 10], "texture": "#end_portal_frame_side", "cullface": "north"},
				"up": {"uv": [3, 8.5, 13, 9], "rotation": 180, "texture": "#end_portal_frame_side", "cullface": "north"},
				"down": {"uv": [3, 9.5, 13, 10], "texture": "#end_portal_frame_side", "cullface": "north"}
			}
		},
		{
			"from": [2.5, 6, -0.5],
			"to": [3, 8, 0],
			"faces": {
				"north": {"uv": [13, 8, 13.5, 10], "texture": "#end_portal_frame_side", "cullface": "north"},
				"east": {"uv": [13, 8, 13.5, 10], "texture": "#end_portal_frame_side", "cullface": "north"},
				"up": {"uv": [13, 8, 13.5, 8.5], "texture": "#end_portal_frame_side", "cullface": "north"},
				"down": {"uv": [13, 9.5, 13.5, 10], "texture": "#end_portal_frame_side", "cullface": "north"}
			}
		},
		{
			"from": [13, 6, -0.5],
			"to": [13.5, 8, 0],
			"faces": {
				"north": {"uv": [2.5, 8, 3, 10], "texture": "#end_portal_frame_side", "cullface": "north"},
				"west": {"uv": [2.5, 8, 3, 10], "texture": "#end_portal_frame_side", "cullface": "north"},
				"up": {"uv": [2.5, 8, 3, 8.5], "texture": "#end_portal_frame_side", "cullface": "north"},
				"down": {"uv": [2.5, 9.5, 3, 10], "texture": "#end_portal_frame_side", "cullface": "north"}
			}
		},
		{
			"from": [1, 7, -0.5],
			"to": [1.5, 12, 0],
			"faces": {
				"north": {"uv": [14.5, 4, 15, 9], "texture": "#end_portal_frame_side", "cullface": "north"},
				"east": {"uv": [14.5, 4, 15, 9], "texture": "#end_portal_frame_side", "cullface": "north"},
				"west": {"uv": [14.5, 4, 15, 9], "texture": "#end_portal_frame_side", "cullface": "north"},
				"up": {"uv": [14.5, 4, 15, 4.5], "texture": "#end_portal_frame_side", "cullface": "north"},
				"down": {"uv": [14.5, 8.5, 15, 9], "texture": "#end_portal_frame_side", "cullface": "north"}
			}
		},
		{
			"from": [14.5, 7, -0.5],
			"to": [15, 12, 0],
			"faces": {
				"north": {"uv": [1, 4, 1.5, 9], "texture": "#end_portal_frame_side", "cullface": "north"},
				"east": {"uv": [1, 4, 1.5, 9], "texture": "#end_portal_frame_side", "cullface": "north"},
				"west": {"uv": [1, 4, 1.5, 9], "texture": "#end_portal_frame_side", "cullface": "north"},
				"up": {"uv": [1, 4, 1.5, 4.5], "texture": "#end_portal_frame_side", "cullface": "north"},
				"down": {"uv": [1, 8.5, 1.5, 9], "texture": "#end_portal_frame_side", "cullface": "north"}
			}
		},
		{
			"from": [-0.5, 7.5, 15],
			"to": [0, 11.5, 15.5],
			"faces": {
				"south": {"uv": [15, 4.5, 15.5, 8.5], "texture": "#end_portal_frame_side", "cullface": "west"},
				"west": {"uv": [15, 4.5, 15.5, 8.5], "texture": "#end_portal_frame_side", "cullface": "west"},
				"up": {"uv": [15, 4.5, 15.5, 5], "rotation": 270, "texture": "#end_portal_frame_side", "cullface": "west"},
				"down": {"uv": [15, 8, 15.5, 8.5], "rotation": 90, "texture": "#end_portal_frame_side", "cullface": "west"}
			}
		},
		{
			"from": [-0.5, 7.5, 0.5],
			"to": [0, 11.5, 1],
			"faces": {
				"north": {"uv": [0.5, 4.5, 1, 8.5], "texture": "#end_portal_frame_side", "cullface": "west"},
				"west": {"uv": [0.5, 4.5, 1, 8.5], "texture": "#end_portal_frame_side", "cullface": "west"},
				"up": {"uv": [0.5, 4.5, 1, 5], "rotation": 270, "texture": "#end_portal_frame_side", "cullface": "west"},
				"down": {"uv": [0.5, 8, 1, 8.5], "rotation": 90, "texture": "#end_portal_frame_side", "cullface": "west"}
			}
		},
		{
			"from": [-0.5, 8, 15.5],
			"to": [0, 9.5, 16],
			"faces": {
				"south": {"uv": [15.5, 6.5, 16, 8], "texture": "#end_portal_frame_side", "cullface": "west"},
				"west": {"uv": [15.5, 6.5, 16, 8], "texture": "#end_portal_frame_side", "cullface": "west"},
				"up": {"uv": [15.5, 6.5, 16, 7], "rotation": 270, "texture": "#end_portal_frame_side", "cullface": "west"},
				"down": {"uv": [15.5, 7.5, 16, 8], "rotation": 90, "texture": "#end_portal_frame_side", "cullface": "west"}
			}
		},
		{
			"from": [-0.5, 8, 0],
			"to": [0, 9.5, 0.5],
			"faces": {
				"north": {"uv": [0, 6.5, 0.5, 8], "texture": "#end_portal_frame_side", "cullface": "west"},
				"west": {"uv": [0, 6.5, 0.5, 8], "texture": "#end_portal_frame_side", "cullface": "west"},
				"up": {"uv": [0, 6.5, 0.5, 7], "rotation": 270, "texture": "#end_portal_frame_side", "cullface": "west"},
				"down": {"uv": [0, 7.5, 0.5, 8], "rotation": 90, "texture": "#end_portal_frame_side", "cullface": "west"}
			}
		},
		{
			"from": [-0.5, 6.5, 14],
			"to": [0, 9, 14.5],
			"faces": {
				"north": {"uv": [14, 7, 14.5, 9.5], "texture": "#end_portal_frame_side", "cullface": "west"},
				"south": {"uv": [14, 7, 14.5, 9.5], "texture": "#end_portal_frame_side", "cullface": "west"},
				"west": {"uv": [14, 7, 14.5, 9.5], "texture": "#end_portal_frame_side", "cullface": "west"},
				"up": {"uv": [14, 7, 14.5, 7.5], "rotation": 270, "texture": "#end_portal_frame_side", "cullface": "west"},
				"down": {"uv": [14, 9, 14.5, 9.5], "rotation": 90, "texture": "#end_portal_frame_side", "cullface": "west"}
			}
		},
		{
			"from": [-0.5, 10, 14],
			"to": [0, 12.5, 14.5],
			"faces": {
				"north": {"uv": [14, 3.5, 14.5, 6], "texture": "#end_portal_frame_side", "cullface": "west"},
				"south": {"uv": [14, 3.5, 14.5, 6], "texture": "#end_portal_frame_side", "cullface": "west"},
				"west": {"uv": [14, 3.5, 14.5, 6], "texture": "#end_portal_frame_side", "cullface": "west"},
				"up": {"uv": [14, 3.5, 14.5, 4], "rotation": 270, "texture": "#end_portal_frame_side", "cullface": "west"},
				"down": {"uv": [14, 5.5, 14.5, 6], "rotation": 90, "texture": "#end_portal_frame_side", "cullface": "west"}
			}
		},
		{
			"from": [-0.5, 6, 13.5],
			"to": [0, 8.5, 14],
			"faces": {
				"north": {"uv": [13.5, 7.5, 14, 10], "texture": "#end_portal_frame_side", "cullface": "west"},
				"south": {"uv": [13.5, 7.5, 14, 10], "texture": "#end_portal_frame_side", "cullface": "west"},
				"west": {"uv": [13.5, 7.5, 14, 10], "texture": "#end_portal_frame_side", "cullface": "west"},
				"up": {"uv": [13.5, 7.5, 14, 8], "rotation": 270, "texture": "#end_portal_frame_side", "cullface": "west"},
				"down": {"uv": [13.5, 9.5, 14, 10], "rotation": 90, "texture": "#end_portal_frame_side", "cullface": "west"}
			}
		},
		{
			"from": [-0.5, 10.5, 13.5],
			"to": [0, 12.5, 14],
			"faces": {
				"north": {"uv": [13.5, 3.5, 14, 5.5], "texture": "#end_portal_frame_side", "cullface": "west"},
				"west": {"uv": [13.5, 3.5, 14, 5.5], "texture": "#end_portal_frame_side", "cullface": "west"},
				"up": {"uv": [13.5, 3.5, 14, 4], "rotation": 270, "texture": "#end_portal_frame_side", "cullface": "west"},
				"down": {"uv": [13.5, 5, 14, 5.5], "rotation": 90, "texture": "#end_portal_frame_side", "cullface": "west"}
			}
		},
		{
			"from": [-0.5, 11, 13],
			"to": [0, 12.5, 13.5],
			"faces": {
				"north": {"uv": [13, 3.5, 13.5, 5], "texture": "#end_portal_frame_side", "cullface": "west"},
				"west": {"uv": [13, 3.5, 13.5, 5], "texture": "#end_portal_frame_side", "cullface": "west"},
				"up": {"uv": [13, 3.5, 13.5, 4], "rotation": 270, "texture": "#end_portal_frame_side", "cullface": "west"},
				"down": {"uv": [13, 4.5, 13.5, 5], "rotation": 90, "texture": "#end_portal_frame_side", "cullface": "west"}
			}
		},
		{
			"from": [-0.5, 11, 2.5],
			"to": [0, 12.5, 3],
			"faces": {
				"south": {"uv": [2.5, 3.5, 3, 5], "texture": "#end_portal_frame_side", "cullface": "west"},
				"west": {"uv": [2.5, 3.5, 3, 5], "texture": "#end_portal_frame_side", "cullface": "west"},
				"up": {"uv": [2.5, 3.5, 3, 4], "rotation": 270, "texture": "#end_portal_frame_side", "cullface": "west"},
				"down": {"uv": [2.5, 4.5, 3, 5], "rotation": 90, "texture": "#end_portal_frame_side", "cullface": "west"}
			}
		},
		{
			"from": [-0.5, 10.5, 2],
			"to": [0, 12.5, 2.5],
			"faces": {
				"south": {"uv": [2, 3.5, 2.5, 5.5], "texture": "#end_portal_frame_side", "cullface": "west"},
				"west": {"uv": [2, 3.5, 2.5, 5.5], "texture": "#end_portal_frame_side", "cullface": "west"},
				"up": {"uv": [2, 3.5, 2.5, 4], "rotation": 270, "texture": "#end_portal_frame_side", "cullface": "west"},
				"down": {"uv": [2, 5, 2.5, 5.5], "rotation": 90, "texture": "#end_portal_frame_side", "cullface": "west"}
			}
		},
		{
			"from": [-0.5, 10, 1.5],
			"to": [0, 12.5, 2],
			"faces": {
				"north": {"uv": [1.5, 3.5, 2, 6], "texture": "#end_portal_frame_side", "cullface": "west"},
				"south": {"uv": [1.5, 3.5, 2, 6], "texture": "#end_portal_frame_side", "cullface": "west"},
				"west": {"uv": [1.5, 3.5, 2, 6], "texture": "#end_portal_frame_side", "cullface": "west"},
				"up": {"uv": [1.5, 3.5, 2, 4], "rotation": 270, "texture": "#end_portal_frame_side", "cullface": "west"},
				"down": {"uv": [1.5, 5.5, 2, 6], "rotation": 90, "texture": "#end_portal_frame_side", "cullface": "west"}
			}
		},
		{
			"from": [-0.5, 6.5, 1.5],
			"to": [0, 9, 2],
			"faces": {
				"north": {"uv": [1.5, 7, 2, 9.5], "texture": "#end_portal_frame_side", "cullface": "west"},
				"south": {"uv": [1.5, 7, 2, 9.5], "texture": "#end_portal_frame_side", "cullface": "west"},
				"west": {"uv": [1.5, 7, 2, 9.5], "texture": "#end_portal_frame_side", "cullface": "west"},
				"up": {"uv": [1.5, 7, 2, 7.5], "rotation": 270, "texture": "#end_portal_frame_side", "cullface": "west"},
				"down": {"uv": [1.5, 9, 2, 9.5], "rotation": 90, "texture": "#end_portal_frame_side", "cullface": "west"}
			}
		},
		{
			"from": [-0.5, 6, 2],
			"to": [0, 8.5, 2.5],
			"faces": {
				"north": {"uv": [2, 7.5, 2.5, 10], "texture": "#end_portal_frame_side", "cullface": "west"},
				"south": {"uv": [2, 7.5, 2.5, 10], "texture": "#end_portal_frame_side", "cullface": "west"},
				"west": {"uv": [2, 7.5, 2.5, 10], "texture": "#end_portal_frame_side", "cullface": "west"},
				"up": {"uv": [2, 7.5, 2.5, 8], "rotation": 270, "texture": "#end_portal_frame_side", "cullface": "west"},
				"down": {"uv": [2, 9.5, 2.5, 10], "rotation": 90, "texture": "#end_portal_frame_side", "cullface": "west"}
			}
		},
		{
			"from": [-0.5, 11.5, 3],
			"to": [0, 12.5, 13],
			"faces": {
				"west": {"uv": [3, 3.5, 13, 4.5], "texture": "#end_portal_frame_side", "cullface": "west"},
				"up": {"uv": [3, 3.5, 13, 4], "rotation": 270, "texture": "#end_portal_frame_side", "cullface": "west"},
				"down": {"uv": [3, 4, 13, 4.5], "rotation": 90, "texture": "#end_portal_frame_side", "cullface": "west"}
			}
		},
		{
			"from": [-0.5, 6, 3],
			"to": [0, 7.5, 13],
			"faces": {
				"west": {"uv": [3, 8.5, 13, 10], "texture": "#end_portal_frame_side", "cullface": "west"},
				"up": {"uv": [3, 8.5, 13, 9], "rotation": 90, "texture": "#end_portal_frame_side", "cullface": "west"},
				"down": {"uv": [3, 9.5, 13, 10], "rotation": 90, "texture": "#end_portal_frame_side", "cullface": "west"}
			}
		},
		{
			"from": [-0.5, 6, 13],
			"to": [0, 8, 13.5],
			"faces": {
				"north": {"uv": [13, 8, 13.5, 10], "texture": "#end_portal_frame_side", "cullface": "west"},
				"west": {"uv": [13, 8, 13.5, 10], "texture": "#end_portal_frame_side", "cullface": "west"},
				"up": {"uv": [13, 8, 13.5, 8.5], "rotation": 270, "texture": "#end_portal_frame_side", "cullface": "west"},
				"down": {"uv": [13, 9.5, 13.5, 10], "rotation": 90, "texture": "#end_portal_frame_side", "cullface": "west"}
			}
		},
		{
			"from": [-0.5, 6, 2.5],
			"to": [0, 8, 3],
			"faces": {
				"south": {"uv": [2.5, 8, 3, 10], "texture": "#end_portal_frame_side", "cullface": "west"},
				"west": {"uv": [2.5, 8, 3, 10], "texture": "#end_portal_frame_side", "cullface": "west"},
				"up": {"uv": [2.5, 8, 3, 8.5], "rotation": 270, "texture": "#end_portal_frame_side", "cullface": "west"},
				"down": {"uv": [2.5, 9.5, 3, 10], "rotation": 90, "texture": "#end_portal_frame_side", "cullface": "west"}
			}
		},
		{
			"from": [-0.5, 7, 14.5],
			"to": [0, 12, 15],
			"faces": {
				"north": {"uv": [14.5, 4, 15, 9], "texture": "#end_portal_frame_side", "cullface": "west"},
				"south": {"uv": [14.5, 4, 15, 9], "texture": "#end_portal_frame_side", "cullface": "west"},
				"west": {"uv": [14.5, 4, 15, 9], "texture": "#end_portal_frame_side", "cullface": "west"},
				"up": {"uv": [14.5, 4, 15, 4.5], "rotation": 270, "texture": "#end_portal_frame_side", "cullface": "west"},
				"down": {"uv": [14.5, 8.5, 15, 9], "rotation": 90, "texture": "#end_portal_frame_side", "cullface": "west"}
			}
		},
		{
			"from": [-0.5, 7, 1],
			"to": [0, 12, 1.5],
			"faces": {
				"north": {"uv": [1, 4, 1.5, 9], "texture": "#end_portal_frame_side", "cullface": "west"},
				"south": {"uv": [1, 4, 1.5, 9], "texture": "#end_portal_frame_side", "cullface": "west"},
				"west": {"uv": [1, 4, 1.5, 9], "texture": "#end_portal_frame_side", "cullface": "west"},
				"up": {"uv": [1, 4, 1.5, 4.5], "rotation": 270, "texture": "#end_portal_frame_side", "cullface": "west"},
				"down": {"uv": [1, 8.5, 1.5, 9], "rotation": 90, "texture": "#end_portal_frame_side", "cullface": "west"}
			}
		},
		{
			"from": [15, 7.5, 16],
			"to": [15.5, 11.5, 16.5],
			"faces": {
				"east": {"uv": [15, 4.5, 15.5, 8.5], "texture": "#end_portal_frame_side", "cullface": "south"},
				"south": {"uv": [15, 4.5, 15.5, 8.5], "texture": "#end_portal_frame_side", "cullface": "south"},
				"up": {"uv": [15, 4.5, 15.5, 5], "rotation": 180, "texture": "#end_portal_frame_side", "cullface": "south"},
				"down": {"uv": [15, 8, 15.5, 8.5], "rotation": 180, "texture": "#end_portal_frame_side", "cullface": "south"}
			}
		},
		{
			"from": [0.5, 7.5, 16],
			"to": [1, 11.5, 16.5],
			"faces": {
				"south": {"uv": [0.5, 4.5, 1, 8.5], "texture": "#end_portal_frame_side", "cullface": "south"},
				"west": {"uv": [0.5, 4.5, 1, 8.5], "texture": "#end_portal_frame_side", "cullface": "south"},
				"up": {"uv": [0.5, 4.5, 1, 5], "rotation": 180, "texture": "#end_portal_frame_side", "cullface": "south"},
				"down": {"uv": [0.5, 8, 1, 8.5], "rotation": 180, "texture": "#end_portal_frame_side", "cullface": "south"}
			}
		},
		{
			"from": [15.5, 8, 16],
			"to": [16, 9.5, 16.5],
			"faces": {
				"east": {"uv": [15.5, 6.5, 16, 8], "texture": "#end_portal_frame_side", "cullface": "south"},
				"south": {"uv": [15.5, 6.5, 16, 8], "texture": "#end_portal_frame_side", "cullface": "south"},
				"up": {"uv": [15.5, 6.5, 16, 7], "rotation": 180, "texture": "#end_portal_frame_side", "cullface": "south"},
				"down": {"uv": [15.5, 7.5, 16, 8], "rotation": 180, "texture": "#end_portal_frame_side", "cullface": "south"}
			}
		},
		{
			"from": [0, 8, 16],
			"to": [0.5, 9.5, 16.5],
			"faces": {
				"south": {"uv": [0, 6.5, 0.5, 8], "texture": "#end_portal_frame_side", "cullface": "south"},
				"west": {"uv": [0, 6.5, 0.5, 8], "texture": "#end_portal_frame_side", "cullface": "south"},
				"up": {"uv": [0, 6.5, 0.5, 7], "rotation": 180, "texture": "#end_portal_frame_side", "cullface": "south"},
				"down": {"uv": [0, 7.5, 0.5, 8], "rotation": 180, "texture": "#end_portal_frame_side", "cullface": "south"}
			}
		},
		{
			"from": [14, 6.5, 16],
			"to": [14.5, 9, 16.5],
			"faces": {
				"east": {"uv": [14, 7, 14.5, 9.5], "texture": "#end_portal_frame_side", "cullface": "south"},
				"south": {"uv": [14, 7, 14.5, 9.5], "texture": "#end_portal_frame_side", "cullface": "south"},
				"west": {"uv": [14, 7, 14.5, 9.5], "texture": "#end_portal_frame_side", "cullface": "south"},
				"up": {"uv": [14, 7, 14.5, 7.5], "rotation": 180, "texture": "#end_portal_frame_side", "cullface": "south"},
				"down": {"uv": [14, 9, 14.5, 9.5], "rotation": 180, "texture": "#end_portal_frame_side", "cullface": "south"}
			}
		},
		{
			"from": [14, 10, 16],
			"to": [14.5, 12.5, 16.5],
			"faces": {
				"east": {"uv": [14, 3.5, 14.5, 6], "texture": "#end_portal_frame_side", "cullface": "south"},
				"south": {"uv": [14, 3.5, 14.5, 6], "texture": "#end_portal_frame_side", "cullface": "south"},
				"west": {"uv": [14, 3.5, 14.5, 6], "texture": "#end_portal_frame_side", "cullface": "south"},
				"up": {"uv": [14, 3.5, 14.5, 4], "rotation": 180, "texture": "#end_portal_frame_side", "cullface": "south"},
				"down": {"uv": [14, 5.5, 14.5, 6], "rotation": 180, "texture": "#end_portal_frame_side", "cullface": "south"}
			}
		},
		{
			"from": [13.5, 6, 16],
			"to": [14, 8.5, 16.5],
			"faces": {
				"east": {"uv": [13.5, 7.5, 14, 10], "texture": "#end_portal_frame_side", "cullface": "south"},
				"south": {"uv": [13.5, 7.5, 14, 10], "texture": "#end_portal_frame_side", "cullface": "south"},
				"west": {"uv": [13.5, 7.5, 14, 10], "texture": "#end_portal_frame_side", "cullface": "south"},
				"up": {"uv": [13.5, 7.5, 14, 8], "rotation": 180, "texture": "#end_portal_frame_side", "cullface": "south"},
				"down": {"uv": [13.5, 9.5, 14, 10], "rotation": 180, "texture": "#end_portal_frame_side", "cullface": "south"}
			}
		},
		{
			"from": [13.5, 10.5, 16],
			"to": [14, 12.5, 16.5],
			"faces": {
				"south": {"uv": [13.5, 3.5, 14, 5.5], "texture": "#end_portal_frame_side", "cullface": "south"},
				"west": {"uv": [13.5, 3.5, 14, 5.5], "texture": "#end_portal_frame_side", "cullface": "south"},
				"up": {"uv": [13.5, 3.5, 14, 4], "rotation": 180, "texture": "#end_portal_frame_side", "cullface": "south"},
				"down": {"uv": [13.5, 5, 14, 5.5], "rotation": 180, "texture": "#end_portal_frame_side", "cullface": "south"}
			}
		},
		{
			"from": [13, 11, 16],
			"to": [13.5, 12.5, 16.5],
			"faces": {
				"south": {"uv": [13, 3.5, 13.5, 5], "texture": "#end_portal_frame_side", "cullface": "south"},
				"west": {"uv": [13, 3.5, 13.5, 5], "texture": "#end_portal_frame_side", "cullface": "south"},
				"up": {"uv": [13, 3.5, 13.5, 4], "rotation": 180, "texture": "#end_portal_frame_side", "cullface": "south"},
				"down": {"uv": [13, 4.5, 13.5, 5], "rotation": 180, "texture": "#end_portal_frame_side", "cullface": "south"}
			}
		},
		{
			"from": [2.5, 11, 16],
			"to": [3, 12.5, 16.5],
			"faces": {
				"east": {"uv": [2.5, 3.5, 3, 5], "texture": "#end_portal_frame_side", "cullface": "south"},
				"south": {"uv": [2.5, 3.5, 3, 5], "texture": "#end_portal_frame_side", "cullface": "south"},
				"up": {"uv": [2.5, 3.5, 3, 4], "rotation": 180, "texture": "#end_portal_frame_side", "cullface": "south"},
				"down": {"uv": [2.5, 4.5, 3, 5], "rotation": 180, "texture": "#end_portal_frame_side", "cullface": "south"}
			}
		},
		{
			"from": [2, 10.5, 16],
			"to": [2.5, 12.5, 16.5],
			"faces": {
				"east": {"uv": [2, 3.5, 2.5, 5.5], "texture": "#end_portal_frame_side", "cullface": "south"},
				"south": {"uv": [2, 3.5, 2.5, 5.5], "texture": "#end_portal_frame_side", "cullface": "south"},
				"up": {"uv": [2, 3.5, 2.5, 4], "rotation": 180, "texture": "#end_portal_frame_side", "cullface": "south"},
				"down": {"uv": [2, 5, 2.5, 5.5], "rotation": 180, "texture": "#end_portal_frame_side", "cullface": "south"}
			}
		},
		{
			"from": [1.5, 10, 16],
			"to": [2, 12.5, 16.5],
			"faces": {
				"east": {"uv": [1.5, 3.5, 2, 6], "texture": "#end_portal_frame_side", "cullface": "south"},
				"south": {"uv": [1.5, 3.5, 2, 6], "texture": "#end_portal_frame_side", "cullface": "south"},
				"west": {"uv": [1.5, 3.5, 2, 6], "texture": "#end_portal_frame_side", "cullface": "south"},
				"up": {"uv": [1.5, 3.5, 2, 4], "rotation": 180, "texture": "#end_portal_frame_side", "cullface": "south"},
				"down": {"uv": [1.5, 5.5, 2, 6], "rotation": 180, "texture": "#end_portal_frame_side", "cullface": "south"}
			}
		},
		{
			"from": [1.5, 6.5, 16],
			"to": [2, 9, 16.5],
			"faces": {
				"east": {"uv": [1.5, 7, 2, 9.5], "texture": "#end_portal_frame_side", "cullface": "south"},
				"south": {"uv": [1.5, 7, 2, 9.5], "texture": "#end_portal_frame_side", "cullface": "south"},
				"west": {"uv": [1.5, 7, 2, 9.5], "texture": "#end_portal_frame_side", "cullface": "south"},
				"up": {"uv": [1.5, 7, 2, 7.5], "rotation": 180, "texture": "#end_portal_frame_side", "cullface": "south"},
				"down": {"uv": [1.5, 9, 2, 9.5], "rotation": 180, "texture": "#end_portal_frame_side", "cullface": "south"}
			}
		},
		{
			"from": [2, 6, 16],
			"to": [2.5, 8.5, 16.5],
			"faces": {
				"east": {"uv": [2, 7.5, 2.5, 10], "texture": "#end_portal_frame_side", "cullface": "south"},
				"south": {"uv": [2, 7.5, 2.5, 10], "texture": "#end_portal_frame_side", "cullface": "south"},
				"west": {"uv": [2, 7.5, 2.5, 10], "texture": "#end_portal_frame_side", "cullface": "south"},
				"up": {"uv": [2, 7.5, 2.5, 8], "rotation": 180, "texture": "#end_portal_frame_side", "cullface": "south"},
				"down": {"uv": [2, 9.5, 2.5, 10], "rotation": 180, "texture": "#end_portal_frame_side", "cullface": "south"}
			}
		},
		{
			"from": [3, 11.5, 16],
			"to": [13, 12.5, 16.5],
			"faces": {
				"south": {"uv": [3, 3.5, 13, 4.5], "texture": "#end_portal_frame_side", "cullface": "south"},
				"up": {"uv": [3, 3.5, 13, 4], "rotation": 180, "texture": "#end_portal_frame_side", "cullface": "south"},
				"down": {"uv": [3, 4, 13, 4.5], "rotation": 180, "texture": "#end_portal_frame_side", "cullface": "south"}
			}
		},
		{
			"from": [3, 6, 16],
			"to": [13, 7.5, 16.5],
			"faces": {
				"south": {"uv": [3, 8.5, 13, 10], "texture": "#end_portal_frame_side", "cullface": "south"},
				"up": {"uv": [3, 8.5, 13, 9], "texture": "#end_portal_frame_side", "cullface": "south"},
				"down": {"uv": [3, 9.5, 13, 10], "rotation": 180, "texture": "#end_portal_frame_side", "cullface": "south"}
			}
		},
		{
			"from": [13, 6, 16],
			"to": [13.5, 8, 16.5],
			"faces": {
				"south": {"uv": [13, 8, 13.5, 10], "texture": "#end_portal_frame_side", "cullface": "south"},
				"west": {"uv": [13, 8, 13.5, 10], "texture": "#end_portal_frame_side", "cullface": "south"},
				"up": {"uv": [13, 8, 13.5, 8.5], "rotation": 180, "texture": "#end_portal_frame_side", "cullface": "south"},
				"down": {"uv": [13, 9.5, 13.5, 10], "rotation": 180, "texture": "#end_portal_frame_side", "cullface": "south"}
			}
		},
		{
			"from": [2.5, 6, 16],
			"to": [3, 8, 16.5],
			"faces": {
				"east": {"uv": [2.5, 8, 3, 10], "texture": "#end_portal_frame_side", "cullface": "south"},
				"south": {"uv": [2.5, 8, 3, 10], "texture": "#end_portal_frame_side", "cullface": "south"},
				"up": {"uv": [2.5, 8, 3, 8.5], "rotation": 180, "texture": "#end_portal_frame_side", "cullface": "south"},
				"down": {"uv": [2.5, 9.5, 3, 10], "rotation": 180, "texture": "#end_portal_frame_side", "cullface": "south"}
			}
		},
		{
			"from": [14.5, 7, 16],
			"to": [15, 12, 16.5],
			"faces": {
				"east": {"uv": [14.5, 4, 15, 9], "texture": "#end_portal_frame_side", "cullface": "south"},
				"south": {"uv": [14.5, 4, 15, 9], "texture": "#end_portal_frame_side", "cullface": "south"},
				"west": {"uv": [14.5, 4, 15, 9], "texture": "#end_portal_frame_side", "cullface": "south"},
				"up": {"uv": [14.5, 4, 15, 4.5], "rotation": 180, "texture": "#end_portal_frame_side", "cullface": "south"},
				"down": {"uv": [14.5, 8.5, 15, 9], "rotation": 180, "texture": "#end_portal_frame_side", "cullface": "south"}
			}
		},
		{
			"from": [1, 7, 16],
			"to": [1.5, 12, 16.5],
			"faces": {
				"east": {"uv": [1, 4, 1.5, 9], "texture": "#end_portal_frame_side", "cullface": "south"},
				"south": {"uv": [1, 4, 1.5, 9], "texture": "#end_portal_frame_side", "cullface": "south"},
				"west": {"uv": [1, 4, 1.5, 9], "texture": "#end_portal_frame_side", "cullface": "south"},
				"up": {"uv": [1, 4, 1.5, 4.5], "rotation": 180, "texture": "#end_portal_frame_side", "cullface": "south"},
				"down": {"uv": [1, 8.5, 1.5, 9], "rotation": 180, "texture": "#end_portal_frame_side", "cullface": "south"}
			}
		},
		{
			"from": [16, 7.5, 0.5],
			"to": [16.5, 11.5, 1],
			"faces": {
				"north": {"uv": [15, 4.5, 15.5, 8.5], "texture": "#end_portal_frame_side", "cullface": "east"},
				"east": {"uv": [15, 4.5, 15.5, 8.5], "texture": "#end_portal_frame_side", "cullface": "east"},
				"up": {"uv": [15, 4.5, 15.5, 5], "rotation": 90, "texture": "#end_portal_frame_side", "cullface": "east"},
				"down": {"uv": [15, 8, 15.5, 8.5], "rotation": 270, "texture": "#end_portal_frame_side", "cullface": "east"}
			}
		},
		{
			"from": [16, 7.5, 15],
			"to": [16.5, 11.5, 15.5],
			"faces": {
				"east": {"uv": [0.5, 4.5, 1, 8.5], "texture": "#end_portal_frame_side", "cullface": "east"},
				"south": {"uv": [0.5, 4.5, 1, 8.5], "texture": "#end_portal_frame_side", "cullface": "east"},
				"up": {"uv": [0.5, 4.5, 1, 5], "rotation": 90, "texture": "#end_portal_frame_side", "cullface": "east"},
				"down": {"uv": [0.5, 8, 1, 8.5], "rotation": 270, "texture": "#end_portal_frame_side", "cullface": "east"}
			}
		},
		{
			"from": [16, 8, 0],
			"to": [16.5, 9.5, 0.5],
			"faces": {
				"north": {"uv": [15.5, 6.5, 16, 8], "texture": "#end_portal_frame_side", "cullface": "east"},
				"east": {"uv": [15.5, 6.5, 16, 8], "texture": "#end_portal_frame_side", "cullface": "east"},
				"up": {"uv": [15.5, 6.5, 16, 7], "rotation": 90, "texture": "#end_portal_frame_side", "cullface": "east"},
				"down": {"uv": [15.5, 7.5, 16, 8], "rotation": 270, "texture": "#end_portal_frame_side", "cullface": "east"}
			}
		},
		{
			"from": [16, 8, 15.5],
			"to": [16.5, 9.5, 16],
			"faces": {
				"east": {"uv": [0, 6.5, 0.5, 8], "texture": "#end_portal_frame_side", "cullface": "east"},
				"south": {"uv": [0, 6.5, 0.5, 8], "texture": "#end_portal_frame_side", "cullface": "east"},
				"up": {"uv": [0, 6.5, 0.5, 7], "rotation": 90, "texture": "#end_portal_frame_side", "cullface": "east"},
				"down": {"uv": [0, 7.5, 0.5, 8], "rotation": 270, "texture": "#end_portal_frame_side", "cullface": "east"}
			}
		},
		{
			"from": [16, 6.5, 1.5],
			"to": [16.5, 9, 2],
			"faces": {
				"north": {"uv": [14, 7, 14.5, 9.5], "texture": "#end_portal_frame_side", "cullface": "east"},
				"east": {"uv": [14, 7, 14.5, 9.5], "texture": "#end_portal_frame_side", "cullface": "east"},
				"south": {"uv": [14, 7, 14.5, 9.5], "texture": "#end_portal_frame_side", "cullface": "east"},
				"up": {"uv": [14, 7, 14.5, 7.5], "rotation": 90, "texture": "#end_portal_frame_side", "cullface": "east"},
				"down": {"uv": [14, 9, 14.5, 9.5], "rotation": 270, "texture": "#end_portal_frame_side", "cullface": "east"}
			}
		},
		{
			"from": [16, 10, 1.5],
			"to": [16.5, 12.5, 2],
			"faces": {
				"north": {"uv": [14, 3.5, 14.5, 6], "texture": "#end_portal_frame_side", "cullface": "east"},
				"east": {"uv": [14, 3.5, 14.5, 6], "texture": "#end_portal_frame_side", "cullface": "east"},
				"south": {"uv": [14, 3.5, 14.5, 6], "texture": "#end_portal_frame_side", "cullface": "east"},
				"up": {"uv": [14, 3.5, 14.5, 4], "rotation": 90, "texture": "#end_portal_frame_side", "cullface": "east"},
				"down": {"uv": [14, 5.5, 14.5, 6], "rotation": 270, "texture": "#end_portal_frame_side", "cullface": "east"}
			}
		},
		{
			"from": [16, 6, 2],
			"to": [16.5, 8.5, 2.5],
			"faces": {
				"north": {"uv": [13.5, 7.5, 14, 10], "texture": "#end_portal_frame_side", "cullface": "east"},
				"east": {"uv": [13.5, 7.5, 14, 10], "texture": "#end_portal_frame_side", "cullface": "east"},
				"south": {"uv": [13.5, 7.5, 14, 10], "texture": "#end_portal_frame_side", "cullface": "east"},
				"up": {"uv": [13.5, 7.5, 14, 8], "rotation": 90, "texture": "#end_portal_frame_side", "cullface": "east"},
				"down": {"uv": [13.5, 9.5, 14, 10], "rotation": 270, "texture": "#end_portal_frame_side", "cullface": "east"}
			}
		},
		{
			"from": [16, 10.5, 2],
			"to": [16.5, 12.5, 2.5],
			"faces": {
				"east": {"uv": [13.5, 3.5, 14, 5.5], "texture": "#end_portal_frame_side", "cullface": "east"},
				"south": {"uv": [13.5, 3.5, 14, 5.5], "texture": "#end_portal_frame_side", "cullface": "east"},
				"up": {"uv": [13.5, 3.5, 14, 4], "rotation": 90, "texture": "#end_portal_frame_side", "cullface": "east"},
				"down": {"uv": [13.5, 5, 14, 5.5], "rotation": 270, "texture": "#end_portal_frame_side", "cullface": "east"}
			}
		},
		{
			"from": [16, 11, 2.5],
			"to": [16.5, 12.5, 3],
			"faces": {
				"east": {"uv": [13, 3.5, 13.5, 5], "texture": "#end_portal_frame_side", "cullface": "east"},
				"south": {"uv": [13, 3.5, 13.5, 5], "texture": "#end_portal_frame_side", "cullface": "east"},
				"up": {"uv": [13, 3.5, 13.5, 4], "rotation": 90, "texture": "#end_portal_frame_side", "cullface": "east"},
				"down": {"uv": [13, 4.5, 13.5, 5], "rotation": 270, "texture": "#end_portal_frame_side", "cullface": "east"}
			}
		},
		{
			"from": [16, 11, 13],
			"to": [16.5, 12.5, 13.5],
			"faces": {
				"north": {"uv": [2.5, 3.5, 3, 5], "texture": "#end_portal_frame_side", "cullface": "east"},
				"east": {"uv": [2.5, 3.5, 3, 5], "texture": "#end_portal_frame_side", "cullface": "east"},
				"up": {"uv": [2.5, 3.5, 3, 4], "rotation": 90, "texture": "#end_portal_frame_side", "cullface": "east"},
				"down": {"uv": [2.5, 4.5, 3, 5], "rotation": 270, "texture": "#end_portal_frame_side", "cullface": "east"}
			}
		},
		{
			"from": [16, 10.5, 13.5],
			"to": [16.5, 12.5, 14],
			"faces": {
				"north": {"uv": [2, 3.5, 2.5, 5.5], "texture": "#end_portal_frame_side", "cullface": "east"},
				"east": {"uv": [2, 3.5, 2.5, 5.5], "texture": "#end_portal_frame_side", "cullface": "east"},
				"up": {"uv": [2, 3.5, 2.5, 4], "rotation": 90, "texture": "#end_portal_frame_side", "cullface": "east"},
				"down": {"uv": [2, 5, 2.5, 5.5], "rotation": 270, "texture": "#end_portal_frame_side", "cullface": "east"}
			}
		},
		{
			"from": [16, 10, 14],
			"to": [16.5, 12.5, 14.5],
			"faces": {
				"north": {"uv": [1.5, 3.5, 2, 6], "texture": "#end_portal_frame_side", "cullface": "east"},
				"east": {"uv": [1.5, 3.5, 2, 6], "texture": "#end_portal_frame_side", "cullface": "east"},
				"south": {"uv": [1.5, 3.5, 2, 6], "texture": "#end_portal_frame_side", "cullface": "east"},
				"up": {"uv": [1.5, 3.5, 2, 4], "rotation": 90, "texture": "#end_portal_frame_side", "cullface": "east"},
				"down": {"uv": [1.5, 5.5, 2, 6], "rotation": 270, "texture": "#end_portal_frame_side", "cullface": "east"}
			}
		},
		{
			"from": [16, 6.5, 14],
			"to": [16.5, 9, 14.5],
			"faces": {
				"north": {"uv": [1.5, 7, 2, 9.5], "texture": "#end_portal_frame_side", "cullface": "east"},
				"east": {"uv": [1.5, 7, 2, 9.5], "texture": "#end_portal_frame_side", "cullface": "east"},
				"south": {"uv": [1.5, 7, 2, 9.5], "texture": "#end_portal_frame_side", "cullface": "east"},
				"up": {"uv": [1.5, 7, 2, 7.5], "rotation": 90, "texture": "#end_portal_frame_side", "cullface": "east"},
				"down": {"uv": [1.5, 9, 2, 9.5], "rotation": 270, "texture": "#end_portal_frame_side", "cullface": "east"}
			}
		},
		{
			"from": [16, 6, 13.5],
			"to": [16.5, 8.5, 14],
			"faces": {
				"north": {"uv": [2, 7.5, 2.5, 10], "texture": "#end_portal_frame_side", "cullface": "east"},
				"east": {"uv": [2, 7.5, 2.5, 10], "texture": "#end_portal_frame_side", "cullface": "east"},
				"south": {"uv": [2, 7.5, 2.5, 10], "texture": "#end_portal_frame_side", "cullface": "east"},
				"up": {"uv": [2, 7.5, 2.5, 8], "rotation": 90, "texture": "#end_portal_frame_side", "cullface": "east"},
				"down": {"uv": [2, 9.5, 2.5, 10], "rotation": 270, "texture": "#end_portal_frame_side", "cullface": "east"}
			}
		},
		{
			"from": [16, 11.5, 3],
			"to": [16.5, 12.5, 13],
			"faces": {
				"east": {"uv": [3, 3.5, 13, 4.5], "texture": "#end_portal_frame_side", "cullface": "east"},
				"up": {"uv": [3, 3.5, 13, 4], "rotation": 90, "texture": "#end_portal_frame_side", "cullface": "east"},
				"down": {"uv": [3, 4, 13, 4.5], "rotation": 270, "texture": "#end_portal_frame_side", "cullface": "east"}
			}
		},
		{
			"from": [16, 6, 3],
			"to": [16.5, 7.5, 13],
			"faces": {
				"east": {"uv": [3, 8.5, 13, 10], "texture": "#end_portal_frame_side", "cullface": "east"},
				"up": {"uv": [3, 8.5, 13, 9], "rotation": 270, "texture": "#end_portal_frame_side", "cullface": "east"},
				"down": {"uv": [3, 9.5, 13, 10], "rotation": 270, "texture": "#end_portal_frame_side", "cullface": "east"}
			}
		},
		{
			"from": [16, 6, 2.5],
			"to": [16.5, 8, 3],
			"faces": {
				"east": {"uv": [13, 8, 13.5, 10], "texture": "#end_portal_frame_side", "cullface": "east"},
				"south": {"uv": [13, 8, 13.5, 10], "texture": "#end_portal_frame_side", "cullface": "east"},
				"up": {"uv": [13, 8, 13.5, 8.5], "rotation": 90, "texture": "#end_portal_frame_side", "cullface": "east"},
				"down": {"uv": [13, 9.5, 13.5, 10], "rotation": 270, "texture": "#end_portal_frame_side", "cullface": "east"}
			}
		},
		{
			"from": [16, 6, 13],
			"to": [16.5, 8, 13.5],
			"faces": {
				"north": {"uv": [2.5, 8, 3, 10], "texture": "#end_portal_frame_side", "cullface": "east"},
				"east": {"uv": [2.5, 8, 3, 10], "texture": "#end_portal_frame_side", "cullface": "east"},
				"up": {"uv": [2.5, 8, 3, 8.5], "rotation": 90, "texture": "#end_portal_frame_side", "cullface": "east"},
				"down": {"uv": [2.5, 9.5, 3, 10], "rotation": 270, "texture": "#end_portal_frame_side", "cullface": "east"}
			}
		},
		{
			"from": [16, 7, 1],
			"to": [16.5, 12, 1.5],
			"faces": {
				"north": {"uv": [14.5, 4, 15, 9], "texture": "#end_portal_frame_side", "cullface": "east"},
				"east": {"uv": [14.5, 4, 15, 9], "texture": "#end_portal_frame_side", "cullface": "east"},
				"south": {"uv": [14.5, 4, 15, 9], "texture": "#end_portal_frame_side", "cullface": "east"},
				"up": {"uv": [14.5, 4, 15, 4.5], "rotation": 90, "texture": "#end_portal_frame_side", "cullface": "east"},
				"down": {"uv": [14.5, 8.5, 15, 9], "rotation": 270, "texture": "#end_portal_frame_side", "cullface": "east"}
			}
		},
		{
			"from": [16, 7, 14.5],
			"to": [16.5, 12, 15],
			"faces": {
				"north": {"uv": [1, 4, 1.5, 9], "texture": "#end_portal_frame_side", "cullface": "east"},
				"east": {"uv": [1, 4, 1.5, 9], "texture": "#end_portal_frame_side", "cullface": "east"},
				"south": {"uv": [1, 4, 1.5, 9], "texture": "#end_portal_frame_side", "cullface": "east"},
				"up": {"uv": [1, 4, 1.5, 4.5], "rotation": 90, "texture": "#end_portal_frame_side", "cullface": "east"},
				"down": {"uv": [1, 8.5, 1.5, 9], "rotation": 270, "texture": "#end_portal_frame_side", "cullface": "east"}
			}
		},
		{
			"name": "eye",
			"from": [4.5, 10.993, 2.7315],
			"to": [11.5, 14.493, 9.7315],
			"rotation": {"angle": 22.5, "axis": "x", "origin": [8, 8, 8]},
			"faces": {
				"north": {"uv": [4.5, 0, 11.5, 3.5], "texture": "#3"},
				"east": {"uv": [4.5, 0, 11.5, 3.5], "texture": "#3"},
				"south": {"uv": [4.5, 0, 11.5, 3.5], "texture": "#3"},
				"west": {"uv": [4.5, 0, 11.5, 3.5], "texture": "#3"},
				"up": {"uv": [4.5, 4.5, 11.5, 11.5], "texture": "#3"}
			}
		}
	],
	"groups": [
		{
			"name": "top",
			"origin": [8, 8, 8],
			"children": [0, 1, 2, 3, 4, 5, 6, 7, 8, 9, 10, 11, 12, 13, 14, 15, 16, 17, 18, 19, 20, 21, 22, 23, 24, 25, 26, 27, 28, 29, 30, 31, 32, 33, 34, 35, 36, 37, 38, 39, 40, 41, 42, 43, 44, 45, 46, 47, 48]
		}, 49,
		{
			"name": "north",
			"origin": [8, 8, 8],
			"children": [50, 51, 52, 53, 54, 55, 56, 57, 58, 59, 60, 61, 62, 63, 64, 65, 66, 67, 68, 69]
		},
		{
			"name": "west",
			"origin": [8, 8, 8],
			"children": [70, 71, 72, 73, 74, 75, 76, 77, 78, 79, 80, 81, 82, 83, 84, 85, 86, 87, 88, 89]
		},
		{
			"name": "south",
			"origin": [8, 8, 8],
			"children": [90, 91, 92, 93, 94, 95, 96, 97, 98, 99, 100, 101, 102, 103, 104, 105, 106, 107, 108, 109]
		},
		{
			"name": "east",
			"origin": [8, 8, 8],
			"children": [110, 111, 112, 113, 114, 115, 116, 117, 118, 119, 120, 121, 122, 123, 124, 125, 126, 127, 128, 129]
		}, 130]
}