{
	"credit": "Made with Blockbench by Juknum",
	"parent": "block/block",
	"textures": {
		"0": "block/gold_ore",
		"particle": "block/gold_ore"
	},
	"elements": [
		{
			"from": [0, 0, 0],
			"to": [16, 16, 16],
			"faces": {
				"north": {"uv": [0, 0, 16, 16], "texture": "#0"},
				"east": {"uv": [0, 0, 16, 16], "texture": "#0"},
				"south": {"uv": [0, 0, 16, 16], "texture": "#0"},
				"west": {"uv": [0, 0, 16, 16], "texture": "#0"},
				"up": {"uv": [0, 0, 16, 16], "texture": "#0"},
				"down": {"uv": [0, 0, 16, 16], "texture": "#0"}
			}
		},
		{
			"from": [5, 2, -0.25],
			"to": [7, 2.5, 0],
			"faces": {
				"north": {"uv": [9, 13.5, 11, 14], "texture": "#0", "cullface": "north"},
				"east": {"uv": [9, 13.5, 9.5, 14], "texture": "#0", "cullface": "north"},
				"west": {"uv": [10.5, 13.5, 11, 14], "texture": "#0", "cullface": "north"},
				"down": {"uv": [11, 13.5, 9, 13.75], "texture": "#0", "cullface": "north"}
			}
		},
		{
			"from": [11.5, 2, -0.25],
			"to": [12.5, 2.5, 0],
			"faces": {
				"north": {"uv": [3.5, 13.5, 4.5, 14], "texture": "#0", "cullface": "north"},
				"east": {"uv": [3.5, 13.5, 4, 14], "texture": "#0", "cullface": "north"},
				"west": {"uv": [4, 13.5, 4.5, 14], "texture": "#0", "cullface": "north"},
				"down": {"uv": [4.5, 13.5, 3.5, 13.75], "texture": "#0", "cullface": "north"}
			}
		},
		{
			"from": [12, 3, -0.25],
			"to": [12.5, 3.5, 0],
			"faces": {
				"north": {"uv": [3.5, 12.5, 4, 13], "texture": "#0", "cullface": "north"},
				"east": {"uv": [3.5, 12.5, 4, 13], "texture": "#0", "cullface": "north"},
				"west": {"uv": [3.5, 12.5, 4, 13], "texture": "#0", "cullface": "north"},
				"up": {"uv": [4, 12.5, 3.5, 13], "texture": "#0", "cullface": "north"}
			}
		},
		{
			"from": [11, 2.5, -0.25],
			"to": [13, 3, 0],
			"faces": {
				"north": {"uv": [3, 13, 5, 13.5], "texture": "#0", "cullface": "north"},
				"east": {"uv": [3, 13, 3.5, 13.5], "texture": "#0", "cullface": "north"},
				"west": {"uv": [4.5, 13, 5, 13.5], "texture": "#0", "cullface": "north"},
				"up": {"uv": [5, 13, 3, 13.5], "texture": "#0", "cullface": "north"},
				"down": {"uv": [5, 13, 3, 13.25], "texture": "#0", "cullface": "north"}
			}
		},
		{
			"from": [4.5, 2.5, -0.25],
			"to": [7.5, 3, 0],
			"faces": {
				"north": {"uv": [8.5, 13, 11.5, 13.5], "texture": "#0", "cullface": "north"},
				"east": {"uv": [8.5, 13, 9, 13.5], "texture": "#0", "cullface": "north"},
				"west": {"uv": [11, 13, 11.5, 13.5], "texture": "#0", "cullface": "north"},
				"down": {"uv": [11.5, 13, 8.5, 13.25], "texture": "#0", "cullface": "north"}
			}
		},
		{
			"from": [2.5, 3, -0.25],
			"to": [8, 3.5, 0],
			"faces": {
				"north": {"uv": [8, 12.5, 13.5, 13], "texture": "#0", "cullface": "north"},
				"east": {"uv": [8, 12.5, 8.5, 13], "texture": "#0", "cullface": "north"},
				"west": {"uv": [13, 12.5, 13.5, 13], "texture": "#0", "cullface": "north"},
				"up": {"uv": [13.5, 12.5, 8, 13], "texture": "#0", "cullface": "north"},
				"down": {"uv": [13.5, 12.5, 8, 12.75], "texture": "#0", "cullface": "north"}
			}
		},
		{
			"from": [2, 3.5, -0.25],
			"to": [7.5, 4, 0],
			"faces": {
				"north": {"uv": [8.5, 12, 14, 12.5], "texture": "#0", "cullface": "north"},
				"east": {"uv": [8.5, 12, 9, 12.5], "texture": "#0", "cullface": "north"},
				"west": {"uv": [13.5, 12, 14, 12.5], "texture": "#0", "cullface": "north"},
				"up": {"uv": [14, 12, 8.5, 12.5], "texture": "#0", "cullface": "north"},
				"down": {"uv": [14, 12, 8.5, 12.25], "texture": "#0", "cullface": "north"}
			}
		},
		{
			"from": [2.5, 4, -0.25],
			"to": [6, 4.5, 0],
			"faces": {
				"north": {"uv": [10, 11.5, 13.5, 12], "texture": "#0", "cullface": "north"},
				"east": {"uv": [10, 11.5, 10.5, 12], "texture": "#0", "cullface": "north"},
				"west": {"uv": [13, 11.5, 13.5, 12], "texture": "#0", "cullface": "north"},
				"up": {"uv": [13.5, 11.5, 10, 12], "texture": "#0", "cullface": "north"}
			}
		},
		{
			"from": [3.5, 4.5, -0.25],
			"to": [5, 5, 0],
			"faces": {
				"north": {"uv": [11, 11, 12.5, 11.5], "texture": "#0", "cullface": "north"},
				"east": {"uv": [11, 11, 11.5, 11.5], "texture": "#0", "cullface": "north"},
				"west": {"uv": [12, 11, 12.5, 11.5], "texture": "#0", "cullface": "north"},
				"up": {"uv": [12.5, 11, 11, 11.5], "texture": "#0", "cullface": "north"}
			}
		},
		{
			"from": [11, 5, -0.25],
			"to": [12, 5.5, 0],
			"faces": {
				"north": {"uv": [4, 10.5, 5, 11], "texture": "#0", "cullface": "north"},
				"east": {"uv": [4, 10.5, 4.5, 11], "texture": "#0", "cullface": "north"},
				"west": {"uv": [4.5, 10.5, 5, 11], "texture": "#0", "cullface": "north"},
				"down": {"uv": [5, 10.5, 4, 10.75], "texture": "#0", "cullface": "north"}
			}
		},
		{
			"from": [10.5, 5.5, -0.25],
			"to": [12.5, 6, 0],
			"faces": {
				"north": {"uv": [3.5, 10, 5.5, 10.5], "texture": "#0", "cullface": "north"},
				"east": {"uv": [3.5, 10, 4, 10.5], "texture": "#0", "cullface": "north"},
				"west": {"uv": [5, 10, 5.5, 10.5], "texture": "#0", "cullface": "north"},
				"up": {"uv": [5.5, 10, 3.5, 10.5], "texture": "#0", "cullface": "north"},
				"down": {"uv": [5.5, 10, 3.5, 10.25], "texture": "#0", "cullface": "north"}
			}
		},
		{
			"from": [11, 6, -0.25],
			"to": [11.5, 6.5, 0],
			"faces": {
				"north": {"uv": [4.5, 9.5, 5, 10], "texture": "#0", "cullface": "north"},
				"east": {"uv": [4.5, 9.5, 5, 10], "texture": "#0", "cullface": "north"},
				"west": {"uv": [4.5, 9.5, 5, 10], "texture": "#0", "cullface": "north"},
				"up": {"uv": [5, 9.5, 4.5, 10], "texture": "#0", "cullface": "north"}
			}
		},
		{
			"from": [13, 7.5, -0.25],
			"to": [15, 8, 0],
			"faces": {
				"north": {"uv": [1, 8, 3, 8.5], "texture": "#0", "cullface": "north"},
				"east": {"uv": [1, 8, 1.5, 8.5], "texture": "#0", "cullface": "north"},
				"west": {"uv": [2.5, 8, 3, 8.5], "texture": "#0", "cullface": "north"},
				"up": {"uv": [3, 8, 1, 8.5], "texture": "#0", "cullface": "north"},
				"down": {"uv": [3, 8, 1, 8.25], "texture": "#0", "cullface": "north"}
			}
		},
		{
			"from": [13.5, 8, -0.25],
			"to": [14.5, 8.5, 0],
			"faces": {
				"north": {"uv": [1.5, 7.5, 2.5, 8], "texture": "#0", "cullface": "north"},
				"east": {"uv": [1.5, 7.5, 2, 8], "texture": "#0", "cullface": "north"},
				"west": {"uv": [2, 7.5, 2.5, 8], "texture": "#0", "cullface": "north"},
				"up": {"uv": [2.5, 7.5, 1.5, 8], "texture": "#0", "cullface": "north"}
			}
		},
		{
			"from": [13, 7, -0.25],
			"to": [14.5, 7.5, 0],
			"faces": {
				"north": {"uv": [1.5, 8.5, 3, 9], "texture": "#0", "cullface": "north"},
				"east": {"uv": [1.5, 8.5, 2, 9], "texture": "#0", "cullface": "north"},
				"west": {"uv": [2.5, 8.5, 3, 9], "texture": "#0", "cullface": "north"},
				"down": {"uv": [3, 8.5, 1.5, 8.75], "texture": "#0", "cullface": "north"}
			}
		},
		{
			"from": [5, 6.5, -0.25],
			"to": [9, 7, 0],
			"faces": {
				"north": {"uv": [7, 9, 11, 9.5], "texture": "#0", "cullface": "north"},
				"east": {"uv": [7, 9, 7.5, 9.5], "texture": "#0", "cullface": "north"},
				"west": {"uv": [10.5, 9, 11, 9.5], "texture": "#0", "cullface": "north"},
				"up": {"uv": [11, 9, 7, 9.5], "texture": "#0", "cullface": "north"},
				"down": {"uv": [11, 9, 7, 9.25], "texture": "#0", "cullface": "north"}
			}
		},
		{
			"from": [6, 6, -0.25],
			"to": [8.5, 6.5, 0],
			"faces": {
				"north": {"uv": [7.5, 9.5, 10, 10], "texture": "#0", "cullface": "north"},
				"east": {"uv": [7.5, 9.5, 8, 10], "texture": "#0", "cullface": "north"},
				"west": {"uv": [9.5, 9.5, 10, 10], "texture": "#0", "cullface": "north"},
				"down": {"uv": [10, 9.5, 7.5, 9.75], "texture": "#0", "cullface": "north"}
			}
		},
		{
			"from": [5.5, 7, -0.25],
			"to": [8.5, 7.5, 0],
			"faces": {
				"north": {"uv": [7.5, 8.5, 10.5, 9], "texture": "#0", "cullface": "north"},
				"east": {"uv": [7.5, 8.5, 8, 9], "texture": "#0", "cullface": "north"},
				"west": {"uv": [10, 8.5, 10.5, 9], "texture": "#0", "cullface": "north"},
				"up": {"uv": [10.5, 8.5, 7.5, 9], "texture": "#0", "cullface": "north"}
			}
		},
		{
			"from": [6.5, 7.5, -0.25],
			"to": [8, 8, 0],
			"faces": {
				"north": {"uv": [8, 8, 9.5, 8.5], "texture": "#0", "cullface": "north"},
				"east": {"uv": [8, 8, 8.5, 8.5], "texture": "#0", "cullface": "north"},
				"west": {"uv": [9, 8, 9.5, 8.5], "texture": "#0", "cullface": "north"},
				"up": {"uv": [9.5, 8, 8, 8.5], "texture": "#0", "cullface": "north"}
			}
		},
		{
			"from": [8, 9.5, -0.25],
			"to": [12.5, 10, 0],
			"faces": {
				"north": {"uv": [3.5, 6, 8, 6.5], "texture": "#0", "cullface": "north"},
				"east": {"uv": [3.5, 6, 4, 6.5], "texture": "#0", "cullface": "north"},
				"west": {"uv": [7.5, 6, 8, 6.5], "texture": "#0", "cullface": "north"},
				"up": {"uv": [8, 6, 3.5, 6.5], "texture": "#0", "cullface": "north"},
				"down": {"uv": [8, 6, 3.5, 6.25], "texture": "#0", "cullface": "north"}
			}
		},
		{
			"from": [9, 9, -0.25],
			"to": [12, 9.5, 0],
			"faces": {
				"north": {"uv": [4, 6.5, 7, 7], "texture": "#0", "cullface": "north"},
				"east": {"uv": [4, 6.5, 4.5, 7], "texture": "#0", "cullface": "north"},
				"west": {"uv": [6.5, 6.5, 7, 7], "texture": "#0", "cullface": "north"},
				"down": {"uv": [7, 6.5, 4, 6.75], "texture": "#0", "cullface": "north"}
			}
		},
		{
			"from": [8.5, 10, -0.25],
			"to": [11.5, 10.5, 0],
			"faces": {
				"north": {"uv": [4.5, 5.5, 7.5, 6], "texture": "#0", "cullface": "north"},
				"east": {"uv": [4.5, 5.5, 5, 6], "texture": "#0", "cullface": "north"},
				"west": {"uv": [7, 5.5, 7.5, 6], "texture": "#0", "cullface": "north"},
				"up": {"uv": [7.5, 5.5, 4.5, 6], "texture": "#0", "cullface": "north"}
			}
		},
		{
			"from": [9.5, 10.5, -0.25],
			"to": [11, 11, 0],
			"faces": {
				"north": {"uv": [5, 5, 6.5, 5.5], "texture": "#0", "cullface": "north"},
				"east": {"uv": [5, 5, 5.5, 5.5], "texture": "#0", "cullface": "north"},
				"west": {"uv": [6, 5, 6.5, 5.5], "texture": "#0", "cullface": "north"},
				"up": {"uv": [6.5, 5, 5, 5.5], "texture": "#0", "cullface": "north"}
			}
		},
		{
			"from": [4, 10.5, -0.25],
			"to": [5.5, 11, 0],
			"faces": {
				"north": {"uv": [10.5, 5, 12, 5.5], "texture": "#0", "cullface": "north"},
				"east": {"uv": [10.5, 5, 11, 5.5], "texture": "#0", "cullface": "north"},
				"west": {"uv": [11.5, 5, 12, 5.5], "texture": "#0", "cullface": "north"},
				"up": {"uv": [12, 5, 10.5, 5.5], "texture": "#0", "cullface": "north"}
			}
		},
		{
			"from": [3.5, 9.5, -0.25],
			"to": [6.5, 10, 0],
			"faces": {
				"north": {"uv": [9.5, 6, 12.5, 6.5], "texture": "#0", "cullface": "north"},
				"east": {"uv": [9.5, 6, 10, 6.5], "texture": "#0", "cullface": "north"},
				"west": {"uv": [12, 6, 12.5, 6.5], "texture": "#0", "cullface": "north"},
				"up": {"uv": [12.5, 6, 9.5, 6.5], "texture": "#0", "cullface": "north"},
				"down": {"uv": [12.5, 6, 9.5, 6.25], "texture": "#0", "cullface": "north"}
			}
		},
		{
			"from": [3.5, 10, -0.25],
			"to": [6, 10.5, 0],
			"faces": {
				"north": {"uv": [10, 5.5, 12.5, 6], "texture": "#0", "cullface": "north"},
				"east": {"uv": [10, 5.5, 10.5, 6], "texture": "#0", "cullface": "north"},
				"west": {"uv": [12, 5.5, 12.5, 6], "texture": "#0", "cullface": "north"},
				"up": {"uv": [12.5, 5.5, 10, 6], "texture": "#0", "cullface": "north"}
			}
		},
		{
			"from": [4, 9, -0.25],
			"to": [6, 9.5, 0],
			"faces": {
				"north": {"uv": [10, 6.5, 12, 7], "texture": "#0", "cullface": "north"},
				"east": {"uv": [10, 6.5, 10.5, 7], "texture": "#0", "cullface": "north"},
				"west": {"uv": [11.5, 6.5, 12, 7], "texture": "#0", "cullface": "north"},
				"down": {"uv": [12, 6.5, 10, 6.75], "texture": "#0", "cullface": "north"}
			}
		},
		{
			"from": [1.5, 13, -0.25],
			"to": [4, 13.5, 0],
			"faces": {
				"north": {"uv": [12, 2.5, 14.5, 3], "texture": "#0", "cullface": "north"},
				"east": {"uv": [12, 2.5, 12.5, 3], "texture": "#0", "cullface": "north"},
				"west": {"uv": [14, 2.5, 14.5, 3], "texture": "#0", "cullface": "north"},
				"up": {"uv": [14.5, 2.5, 12, 3], "texture": "#0", "cullface": "north"},
				"down": {"uv": [14.5, 2.5, 12, 2.75], "texture": "#0", "cullface": "north"}
			}
		},
		{
			"from": [2, 13.5, -0.25],
			"to": [3.5, 14, 0],
			"faces": {
				"north": {"uv": [12.5, 2, 14, 2.5], "texture": "#0", "cullface": "north"},
				"east": {"uv": [12.5, 2, 13, 2.5], "texture": "#0", "cullface": "north"},
				"west": {"uv": [13.5, 2, 14, 2.5], "texture": "#0", "cullface": "north"},
				"up": {"uv": [14, 2, 12.5, 2.5], "texture": "#0", "cullface": "north"}
			}
		},
		{
			"from": [2.5, 12.5, -0.25],
			"to": [3.5, 13, 0],
			"faces": {
				"north": {"uv": [12.5, 3, 13.5, 3.5], "texture": "#0", "cullface": "north"},
				"east": {"uv": [12.5, 3, 13, 3.5], "texture": "#0", "cullface": "north"},
				"west": {"uv": [13, 3, 13.5, 3.5], "texture": "#0", "cullface": "north"},
				"down": {"uv": [13.5, 3, 12.5, 3.25], "texture": "#0", "cullface": "north"}
			}
		},
		{
			"from": [7.5, 12, -0.25],
			"to": [8.5, 12.5, 0],
			"faces": {
				"north": {"uv": [7.5, 3.5, 8.5, 4], "texture": "#0", "cullface": "north"},
				"east": {"uv": [7.5, 3.5, 8, 4], "texture": "#0", "cullface": "north"},
				"west": {"uv": [8, 3.5, 8.5, 4], "texture": "#0", "cullface": "north"},
				"down": {"uv": [8.5, 3.5, 7.5, 3.75], "texture": "#0", "cullface": "north"}
			}
		},
		{
			"from": [7, 12.5, -0.25],
			"to": [9, 13, 0],
			"faces": {
				"north": {"uv": [7, 3, 9, 3.5], "texture": "#0", "cullface": "north"},
				"east": {"uv": [7, 3, 7.5, 3.5], "texture": "#0", "cullface": "north"},
				"west": {"uv": [8.5, 3, 9, 3.5], "texture": "#0", "cullface": "north"},
				"up": {"uv": [9, 3, 7, 3.5], "texture": "#0", "cullface": "north"},
				"down": {"uv": [9, 3, 7, 3.25], "texture": "#0", "cullface": "north"}
			}
		},
		{
			"from": [8, 13, -0.25],
			"to": [8.5, 13.5, 0],
			"faces": {
				"north": {"uv": [7.5, 2.5, 8, 3], "texture": "#0", "cullface": "north"},
				"east": {"uv": [7.5, 2.5, 8, 3], "texture": "#0", "cullface": "north"},
				"west": {"uv": [7.5, 2.5, 8, 3], "texture": "#0", "cullface": "north"},
				"up": {"uv": [8, 2.5, 7.5, 3], "texture": "#0", "cullface": "north"}
			}
		},
		{
			"from": [11, 13, -0.25],
			"to": [12, 13.5, 0],
			"faces": {
				"north": {"uv": [4, 2.5, 5, 3], "texture": "#0", "cullface": "north"},
				"east": {"uv": [4, 2.5, 4.5, 3], "texture": "#0", "cullface": "north"},
				"west": {"uv": [4.5, 2.5, 5, 3], "texture": "#0", "cullface": "north"},
				"up": {"uv": [5, 2.5, 4, 3], "texture": "#0", "cullface": "north"},
				"down": {"uv": [5, 2.5, 4, 2.75], "texture": "#0", "cullface": "north"}
			}
		},
		{
			"from": [11.5, 13.5, -0.25],
			"to": [12.5, 14, 0],
			"faces": {
				"north": {"uv": [3.5, 2, 4.5, 2.5], "texture": "#0", "cullface": "north"},
				"east": {"uv": [3.5, 2, 4, 2.5], "texture": "#0", "cullface": "north"},
				"west": {"uv": [4, 2, 4.5, 2.5], "texture": "#0", "cullface": "north"},
				"up": {"uv": [4.5, 2, 3.5, 2.5], "texture": "#0", "cullface": "north"},
				"down": {"uv": [4.5, 2, 3.5, 2.25], "texture": "#0", "cullface": "north"}
			}
		},
		{
			"from": [-0.25, 2, 9],
			"to": [0, 2.5, 11],
			"faces": {
				"north": {"uv": [9, 13.5, 9.5, 14], "texture": "#0", "cullface": "west"},
				"south": {"uv": [10.5, 13.5, 11, 14], "texture": "#0", "cullface": "west"},
				"west": {"uv": [9, 13.5, 11, 14], "texture": "#0", "cullface": "west"},
				"down": {"uv": [11, 13.5, 9, 13.75], "rotation": 90, "texture": "#0", "cullface": "west"}
			}
		},
		{
			"from": [-0.25, 2, 3.5],
			"to": [0, 2.5, 4.5],
			"faces": {
				"north": {"uv": [3.5, 13.5, 4, 14], "texture": "#0", "cullface": "west"},
				"south": {"uv": [4, 13.5, 4.5, 14], "texture": "#0", "cullface": "west"},
				"west": {"uv": [3.5, 13.5, 4.5, 14], "texture": "#0", "cullface": "west"},
				"down": {"uv": [4.5, 13.5, 3.5, 13.75], "rotation": 90, "texture": "#0", "cullface": "west"}
			}
		},
		{
			"from": [-0.25, 3, 3.5],
			"to": [0, 3.5, 4],
			"faces": {
				"north": {"uv": [3.5, 12.5, 4, 13], "texture": "#0", "cullface": "west"},
				"south": {"uv": [3.5, 12.5, 4, 13], "texture": "#0", "cullface": "west"},
				"west": {"uv": [3.5, 12.5, 4, 13], "texture": "#0", "cullface": "west"},
				"up": {"uv": [4, 12.5, 3.5, 13], "rotation": 270, "texture": "#0", "cullface": "west"}
			}
		},
		{
			"from": [-0.25, 2.5, 3],
			"to": [0, 3, 5],
			"faces": {
				"north": {"uv": [3, 13, 3.5, 13.5], "texture": "#0", "cullface": "west"},
				"south": {"uv": [4.5, 13, 5, 13.5], "texture": "#0", "cullface": "west"},
				"west": {"uv": [3, 13, 5, 13.5], "texture": "#0", "cullface": "west"},
				"up": {"uv": [5, 13, 3, 13.5], "rotation": 270, "texture": "#0", "cullface": "west"},
				"down": {"uv": [5, 13, 3, 13.25], "rotation": 90, "texture": "#0", "cullface": "west"}
			}
		},
		{
			"from": [-0.25, 2.5, 8.5],
			"to": [0, 3, 11.5],
			"faces": {
				"north": {"uv": [8.5, 13, 9, 13.5], "texture": "#0", "cullface": "west"},
				"south": {"uv": [11, 13, 11.5, 13.5], "texture": "#0", "cullface": "west"},
				"west": {"uv": [8.5, 13, 11.5, 13.5], "texture": "#0", "cullface": "west"},
				"down": {"uv": [11.5, 13, 8.5, 13.25], "rotation": 90, "texture": "#0", "cullface": "west"}
			}
		},
		{
			"from": [-0.25, 3, 8],
			"to": [0, 3.5, 13.5],
			"faces": {
				"north": {"uv": [8, 12.5, 8.5, 13], "texture": "#0", "cullface": "west"},
				"south": {"uv": [13, 12.5, 13.5, 13], "texture": "#0", "cullface": "west"},
				"west": {"uv": [8, 12.5, 13.5, 13], "texture": "#0", "cullface": "west"},
				"up": {"uv": [13.5, 12.5, 8, 13], "rotation": 270, "texture": "#0", "cullface": "west"},
				"down": {"uv": [13.5, 12.5, 8, 12.75], "rotation": 90, "texture": "#0", "cullface": "west"}
			}
		},
		{
			"from": [-0.25, 3.5, 8.5],
			"to": [0, 4, 14],
			"faces": {
				"north": {"uv": [8.5, 12, 9, 12.5], "texture": "#0", "cullface": "west"},
				"south": {"uv": [13.5, 12, 14, 12.5], "texture": "#0", "cullface": "west"},
				"west": {"uv": [8.5, 12, 14, 12.5], "texture": "#0", "cullface": "west"},
				"up": {"uv": [14, 12, 8.5, 12.5], "rotation": 270, "texture": "#0", "cullface": "west"},
				"down": {"uv": [14, 12, 8.5, 12.25], "rotation": 90, "texture": "#0", "cullface": "west"}
			}
		},
		{
			"from": [-0.25, 4, 10],
			"to": [0, 4.5, 13.5],
			"faces": {
				"north": {"uv": [10, 11.5, 10.5, 12], "texture": "#0", "cullface": "west"},
				"south": {"uv": [13, 11.5, 13.5, 12], "texture": "#0", "cullface": "west"},
				"west": {"uv": [10, 11.5, 13.5, 12], "texture": "#0", "cullface": "west"},
				"up": {"uv": [13.5, 11.5, 10, 12], "rotation": 270, "texture": "#0", "cullface": "west"}
			}
		},
		{
			"from": [-0.25, 4.5, 11],
			"to": [0, 5, 12.5],
			"faces": {
				"north": {"uv": [11, 11, 11.5, 11.5], "texture": "#0", "cullface": "west"},
				"south": {"uv": [12, 11, 12.5, 11.5], "texture": "#0", "cullface": "west"},
				"west": {"uv": [11, 11, 12.5, 11.5], "texture": "#0", "cullface": "west"},
				"up": {"uv": [12.5, 11, 11, 11.5], "rotation": 270, "texture": "#0", "cullface": "west"}
			}
		},
		{
			"from": [-0.25, 5, 4],
			"to": [0, 5.5, 5],
			"faces": {
				"north": {"uv": [4, 10.5, 4.5, 11], "texture": "#0", "cullface": "west"},
				"south": {"uv": [4.5, 10.5, 5, 11], "texture": "#0", "cullface": "west"},
				"west": {"uv": [4, 10.5, 5, 11], "texture": "#0", "cullface": "west"},
				"down": {"uv": [5, 10.5, 4, 10.75], "rotation": 90, "texture": "#0", "cullface": "west"}
			}
		},
		{
			"from": [-0.25, 5.5, 3.5],
			"to": [0, 6, 5.5],
			"faces": {
				"north": {"uv": [3.5, 10, 4, 10.5], "texture": "#0", "cullface": "west"},
				"south": {"uv": [5, 10, 5.5, 10.5], "texture": "#0", "cullface": "west"},
				"west": {"uv": [3.5, 10, 5.5, 10.5], "texture": "#0", "cullface": "west"},
				"up": {"uv": [5.5, 10, 3.5, 10.5], "rotation": 270, "texture": "#0", "cullface": "west"},
				"down": {"uv": [5.5, 10, 3.5, 10.25], "rotation": 90, "texture": "#0", "cullface": "west"}
			}
		},
		{
			"from": [-0.25, 6, 4.5],
			"to": [0, 6.5, 5],
			"faces": {
				"north": {"uv": [4.5, 9.5, 5, 10], "texture": "#0", "cullface": "west"},
				"south": {"uv": [4.5, 9.5, 5, 10], "texture": "#0", "cullface": "west"},
				"west": {"uv": [4.5, 9.5, 5, 10], "texture": "#0", "cullface": "west"},
				"up": {"uv": [5, 9.5, 4.5, 10], "rotation": 270, "texture": "#0", "cullface": "west"}
			}
		},
		{
			"from": [-0.25, 7.5, 1],
			"to": [0, 8, 3],
			"faces": {
				"north": {"uv": [1, 8, 1.5, 8.5], "texture": "#0", "cullface": "west"},
				"south": {"uv": [2.5, 8, 3, 8.5], "texture": "#0", "cullface": "west"},
				"west": {"uv": [1, 8, 3, 8.5], "texture": "#0", "cullface": "west"},
				"up": {"uv": [3, 8, 1, 8.5], "rotation": 270, "texture": "#0", "cullface": "west"},
				"down": {"uv": [3, 8, 1, 8.25], "rotation": 90, "texture": "#0", "cullface": "west"}
			}
		},
		{
			"from": [-0.25, 8, 1.5],
			"to": [0, 8.5, 2.5],
			"faces": {
				"north": {"uv": [1.5, 7.5, 2, 8], "texture": "#0", "cullface": "west"},
				"south": {"uv": [2, 7.5, 2.5, 8], "texture": "#0", "cullface": "west"},
				"west": {"uv": [1.5, 7.5, 2.5, 8], "texture": "#0", "cullface": "west"},
				"up": {"uv": [2.5, 7.5, 1.5, 8], "rotation": 270, "texture": "#0", "cullface": "west"}
			}
		},
		{
			"from": [-0.25, 7, 1.5],
			"to": [0, 7.5, 3],
			"faces": {
				"north": {"uv": [1.5, 8.5, 2, 9], "texture": "#0", "cullface": "west"},
				"south": {"uv": [2.5, 8.5, 3, 9], "texture": "#0", "cullface": "west"},
				"west": {"uv": [1.5, 8.5, 3, 9], "texture": "#0", "cullface": "west"},
				"down": {"uv": [3, 8.5, 1.5, 8.75], "rotation": 90, "texture": "#0", "cullface": "west"}
			}
		},
		{
			"from": [-0.25, 6.5, 7],
			"to": [0, 7, 11],
			"faces": {
				"north": {"uv": [7, 9, 7.5, 9.5], "texture": "#0", "cullface": "west"},
				"south": {"uv": [10.5, 9, 11, 9.5], "texture": "#0", "cullface": "west"},
				"west": {"uv": [7, 9, 11, 9.5], "texture": "#0", "cullface": "west"},
				"up": {"uv": [11, 9, 7, 9.5], "rotation": 270, "texture": "#0", "cullface": "west"},
				"down": {"uv": [11, 9, 7, 9.25], "rotation": 90, "texture": "#0", "cullface": "west"}
			}
		},
		{
			"from": [-0.25, 6, 7.5],
			"to": [0, 6.5, 10],
			"faces": {
				"north": {"uv": [7.5, 9.5, 8, 10], "texture": "#0", "cullface": "west"},
				"south": {"uv": [9.5, 9.5, 10, 10], "texture": "#0", "cullface": "west"},
				"west": {"uv": [7.5, 9.5, 10, 10], "texture": "#0", "cullface": "west"},
				"down": {"uv": [10, 9.5, 7.5, 9.75], "rotation": 90, "texture": "#0", "cullface": "west"}
			}
		},
		{
			"from": [-0.25, 7, 7.5],
			"to": [0, 7.5, 10.5],
			"faces": {
				"north": {"uv": [7.5, 8.5, 8, 9], "texture": "#0", "cullface": "west"},
				"south": {"uv": [10, 8.5, 10.5, 9], "texture": "#0", "cullface": "west"},
				"west": {"uv": [7.5, 8.5, 10.5, 9], "texture": "#0", "cullface": "west"},
				"up": {"uv": [10.5, 8.5, 7.5, 9], "rotation": 270, "texture": "#0", "cullface": "west"}
			}
		},
		{
			"from": [-0.25, 7.5, 8],
			"to": [0, 8, 9.5],
			"faces": {
				"north": {"uv": [8, 8, 8.5, 8.5], "texture": "#0", "cullface": "west"},
				"south": {"uv": [9, 8, 9.5, 8.5], "texture": "#0", "cullface": "west"},
				"west": {"uv": [8, 8, 9.5, 8.5], "texture": "#0", "cullface": "west"},
				"up": {"uv": [9.5, 8, 8, 8.5], "rotation": 270, "texture": "#0", "cullface": "west"}
			}
		},
		{
			"from": [-0.25, 9.5, 3.5],
			"to": [0, 10, 8],
			"faces": {
				"north": {"uv": [3.5, 6, 4, 6.5], "texture": "#0", "cullface": "west"},
				"south": {"uv": [7.5, 6, 8, 6.5], "texture": "#0", "cullface": "west"},
				"west": {"uv": [3.5, 6, 8, 6.5], "texture": "#0", "cullface": "west"},
				"up": {"uv": [8, 6, 3.5, 6.5], "rotation": 270, "texture": "#0", "cullface": "west"},
				"down": {"uv": [8, 6, 3.5, 6.25], "rotation": 90, "texture": "#0", "cullface": "west"}
			}
		},
		{
			"from": [-0.25, 9, 4],
			"to": [0, 9.5, 7],
			"faces": {
				"north": {"uv": [4, 6.5, 4.5, 7], "texture": "#0", "cullface": "west"},
				"south": {"uv": [6.5, 6.5, 7, 7], "texture": "#0", "cullface": "west"},
				"west": {"uv": [4, 6.5, 7, 7], "texture": "#0", "cullface": "west"},
				"down": {"uv": [7, 6.5, 4, 6.75], "rotation": 90, "texture": "#0", "cullface": "west"}
			}
		},
		{
			"from": [-0.25, 10, 4.5],
			"to": [0, 10.5, 7.5],
			"faces": {
				"north": {"uv": [4.5, 5.5, 5, 6], "texture": "#0", "cullface": "west"},
				"south": {"uv": [7, 5.5, 7.5, 6], "texture": "#0", "cullface": "west"},
				"west": {"uv": [4.5, 5.5, 7.5, 6], "texture": "#0", "cullface": "west"},
				"up": {"uv": [7.5, 5.5, 4.5, 6], "rotation": 270, "texture": "#0", "cullface": "west"}
			}
		},
		{
			"from": [-0.25, 10.5, 5],
			"to": [0, 11, 6.5],
			"faces": {
				"north": {"uv": [5, 5, 5.5, 5.5], "texture": "#0", "cullface": "west"},
				"south": {"uv": [6, 5, 6.5, 5.5], "texture": "#0", "cullface": "west"},
				"west": {"uv": [5, 5, 6.5, 5.5], "texture": "#0", "cullface": "west"},
				"up": {"uv": [6.5, 5, 5, 5.5], "rotation": 270, "texture": "#0", "cullface": "west"}
			}
		},
		{
			"from": [-0.25, 10.5, 10.5],
			"to": [0, 11, 12],
			"faces": {
				"north": {"uv": [10.5, 5, 11, 5.5], "texture": "#0", "cullface": "west"},
				"south": {"uv": [11.5, 5, 12, 5.5], "texture": "#0", "cullface": "west"},
				"west": {"uv": [10.5, 5, 12, 5.5], "texture": "#0", "cullface": "west"},
				"up": {"uv": [12, 5, 10.5, 5.5], "rotation": 270, "texture": "#0", "cullface": "west"}
			}
		},
		{
			"from": [-0.25, 9.5, 9.5],
			"to": [0, 10, 12.5],
			"faces": {
				"north": {"uv": [9.5, 6, 10, 6.5], "texture": "#0", "cullface": "west"},
				"south": {"uv": [12, 6, 12.5, 6.5], "texture": "#0", "cullface": "west"},
				"west": {"uv": [9.5, 6, 12.5, 6.5], "texture": "#0", "cullface": "west"},
				"up": {"uv": [12.5, 6, 9.5, 6.5], "rotation": 270, "texture": "#0", "cullface": "west"},
				"down": {"uv": [12.5, 6, 9.5, 6.25], "rotation": 90, "texture": "#0", "cullface": "west"}
			}
		},
		{
			"from": [-0.25, 10, 10],
			"to": [0, 10.5, 12.5],
			"faces": {
				"north": {"uv": [10, 5.5, 10.5, 6], "texture": "#0", "cullface": "west"},
				"south": {"uv": [12, 5.5, 12.5, 6], "texture": "#0", "cullface": "west"},
				"west": {"uv": [10, 5.5, 12.5, 6], "texture": "#0", "cullface": "west"},
				"up": {"uv": [12.5, 5.5, 10, 6], "rotation": 270, "texture": "#0", "cullface": "west"}
			}
		},
		{
			"from": [-0.25, 9, 10],
			"to": [0, 9.5, 12],
			"faces": {
				"north": {"uv": [10, 6.5, 10.5, 7], "texture": "#0", "cullface": "west"},
				"south": {"uv": [11.5, 6.5, 12, 7], "texture": "#0", "cullface": "west"},
				"west": {"uv": [10, 6.5, 12, 7], "texture": "#0", "cullface": "west"},
				"down": {"uv": [12, 6.5, 10, 6.75], "rotation": 90, "texture": "#0", "cullface": "west"}
			}
		},
		{
			"from": [-0.25, 13, 12],
			"to": [0, 13.5, 14.5],
			"faces": {
				"north": {"uv": [12, 2.5, 12.5, 3], "texture": "#0", "cullface": "west"},
				"south": {"uv": [14, 2.5, 14.5, 3], "texture": "#0", "cullface": "west"},
				"west": {"uv": [12, 2.5, 14.5, 3], "texture": "#0", "cullface": "west"},
				"up": {"uv": [14.5, 2.5, 12, 3], "rotation": 270, "texture": "#0", "cullface": "west"},
				"down": {"uv": [14.5, 2.5, 12, 2.75], "rotation": 90, "texture": "#0", "cullface": "west"}
			}
		},
		{
			"from": [-0.25, 13.5, 12.5],
			"to": [0, 14, 14],
			"faces": {
				"north": {"uv": [12.5, 2, 13, 2.5], "texture": "#0", "cullface": "west"},
				"south": {"uv": [13.5, 2, 14, 2.5], "texture": "#0", "cullface": "west"},
				"west": {"uv": [12.5, 2, 14, 2.5], "texture": "#0", "cullface": "west"},
				"up": {"uv": [14, 2, 12.5, 2.5], "rotation": 270, "texture": "#0", "cullface": "west"}
			}
		},
		{
			"from": [-0.25, 12.5, 12.5],
			"to": [0, 13, 13.5],
			"faces": {
				"north": {"uv": [12.5, 3, 13, 3.5], "texture": "#0", "cullface": "west"},
				"south": {"uv": [13, 3, 13.5, 3.5], "texture": "#0", "cullface": "west"},
				"west": {"uv": [12.5, 3, 13.5, 3.5], "texture": "#0", "cullface": "west"},
				"down": {"uv": [13.5, 3, 12.5, 3.25], "rotation": 90, "texture": "#0", "cullface": "west"}
			}
		},
		{
			"from": [-0.25, 12, 7.5],
			"to": [0, 12.5, 8.5],
			"faces": {
				"north": {"uv": [7.5, 3.5, 8, 4], "texture": "#0", "cullface": "west"},
				"south": {"uv": [8, 3.5, 8.5, 4], "texture": "#0", "cullface": "west"},
				"west": {"uv": [7.5, 3.5, 8.5, 4], "texture": "#0", "cullface": "west"},
				"down": {"uv": [8.5, 3.5, 7.5, 3.75], "rotation": 90, "texture": "#0", "cullface": "west"}
			}
		},
		{
			"from": [-0.25, 12.5, 7],
			"to": [0, 13, 9],
			"faces": {
				"north": {"uv": [7, 3, 7.5, 3.5], "texture": "#0", "cullface": "west"},
				"south": {"uv": [8.5, 3, 9, 3.5], "texture": "#0", "cullface": "west"},
				"west": {"uv": [7, 3, 9, 3.5], "texture": "#0", "cullface": "west"},
				"up": {"uv": [9, 3, 7, 3.5], "rotation": 270, "texture": "#0", "cullface": "west"},
				"down": {"uv": [9, 3, 7, 3.25], "rotation": 90, "texture": "#0", "cullface": "west"}
			}
		},
		{
			"from": [-0.25, 13, 7.5],
			"to": [0, 13.5, 8],
			"faces": {
				"north": {"uv": [7.5, 2.5, 8, 3], "texture": "#0", "cullface": "west"},
				"south": {"uv": [7.5, 2.5, 8, 3], "texture": "#0", "cullface": "west"},
				"west": {"uv": [7.5, 2.5, 8, 3], "texture": "#0", "cullface": "west"},
				"up": {"uv": [8, 2.5, 7.5, 3], "rotation": 270, "texture": "#0", "cullface": "west"}
			}
		},
		{
			"from": [-0.25, 13, 4],
			"to": [0, 13.5, 5],
			"faces": {
				"north": {"uv": [4, 2.5, 4.5, 3], "texture": "#0", "cullface": "west"},
				"south": {"uv": [4.5, 2.5, 5, 3], "texture": "#0", "cullface": "west"},
				"west": {"uv": [4, 2.5, 5, 3], "texture": "#0", "cullface": "west"},
				"up": {"uv": [5, 2.5, 4, 3], "rotation": 270, "texture": "#0", "cullface": "west"},
				"down": {"uv": [5, 2.5, 4, 2.75], "rotation": 90, "texture": "#0", "cullface": "west"}
			}
		},
		{
			"from": [-0.25, 13.5, 3.5],
			"to": [0, 14, 4.5],
			"faces": {
				"north": {"uv": [3.5, 2, 4, 2.5], "texture": "#0", "cullface": "west"},
				"south": {"uv": [4, 2, 4.5, 2.5], "texture": "#0", "cullface": "west"},
				"west": {"uv": [3.5, 2, 4.5, 2.5], "texture": "#0", "cullface": "west"},
				"up": {"uv": [4.5, 2, 3.5, 2.5], "rotation": 270, "texture": "#0", "cullface": "west"},
				"down": {"uv": [4.5, 2, 3.5, 2.25], "rotation": 90, "texture": "#0", "cullface": "west"}
			}
		},
		{
			"from": [9, 2, 16],
			"to": [11, 2.5, 16.25],
			"faces": {
				"east": {"uv": [10.5, 13.5, 11, 14], "texture": "#0", "cullface": "south"},
				"south": {"uv": [9, 13.5, 11, 14], "texture": "#0", "cullface": "south"},
				"west": {"uv": [9, 13.5, 9.5, 14], "texture": "#0", "cullface": "south"},
				"down": {"uv": [11, 13.5, 9, 13.75], "rotation": 180, "texture": "#0", "cullface": "south"}
			}
		},
		{
			"from": [3.5, 2, 16],
			"to": [4.5, 2.5, 16.25],
			"faces": {
				"east": {"uv": [4, 13.5, 4.5, 14], "texture": "#0", "cullface": "south"},
				"south": {"uv": [3.5, 13.5, 4.5, 14], "texture": "#0", "cullface": "south"},
				"west": {"uv": [3.5, 13.5, 4, 14], "texture": "#0", "cullface": "south"},
				"down": {"uv": [4.5, 13.5, 3.5, 13.75], "rotation": 180, "texture": "#0", "cullface": "south"}
			}
		},
		{
			"from": [3.5, 3, 16],
			"to": [4, 3.5, 16.25],
			"faces": {
				"east": {"uv": [3.5, 12.5, 4, 13], "texture": "#0", "cullface": "south"},
				"south": {"uv": [3.5, 12.5, 4, 13], "texture": "#0", "cullface": "south"},
				"west": {"uv": [3.5, 12.5, 4, 13], "texture": "#0", "cullface": "south"},
				"up": {"uv": [4, 12.5, 3.5, 13], "rotation": 180, "texture": "#0", "cullface": "south"}
			}
		},
		{
			"from": [3, 2.5, 16],
			"to": [5, 3, 16.25],
			"faces": {
				"east": {"uv": [4.5, 13, 5, 13.5], "texture": "#0", "cullface": "south"},
				"south": {"uv": [3, 13, 5, 13.5], "texture": "#0", "cullface": "south"},
				"west": {"uv": [3, 13, 3.5, 13.5], "texture": "#0", "cullface": "south"},
				"up": {"uv": [5, 13, 3, 13.5], "rotation": 180, "texture": "#0", "cullface": "south"},
				"down": {"uv": [5, 13, 3, 13.25], "rotation": 180, "texture": "#0", "cullface": "south"}
			}
		},
		{
			"from": [8.5, 2.5, 16],
			"to": [11.5, 3, 16.25],
			"faces": {
				"east": {"uv": [11, 13, 11.5, 13.5], "texture": "#0", "cullface": "south"},
				"south": {"uv": [8.5, 13, 11.5, 13.5], "texture": "#0", "cullface": "south"},
				"west": {"uv": [8.5, 13, 9, 13.5], "texture": "#0", "cullface": "south"},
				"down": {"uv": [11.5, 13, 8.5, 13.25], "rotation": 180, "texture": "#0", "cullface": "south"}
			}
		},
		{
			"from": [8, 3, 16],
			"to": [13.5, 3.5, 16.25],
			"faces": {
				"east": {"uv": [13, 12.5, 13.5, 13], "texture": "#0", "cullface": "south"},
				"south": {"uv": [8, 12.5, 13.5, 13], "texture": "#0", "cullface": "south"},
				"west": {"uv": [8, 12.5, 8.5, 13], "texture": "#0", "cullface": "south"},
				"up": {"uv": [13.5, 12.5, 8, 13], "rotation": 180, "texture": "#0", "cullface": "south"},
				"down": {"uv": [13.5, 12.5, 8, 12.75], "rotation": 180, "texture": "#0", "cullface": "south"}
			}
		},
		{
			"from": [8.5, 3.5, 16],
			"to": [14, 4, 16.25],
			"faces": {
				"east": {"uv": [13.5, 12, 14, 12.5], "texture": "#0", "cullface": "south"},
				"south": {"uv": [8.5, 12, 14, 12.5], "texture": "#0", "cullface": "south"},
				"west": {"uv": [8.5, 12, 9, 12.5], "texture": "#0", "cullface": "south"},
				"up": {"uv": [14, 12, 8.5, 12.5], "rotation": 180, "texture": "#0", "cullface": "south"},
				"down": {"uv": [14, 12, 8.5, 12.25], "rotation": 180, "texture": "#0", "cullface": "south"}
			}
		},
		{
			"from": [10, 4, 16],
			"to": [13.5, 4.5, 16.25],
			"faces": {
				"east": {"uv": [13, 11.5, 13.5, 12], "texture": "#0", "cullface": "south"},
				"south": {"uv": [10, 11.5, 13.5, 12], "texture": "#0", "cullface": "south"},
				"west": {"uv": [10, 11.5, 10.5, 12], "texture": "#0", "cullface": "south"},
				"up": {"uv": [13.5, 11.5, 10, 12], "rotation": 180, "texture": "#0", "cullface": "south"}
			}
		},
		{
			"from": [11, 4.5, 16],
			"to": [12.5, 5, 16.25],
			"faces": {
				"east": {"uv": [12, 11, 12.5, 11.5], "texture": "#0", "cullface": "south"},
				"south": {"uv": [11, 11, 12.5, 11.5], "texture": "#0", "cullface": "south"},
				"west": {"uv": [11, 11, 11.5, 11.5], "texture": "#0", "cullface": "south"},
				"up": {"uv": [12.5, 11, 11, 11.5], "rotation": 180, "texture": "#0", "cullface": "south"}
			}
		},
		{
			"from": [4, 5, 16],
			"to": [5, 5.5, 16.25],
			"faces": {
				"east": {"uv": [4.5, 10.5, 5, 11], "texture": "#0", "cullface": "south"},
				"south": {"uv": [4, 10.5, 5, 11], "texture": "#0", "cullface": "south"},
				"west": {"uv": [4, 10.5, 4.5, 11], "texture": "#0", "cullface": "south"},
				"down": {"uv": [5, 10.5, 4, 10.75], "rotation": 180, "texture": "#0", "cullface": "south"}
			}
		},
		{
			"from": [3.5, 5.5, 16],
			"to": [5.5, 6, 16.25],
			"faces": {
				"east": {"uv": [5, 10, 5.5, 10.5], "texture": "#0", "cullface": "south"},
				"south": {"uv": [3.5, 10, 5.5, 10.5], "texture": "#0", "cullface": "south"},
				"west": {"uv": [3.5, 10, 4, 10.5], "texture": "#0", "cullface": "south"},
				"up": {"uv": [5.5, 10, 3.5, 10.5], "rotation": 180, "texture": "#0", "cullface": "south"},
				"down": {"uv": [5.5, 10, 3.5, 10.25], "rotation": 180, "texture": "#0", "cullface": "south"}
			}
		},
		{
			"from": [4.5, 6, 16],
			"to": [5, 6.5, 16.25],
			"faces": {
				"east": {"uv": [4.5, 9.5, 5, 10], "texture": "#0", "cullface": "south"},
				"south": {"uv": [4.5, 9.5, 5, 10], "texture": "#0", "cullface": "south"},
				"west": {"uv": [4.5, 9.5, 5, 10], "texture": "#0", "cullface": "south"},
				"up": {"uv": [5, 9.5, 4.5, 10], "rotation": 180, "texture": "#0", "cullface": "south"}
			}
		},
		{
			"from": [1, 7.5, 16],
			"to": [3, 8, 16.25],
			"faces": {
				"east": {"uv": [2.5, 8, 3, 8.5], "texture": "#0", "cullface": "south"},
				"south": {"uv": [1, 8, 3, 8.5], "texture": "#0", "cullface": "south"},
				"west": {"uv": [1, 8, 1.5, 8.5], "texture": "#0", "cullface": "south"},
				"up": {"uv": [3, 8, 1, 8.5], "rotation": 180, "texture": "#0", "cullface": "south"},
				"down": {"uv": [3, 8, 1, 8.25], "rotation": 180, "texture": "#0", "cullface": "south"}
			}
		},
		{
			"from": [1.5, 8, 16],
			"to": [2.5, 8.5, 16.25],
			"faces": {
				"east": {"uv": [2, 7.5, 2.5, 8], "texture": "#0", "cullface": "south"},
				"south": {"uv": [1.5, 7.5, 2.5, 8], "texture": "#0", "cullface": "south"},
				"west": {"uv": [1.5, 7.5, 2, 8], "texture": "#0", "cullface": "south"},
				"up": {"uv": [2.5, 7.5, 1.5, 8], "rotation": 180, "texture": "#0", "cullface": "south"}
			}
		},
		{
			"from": [1.5, 7, 16],
			"to": [3, 7.5, 16.25],
			"faces": {
				"east": {"uv": [2.5, 8.5, 3, 9], "texture": "#0", "cullface": "south"},
				"south": {"uv": [1.5, 8.5, 3, 9], "texture": "#0", "cullface": "south"},
				"west": {"uv": [1.5, 8.5, 2, 9], "texture": "#0", "cullface": "south"},
				"down": {"uv": [3, 8.5, 1.5, 8.75], "rotation": 180, "texture": "#0", "cullface": "south"}
			}
		},
		{
			"from": [7, 6.5, 16],
			"to": [11, 7, 16.25],
			"faces": {
				"east": {"uv": [10.5, 9, 11, 9.5], "texture": "#0", "cullface": "south"},
				"south": {"uv": [7, 9, 11, 9.5], "texture": "#0", "cullface": "south"},
				"west": {"uv": [7, 9, 7.5, 9.5], "texture": "#0", "cullface": "south"},
				"up": {"uv": [11, 9, 7, 9.5], "rotation": 180, "texture": "#0", "cullface": "south"},
				"down": {"uv": [11, 9, 7, 9.25], "rotation": 180, "texture": "#0", "cullface": "south"}
			}
		},
		{
			"from": [7.5, 6, 16],
			"to": [10, 6.5, 16.25],
			"faces": {
				"east": {"uv": [9.5, 9.5, 10, 10], "texture": "#0", "cullface": "south"},
				"south": {"uv": [7.5, 9.5, 10, 10], "texture": "#0", "cullface": "south"},
				"west": {"uv": [7.5, 9.5, 8, 10], "texture": "#0", "cullface": "south"},
				"down": {"uv": [10, 9.5, 7.5, 9.75], "rotation": 180, "texture": "#0", "cullface": "south"}
			}
		},
		{
			"from": [7.5, 7, 16],
			"to": [10.5, 7.5, 16.25],
			"faces": {
				"east": {"uv": [10, 8.5, 10.5, 9], "texture": "#0", "cullface": "south"},
				"south": {"uv": [7.5, 8.5, 10.5, 9], "texture": "#0", "cullface": "south"},
				"west": {"uv": [7.5, 8.5, 8, 9], "texture": "#0", "cullface": "south"},
				"up": {"uv": [10.5, 8.5, 7.5, 9], "rotation": 180, "texture": "#0", "cullface": "south"}
			}
		},
		{
			"from": [8, 7.5, 16],
			"to": [9.5, 8, 16.25],
			"faces": {
				"east": {"uv": [9, 8, 9.5, 8.5], "texture": "#0", "cullface": "south"},
				"south": {"uv": [8, 8, 9.5, 8.5], "texture": "#0", "cullface": "south"},
				"west": {"uv": [8, 8, 8.5, 8.5], "texture": "#0", "cullface": "south"},
				"up": {"uv": [9.5, 8, 8, 8.5], "rotation": 180, "texture": "#0", "cullface": "south"}
			}
		},
		{
			"from": [3.5, 9.5, 16],
			"to": [8, 10, 16.25],
			"faces": {
				"east": {"uv": [7.5, 6, 8, 6.5], "texture": "#0", "cullface": "south"},
				"south": {"uv": [3.5, 6, 8, 6.5], "texture": "#0", "cullface": "south"},
				"west": {"uv": [3.5, 6, 4, 6.5], "texture": "#0", "cullface": "south"},
				"up": {"uv": [8, 6, 3.5, 6.5], "rotation": 180, "texture": "#0", "cullface": "south"},
				"down": {"uv": [8, 6, 3.5, 6.25], "rotation": 180, "texture": "#0", "cullface": "south"}
			}
		},
		{
			"from": [4, 9, 16],
			"to": [7, 9.5, 16.25],
			"faces": {
				"east": {"uv": [6.5, 6.5, 7, 7], "texture": "#0", "cullface": "south"},
				"south": {"uv": [4, 6.5, 7, 7], "texture": "#0", "cullface": "south"},
				"west": {"uv": [4, 6.5, 4.5, 7], "texture": "#0", "cullface": "south"},
				"down": {"uv": [7, 6.5, 4, 6.75], "rotation": 180, "texture": "#0", "cullface": "south"}
			}
		},
		{
			"from": [4.5, 10, 16],
			"to": [7.5, 10.5, 16.25],
			"faces": {
				"east": {"uv": [7, 5.5, 7.5, 6], "texture": "#0", "cullface": "south"},
				"south": {"uv": [4.5, 5.5, 7.5, 6], "texture": "#0", "cullface": "south"},
				"west": {"uv": [4.5, 5.5, 5, 6], "texture": "#0", "cullface": "south"},
				"up": {"uv": [7.5, 5.5, 4.5, 6], "rotation": 180, "texture": "#0", "cullface": "south"}
			}
		},
		{
			"from": [5, 10.5, 16],
			"to": [6.5, 11, 16.25],
			"faces": {
				"east": {"uv": [6, 5, 6.5, 5.5], "texture": "#0", "cullface": "south"},
				"south": {"uv": [5, 5, 6.5, 5.5], "texture": "#0", "cullface": "south"},
				"west": {"uv": [5, 5, 5.5, 5.5], "texture": "#0", "cullface": "south"},
				"up": {"uv": [6.5, 5, 5, 5.5], "rotation": 180, "texture": "#0", "cullface": "south"}
			}
		},
		{
			"from": [10.5, 10.5, 16],
			"to": [12, 11, 16.25],
			"faces": {
				"east": {"uv": [11.5, 5, 12, 5.5], "texture": "#0", "cullface": "south"},
				"south": {"uv": [10.5, 5, 12, 5.5], "texture": "#0", "cullface": "south"},
				"west": {"uv": [10.5, 5, 11, 5.5], "texture": "#0", "cullface": "south"},
				"up": {"uv": [12, 5, 10.5, 5.5], "rotation": 180, "texture": "#0", "cullface": "south"}
			}
		},
		{
			"from": [9.5, 9.5, 16],
			"to": [12.5, 10, 16.25],
			"faces": {
				"east": {"uv": [12, 6, 12.5, 6.5], "texture": "#0", "cullface": "south"},
				"south": {"uv": [9.5, 6, 12.5, 6.5], "texture": "#0", "cullface": "south"},
				"west": {"uv": [9.5, 6, 10, 6.5], "texture": "#0", "cullface": "south"},
				"up": {"uv": [12.5, 6, 9.5, 6.5], "rotation": 180, "texture": "#0", "cullface": "south"},
				"down": {"uv": [12.5, 6, 9.5, 6.25], "rotation": 180, "texture": "#0", "cullface": "south"}
			}
		},
		{
			"from": [10, 10, 16],
			"to": [12.5, 10.5, 16.25],
			"faces": {
				"east": {"uv": [12, 5.5, 12.5, 6], "texture": "#0", "cullface": "south"},
				"south": {"uv": [10, 5.5, 12.5, 6], "texture": "#0", "cullface": "south"},
				"west": {"uv": [10, 5.5, 10.5, 6], "texture": "#0", "cullface": "south"},
				"up": {"uv": [12.5, 5.5, 10, 6], "rotation": 180, "texture": "#0", "cullface": "south"}
			}
		},
		{
			"from": [10, 9, 16],
			"to": [12, 9.5, 16.25],
			"faces": {
				"east": {"uv": [11.5, 6.5, 12, 7], "texture": "#0", "cullface": "south"},
				"south": {"uv": [10, 6.5, 12, 7], "texture": "#0", "cullface": "south"},
				"west": {"uv": [10, 6.5, 10.5, 7], "texture": "#0", "cullface": "south"},
				"down": {"uv": [12, 6.5, 10, 6.75], "rotation": 180, "texture": "#0", "cullface": "south"}
			}
		},
		{
			"from": [12, 13, 16],
			"to": [14.5, 13.5, 16.25],
			"faces": {
				"east": {"uv": [14, 2.5, 14.5, 3], "texture": "#0", "cullface": "south"},
				"south": {"uv": [12, 2.5, 14.5, 3], "texture": "#0", "cullface": "south"},
				"west": {"uv": [12, 2.5, 12.5, 3], "texture": "#0", "cullface": "south"},
				"up": {"uv": [14.5, 2.5, 12, 3], "rotation": 180, "texture": "#0", "cullface": "south"},
				"down": {"uv": [14.5, 2.5, 12, 2.75], "rotation": 180, "texture": "#0", "cullface": "south"}
			}
		},
		{
			"from": [12.5, 13.5, 16],
			"to": [14, 14, 16.25],
			"faces": {
				"east": {"uv": [13.5, 2, 14, 2.5], "texture": "#0", "cullface": "south"},
				"south": {"uv": [12.5, 2, 14, 2.5], "texture": "#0", "cullface": "south"},
				"west": {"uv": [12.5, 2, 13, 2.5], "texture": "#0", "cullface": "south"},
				"up": {"uv": [14, 2, 12.5, 2.5], "rotation": 180, "texture": "#0", "cullface": "south"}
			}
		},
		{
			"from": [12.5, 12.5, 16],
			"to": [13.5, 13, 16.25],
			"faces": {
				"east": {"uv": [13, 3, 13.5, 3.5], "texture": "#0", "cullface": "south"},
				"south": {"uv": [12.5, 3, 13.5, 3.5], "texture": "#0", "cullface": "south"},
				"west": {"uv": [12.5, 3, 13, 3.5], "texture": "#0", "cullface": "south"},
				"down": {"uv": [13.5, 3, 12.5, 3.25], "rotation": 180, "texture": "#0", "cullface": "south"}
			}
		},
		{
			"from": [7.5, 12, 16],
			"to": [8.5, 12.5, 16.25],
			"faces": {
				"east": {"uv": [8, 3.5, 8.5, 4], "texture": "#0", "cullface": "south"},
				"south": {"uv": [7.5, 3.5, 8.5, 4], "texture": "#0", "cullface": "south"},
				"west": {"uv": [7.5, 3.5, 8, 4], "texture": "#0", "cullface": "south"},
				"down": {"uv": [8.5, 3.5, 7.5, 3.75], "rotation": 180, "texture": "#0", "cullface": "south"}
			}
		},
		{
			"from": [7, 12.5, 16],
			"to": [9, 13, 16.25],
			"faces": {
				"east": {"uv": [8.5, 3, 9, 3.5], "texture": "#0", "cullface": "south"},
				"south": {"uv": [7, 3, 9, 3.5], "texture": "#0", "cullface": "south"},
				"west": {"uv": [7, 3, 7.5, 3.5], "texture": "#0", "cullface": "south"},
				"up": {"uv": [9, 3, 7, 3.5], "rotation": 180, "texture": "#0", "cullface": "south"},
				"down": {"uv": [9, 3, 7, 3.25], "rotation": 180, "texture": "#0", "cullface": "south"}
			}
		},
		{
			"from": [7.5, 13, 16],
			"to": [8, 13.5, 16.25],
			"faces": {
				"east": {"uv": [7.5, 2.5, 8, 3], "texture": "#0", "cullface": "south"},
				"south": {"uv": [7.5, 2.5, 8, 3], "texture": "#0", "cullface": "south"},
				"west": {"uv": [7.5, 2.5, 8, 3], "texture": "#0", "cullface": "south"},
				"up": {"uv": [8, 2.5, 7.5, 3], "rotation": 180, "texture": "#0", "cullface": "south"}
			}
		},
		{
			"from": [4, 13, 16],
			"to": [5, 13.5, 16.25],
			"faces": {
				"east": {"uv": [4.5, 2.5, 5, 3], "texture": "#0", "cullface": "south"},
				"south": {"uv": [4, 2.5, 5, 3], "texture": "#0", "cullface": "south"},
				"west": {"uv": [4, 2.5, 4.5, 3], "texture": "#0", "cullface": "south"},
				"up": {"uv": [5, 2.5, 4, 3], "rotation": 180, "texture": "#0", "cullface": "south"},
				"down": {"uv": [5, 2.5, 4, 2.75], "rotation": 180, "texture": "#0", "cullface": "south"}
			}
		},
		{
			"from": [3.5, 13.5, 16],
			"to": [4.5, 14, 16.25],
			"faces": {
				"east": {"uv": [4, 2, 4.5, 2.5], "texture": "#0", "cullface": "south"},
				"south": {"uv": [3.5, 2, 4.5, 2.5], "texture": "#0", "cullface": "south"},
				"west": {"uv": [3.5, 2, 4, 2.5], "texture": "#0", "cullface": "south"},
				"up": {"uv": [4.5, 2, 3.5, 2.5], "rotation": 180, "texture": "#0", "cullface": "south"},
				"down": {"uv": [4.5, 2, 3.5, 2.25], "rotation": 180, "texture": "#0", "cullface": "south"}
			}
		},
		{
			"from": [16, 2, 5],
			"to": [16.25, 2.5, 7],
			"faces": {
				"north": {"uv": [10.5, 13.5, 11, 14], "texture": "#0", "cullface": "east"},
				"east": {"uv": [9, 13.5, 11, 14], "texture": "#0", "cullface": "east"},
				"south": {"uv": [9, 13.5, 9.5, 14], "texture": "#0", "cullface": "east"},
				"down": {"uv": [11, 13.5, 9, 13.75], "rotation": 270, "texture": "#0", "cullface": "east"}
			}
		},
		{
			"from": [16, 2, 11.5],
			"to": [16.25, 2.5, 12.5],
			"faces": {
				"north": {"uv": [4, 13.5, 4.5, 14], "texture": "#0", "cullface": "east"},
				"east": {"uv": [3.5, 13.5, 4.5, 14], "texture": "#0", "cullface": "east"},
				"south": {"uv": [3.5, 13.5, 4, 14], "texture": "#0", "cullface": "east"},
				"down": {"uv": [4.5, 13.5, 3.5, 13.75], "rotation": 270, "texture": "#0", "cullface": "east"}
			}
		},
		{
			"from": [16, 3, 12],
			"to": [16.25, 3.5, 12.5],
			"faces": {
				"north": {"uv": [3.5, 12.5, 4, 13], "texture": "#0", "cullface": "east"},
				"east": {"uv": [3.5, 12.5, 4, 13], "texture": "#0", "cullface": "east"},
				"south": {"uv": [3.5, 12.5, 4, 13], "texture": "#0", "cullface": "east"},
				"up": {"uv": [4, 12.5, 3.5, 13], "rotation": 90, "texture": "#0", "cullface": "east"}
			}
		},
		{
			"from": [16, 2.5, 11],
			"to": [16.25, 3, 13],
			"faces": {
				"north": {"uv": [4.5, 13, 5, 13.5], "texture": "#0", "cullface": "east"},
				"east": {"uv": [3, 13, 5, 13.5], "texture": "#0", "cullface": "east"},
				"south": {"uv": [3, 13, 3.5, 13.5], "texture": "#0", "cullface": "east"},
				"up": {"uv": [5, 13, 3, 13.5], "rotation": 90, "texture": "#0", "cullface": "east"},
				"down": {"uv": [5, 13, 3, 13.25], "rotation": 270, "texture": "#0", "cullface": "east"}
			}
		},
		{
			"from": [16, 2.5, 4.5],
			"to": [16.25, 3, 7.5],
			"faces": {
				"north": {"uv": [11, 13, 11.5, 13.5], "texture": "#0", "cullface": "east"},
				"east": {"uv": [8.5, 13, 11.5, 13.5], "texture": "#0", "cullface": "east"},
				"south": {"uv": [8.5, 13, 9, 13.5], "texture": "#0", "cullface": "east"},
				"down": {"uv": [11.5, 13, 8.5, 13.25], "rotation": 270, "texture": "#0", "cullface": "east"}
			}
		},
		{
			"from": [16, 3, 2.5],
			"to": [16.25, 3.5, 8],
			"faces": {
				"north": {"uv": [13, 12.5, 13.5, 13], "texture": "#0", "cullface": "east"},
				"east": {"uv": [8, 12.5, 13.5, 13], "texture": "#0", "cullface": "east"},
				"south": {"uv": [8, 12.5, 8.5, 13], "texture": "#0", "cullface": "east"},
				"up": {"uv": [13.5, 12.5, 8, 13], "rotation": 90, "texture": "#0", "cullface": "east"},
				"down": {"uv": [13.5, 12.5, 8, 12.75], "rotation": 270, "texture": "#0", "cullface": "east"}
			}
		},
		{
			"from": [16, 3.5, 2],
			"to": [16.25, 4, 7.5],
			"faces": {
				"north": {"uv": [13.5, 12, 14, 12.5], "texture": "#0", "cullface": "east"},
				"east": {"uv": [8.5, 12, 14, 12.5], "texture": "#0", "cullface": "east"},
				"south": {"uv": [8.5, 12, 9, 12.5], "texture": "#0", "cullface": "east"},
				"up": {"uv": [14, 12, 8.5, 12.5], "rotation": 90, "texture": "#0", "cullface": "east"},
				"down": {"uv": [14, 12, 8.5, 12.25], "rotation": 270, "texture": "#0", "cullface": "east"}
			}
		},
		{
			"from": [16, 4, 2.5],
			"to": [16.25, 4.5, 6],
			"faces": {
				"north": {"uv": [13, 11.5, 13.5, 12], "texture": "#0", "cullface": "east"},
				"east": {"uv": [10, 11.5, 13.5, 12], "texture": "#0", "cullface": "east"},
				"south": {"uv": [10, 11.5, 10.5, 12], "texture": "#0", "cullface": "east"},
				"up": {"uv": [13.5, 11.5, 10, 12], "rotation": 90, "texture": "#0", "cullface": "east"}
			}
		},
		{
			"from": [16, 4.5, 3.5],
			"to": [16.25, 5, 5],
			"faces": {
				"north": {"uv": [12, 11, 12.5, 11.5], "texture": "#0", "cullface": "east"},
				"east": {"uv": [11, 11, 12.5, 11.5], "texture": "#0", "cullface": "east"},
				"south": {"uv": [11, 11, 11.5, 11.5], "texture": "#0", "cullface": "east"},
				"up": {"uv": [12.5, 11, 11, 11.5], "rotation": 90, "texture": "#0", "cullface": "east"}
			}
		},
		{
			"from": [16, 5, 11],
			"to": [16.25, 5.5, 12],
			"faces": {
				"north": {"uv": [4.5, 10.5, 5, 11], "texture": "#0", "cullface": "east"},
				"east": {"uv": [4, 10.5, 5, 11], "texture": "#0", "cullface": "east"},
				"south": {"uv": [4, 10.5, 4.5, 11], "texture": "#0", "cullface": "east"},
				"down": {"uv": [5, 10.5, 4, 10.75], "rotation": 270, "texture": "#0", "cullface": "east"}
			}
		},
		{
			"from": [16, 5.5, 10.5],
			"to": [16.25, 6, 12.5],
			"faces": {
				"north": {"uv": [5, 10, 5.5, 10.5], "texture": "#0", "cullface": "east"},
				"east": {"uv": [3.5, 10, 5.5, 10.5], "texture": "#0", "cullface": "east"},
				"south": {"uv": [3.5, 10, 4, 10.5], "texture": "#0", "cullface": "east"},
				"up": {"uv": [5.5, 10, 3.5, 10.5], "rotation": 90, "texture": "#0", "cullface": "east"},
				"down": {"uv": [5.5, 10, 3.5, 10.25], "rotation": 270, "texture": "#0", "cullface": "east"}
			}
		},
		{
			"from": [16, 6, 11],
			"to": [16.25, 6.5, 11.5],
			"faces": {
				"north": {"uv": [4.5, 9.5, 5, 10], "texture": "#0", "cullface": "east"},
				"east": {"uv": [4.5, 9.5, 5, 10], "texture": "#0", "cullface": "east"},
				"south": {"uv": [4.5, 9.5, 5, 10], "texture": "#0", "cullface": "east"},
				"up": {"uv": [5, 9.5, 4.5, 10], "rotation": 90, "texture": "#0", "cullface": "east"}
			}
		},
		{
			"from": [16, 7.5, 13],
			"to": [16.25, 8, 15],
			"faces": {
				"north": {"uv": [2.5, 8, 3, 8.5], "texture": "#0", "cullface": "east"},
				"east": {"uv": [1, 8, 3, 8.5], "texture": "#0", "cullface": "east"},
				"south": {"uv": [1, 8, 1.5, 8.5], "texture": "#0", "cullface": "east"},
				"up": {"uv": [3, 8, 1, 8.5], "rotation": 90, "texture": "#0", "cullface": "east"},
				"down": {"uv": [3, 8, 1, 8.25], "rotation": 270, "texture": "#0", "cullface": "east"}
			}
		},
		{
			"from": [16, 8, 13.5],
			"to": [16.25, 8.5, 14.5],
			"faces": {
				"north": {"uv": [2, 7.5, 2.5, 8], "texture": "#0", "cullface": "east"},
				"east": {"uv": [1.5, 7.5, 2.5, 8], "texture": "#0", "cullface": "east"},
				"south": {"uv": [1.5, 7.5, 2, 8], "texture": "#0", "cullface": "east"},
				"up": {"uv": [2.5, 7.5, 1.5, 8], "rotation": 90, "texture": "#0", "cullface": "east"}
			}
		},
		{
			"from": [16, 7, 13],
			"to": [16.25, 7.5, 14.5],
			"faces": {
				"north": {"uv": [2.5, 8.5, 3, 9], "texture": "#0", "cullface": "east"},
				"east": {"uv": [1.5, 8.5, 3, 9], "texture": "#0", "cullface": "east"},
				"south": {"uv": [1.5, 8.5, 2, 9], "texture": "#0", "cullface": "east"},
				"down": {"uv": [3, 8.5, 1.5, 8.75], "rotation": 270, "texture": "#0", "cullface": "east"}
			}
		},
		{
			"from": [16, 6.5, 5],
			"to": [16.25, 7, 9],
			"faces": {
				"north": {"uv": [10.5, 9, 11, 9.5], "texture": "#0", "cullface": "east"},
				"east": {"uv": [7, 9, 11, 9.5], "texture": "#0", "cullface": "east"},
				"south": {"uv": [7, 9, 7.5, 9.5], "texture": "#0", "cullface": "east"},
				"up": {"uv": [11, 9, 7, 9.5], "rotation": 90, "texture": "#0", "cullface": "east"},
				"down": {"uv": [11, 9, 7, 9.25], "rotation": 270, "texture": "#0", "cullface": "east"}
			}
		},
		{
			"from": [16, 6, 6],
			"to": [16.25, 6.5, 8.5],
			"faces": {
				"north": {"uv": [9.5, 9.5, 10, 10], "texture": "#0", "cullface": "east"},
				"east": {"uv": [7.5, 9.5, 10, 10], "texture": "#0", "cullface": "east"},
				"south": {"uv": [7.5, 9.5, 8, 10], "texture": "#0", "cullface": "east"},
				"down": {"uv": [10, 9.5, 7.5, 9.75], "rotation": 270, "texture": "#0", "cullface": "east"}
			}
		},
		{
			"from": [16, 7, 5.5],
			"to": [16.25, 7.5, 8.5],
			"faces": {
				"north": {"uv": [10, 8.5, 10.5, 9], "texture": "#0", "cullface": "east"},
				"east": {"uv": [7.5, 8.5, 10.5, 9], "texture": "#0", "cullface": "east"},
				"south": {"uv": [7.5, 8.5, 8, 9], "texture": "#0", "cullface": "east"},
				"up": {"uv": [10.5, 8.5, 7.5, 9], "rotation": 90, "texture": "#0", "cullface": "east"}
			}
		},
		{
			"from": [16, 7.5, 6.5],
			"to": [16.25, 8, 8],
			"faces": {
				"north": {"uv": [9, 8, 9.5, 8.5], "texture": "#0", "cullface": "east"},
				"east": {"uv": [8, 8, 9.5, 8.5], "texture": "#0", "cullface": "east"},
				"south": {"uv": [8, 8, 8.5, 8.5], "texture": "#0", "cullface": "east"},
				"up": {"uv": [9.5, 8, 8, 8.5], "rotation": 90, "texture": "#0", "cullface": "east"}
			}
		},
		{
			"from": [16, 9.5, 8],
			"to": [16.25, 10, 12.5],
			"faces": {
				"north": {"uv": [7.5, 6, 8, 6.5], "texture": "#0", "cullface": "east"},
				"east": {"uv": [3.5, 6, 8, 6.5], "texture": "#0", "cullface": "east"},
				"south": {"uv": [3.5, 6, 4, 6.5], "texture": "#0", "cullface": "east"},
				"up": {"uv": [8, 6, 3.5, 6.5], "rotation": 90, "texture": "#0", "cullface": "east"},
				"down": {"uv": [8, 6, 3.5, 6.25], "rotation": 270, "texture": "#0", "cullface": "east"}
			}
		},
		{
			"from": [16, 9, 9],
			"to": [16.25, 9.5, 12],
			"faces": {
				"north": {"uv": [6.5, 6.5, 7, 7], "texture": "#0", "cullface": "east"},
				"east": {"uv": [4, 6.5, 7, 7], "texture": "#0", "cullface": "east"},
				"south": {"uv": [4, 6.5, 4.5, 7], "texture": "#0", "cullface": "east"},
				"down": {"uv": [7, 6.5, 4, 6.75], "rotation": 270, "texture": "#0", "cullface": "east"}
			}
		},
		{
			"from": [16, 10, 8.5],
			"to": [16.25, 10.5, 11.5],
			"faces": {
				"north": {"uv": [7, 5.5, 7.5, 6], "texture": "#0", "cullface": "east"},
				"east": {"uv": [4.5, 5.5, 7.5, 6], "texture": "#0", "cullface": "east"},
				"south": {"uv": [4.5, 5.5, 5, 6], "texture": "#0", "cullface": "east"},
				"up": {"uv": [7.5, 5.5, 4.5, 6], "rotation": 90, "texture": "#0", "cullface": "east"}
			}
		},
		{
			"from": [16, 10.5, 9.5],
			"to": [16.25, 11, 11],
			"faces": {
				"north": {"uv": [6, 5, 6.5, 5.5], "texture": "#0", "cullface": "east"},
				"east": {"uv": [5, 5, 6.5, 5.5], "texture": "#0", "cullface": "east"},
				"south": {"uv": [5, 5, 5.5, 5.5], "texture": "#0", "cullface": "east"},
				"up": {"uv": [6.5, 5, 5, 5.5], "rotation": 90, "texture": "#0", "cullface": "east"}
			}
		},
		{
			"from": [16, 10.5, 4],
			"to": [16.25, 11, 5.5],
			"faces": {
				"north": {"uv": [11.5, 5, 12, 5.5], "texture": "#0", "cullface": "east"},
				"east": {"uv": [10.5, 5, 12, 5.5], "texture": "#0", "cullface": "east"},
				"south": {"uv": [10.5, 5, 11, 5.5], "texture": "#0", "cullface": "east"},
				"up": {"uv": [12, 5, 10.5, 5.5], "rotation": 90, "texture": "#0", "cullface": "east"}
			}
		},
		{
			"from": [16, 9.5, 3.5],
			"to": [16.25, 10, 6.5],
			"faces": {
				"north": {"uv": [12, 6, 12.5, 6.5], "texture": "#0", "cullface": "east"},
				"east": {"uv": [9.5, 6, 12.5, 6.5], "texture": "#0", "cullface": "east"},
				"south": {"uv": [9.5, 6, 10, 6.5], "texture": "#0", "cullface": "east"},
				"up": {"uv": [12.5, 6, 9.5, 6.5], "rotation": 90, "texture": "#0", "cullface": "east"},
				"down": {"uv": [12.5, 6, 9.5, 6.25], "rotation": 270, "texture": "#0", "cullface": "east"}
			}
		},
		{
			"from": [16, 10, 3.5],
			"to": [16.25, 10.5, 6],
			"faces": {
				"north": {"uv": [12, 5.5, 12.5, 6], "texture": "#0", "cullface": "east"},
				"east": {"uv": [10, 5.5, 12.5, 6], "texture": "#0", "cullface": "east"},
				"south": {"uv": [10, 5.5, 10.5, 6], "texture": "#0", "cullface": "east"},
				"up": {"uv": [12.5, 5.5, 10, 6], "rotation": 90, "texture": "#0", "cullface": "east"}
			}
		},
		{
			"from": [16, 9, 4],
			"to": [16.25, 9.5, 6],
			"faces": {
				"north": {"uv": [11.5, 6.5, 12, 7], "texture": "#0", "cullface": "east"},
				"east": {"uv": [10, 6.5, 12, 7], "texture": "#0", "cullface": "east"},
				"south": {"uv": [10, 6.5, 10.5, 7], "texture": "#0", "cullface": "east"},
				"down": {"uv": [12, 6.5, 10, 6.75], "rotation": 270, "texture": "#0", "cullface": "east"}
			}
		},
		{
			"from": [16, 13, 1.5],
			"to": [16.25, 13.5, 4],
			"faces": {
				"north": {"uv": [14, 2.5, 14.5, 3], "texture": "#0", "cullface": "east"},
				"east": {"uv": [12, 2.5, 14.5, 3], "texture": "#0", "cullface": "east"},
				"south": {"uv": [12, 2.5, 12.5, 3], "texture": "#0", "cullface": "east"},
				"up": {"uv": [14.5, 2.5, 12, 3], "rotation": 90, "texture": "#0", "cullface": "east"},
				"down": {"uv": [14.5, 2.5, 12, 2.75], "rotation": 270, "texture": "#0", "cullface": "east"}
			}
		},
		{
			"from": [16, 13.5, 2],
			"to": [16.25, 14, 3.5],
			"faces": {
				"north": {"uv": [13.5, 2, 14, 2.5], "texture": "#0", "cullface": "east"},
				"east": {"uv": [12.5, 2, 14, 2.5], "texture": "#0", "cullface": "east"},
				"south": {"uv": [12.5, 2, 13, 2.5], "texture": "#0", "cullface": "east"},
				"up": {"uv": [14, 2, 12.5, 2.5], "rotation": 90, "texture": "#0", "cullface": "east"}
			}
		},
		{
			"from": [16, 12.5, 2.5],
			"to": [16.25, 13, 3.5],
			"faces": {
				"north": {"uv": [13, 3, 13.5, 3.5], "texture": "#0", "cullface": "east"},
				"east": {"uv": [12.5, 3, 13.5, 3.5], "texture": "#0", "cullface": "east"},
				"south": {"uv": [12.5, 3, 13, 3.5], "texture": "#0", "cullface": "east"},
				"down": {"uv": [13.5, 3, 12.5, 3.25], "rotation": 270, "texture": "#0", "cullface": "east"}
			}
		},
		{
			"from": [16, 12, 7.5],
			"to": [16.25, 12.5, 8.5],
			"faces": {
				"north": {"uv": [8, 3.5, 8.5, 4], "texture": "#0", "cullface": "east"},
				"east": {"uv": [7.5, 3.5, 8.5, 4], "texture": "#0", "cullface": "east"},
				"south": {"uv": [7.5, 3.5, 8, 4], "texture": "#0", "cullface": "east"},
				"down": {"uv": [8.5, 3.5, 7.5, 3.75], "rotation": 270, "texture": "#0", "cullface": "east"}
			}
		},
		{
			"from": [16, 12.5, 7],
			"to": [16.25, 13, 9],
			"faces": {
				"north": {"uv": [8.5, 3, 9, 3.5], "texture": "#0", "cullface": "east"},
				"east": {"uv": [7, 3, 9, 3.5], "texture": "#0", "cullface": "east"},
				"south": {"uv": [7, 3, 7.5, 3.5], "texture": "#0", "cullface": "east"},
				"up": {"uv": [9, 3, 7, 3.5], "rotation": 90, "texture": "#0", "cullface": "east"},
				"down": {"uv": [9, 3, 7, 3.25], "rotation": 270, "texture": "#0", "cullface": "east"}
			}
		},
		{
			"from": [16, 13, 8],
			"to": [16.25, 13.5, 8.5],
			"faces": {
				"north": {"uv": [7.5, 2.5, 8, 3], "texture": "#0", "cullface": "east"},
				"east": {"uv": [7.5, 2.5, 8, 3], "texture": "#0", "cullface": "east"},
				"south": {"uv": [7.5, 2.5, 8, 3], "texture": "#0", "cullface": "east"},
				"up": {"uv": [8, 2.5, 7.5, 3], "rotation": 90, "texture": "#0", "cullface": "east"}
			}
		},
		{
			"from": [16, 13, 11],
			"to": [16.25, 13.5, 12],
			"faces": {
				"north": {"uv": [4.5, 2.5, 5, 3], "texture": "#0", "cullface": "east"},
				"east": {"uv": [4, 2.5, 5, 3], "texture": "#0", "cullface": "east"},
				"south": {"uv": [4, 2.5, 4.5, 3], "texture": "#0", "cullface": "east"},
				"up": {"uv": [5, 2.5, 4, 3], "rotation": 90, "texture": "#0", "cullface": "east"},
				"down": {"uv": [5, 2.5, 4, 2.75], "rotation": 270, "texture": "#0", "cullface": "east"}
			}
		},
		{
			"from": [16, 13.5, 11.5],
			"to": [16.25, 14, 12.5],
			"faces": {
				"north": {"uv": [4, 2, 4.5, 2.5], "texture": "#0", "cullface": "east"},
				"east": {"uv": [3.5, 2, 4.5, 2.5], "texture": "#0", "cullface": "east"},
				"south": {"uv": [3.5, 2, 4, 2.5], "texture": "#0", "cullface": "east"},
				"up": {"uv": [4.5, 2, 3.5, 2.5], "rotation": 90, "texture": "#0", "cullface": "east"},
				"down": {"uv": [4.5, 2, 3.5, 2.25], "rotation": 270, "texture": "#0", "cullface": "east"}
			}
		},
		{
			"from": [9, 16, 13.5],
			"to": [11, 16.25, 14],
			"faces": {
				"east": {"uv": [10.5, 13.5, 11, 14], "rotation": 90, "texture": "#0", "cullface": "up"},
				"south": {"uv": [11, 13.5, 9, 13.75], "rotation": 180, "texture": "#0", "cullface": "up"},
				"west": {"uv": [9, 13.5, 9.5, 14], "rotation": 270, "texture": "#0", "cullface": "up"},
				"up": {"uv": [9, 13.5, 11, 14], "texture": "#0", "cullface": "up"}
			}
		},
		{
			"from": [3.5, 16, 13.5],
			"to": [4.5, 16.25, 14],
			"faces": {
				"east": {"uv": [4, 13.5, 4.5, 14], "rotation": 90, "texture": "#0", "cullface": "up"},
				"south": {"uv": [4.5, 13.5, 3.5, 13.75], "rotation": 180, "texture": "#0", "cullface": "up"},
				"west": {"uv": [3.5, 13.5, 4, 14], "rotation": 270, "texture": "#0", "cullface": "up"},
				"up": {"uv": [3.5, 13.5, 4.5, 14], "texture": "#0", "cullface": "up"}
			}
		},
		{
			"from": [3.5, 16, 12.5],
			"to": [4, 16.25, 13],
			"faces": {
				"north": {"uv": [4, 12.5, 3.5, 13], "texture": "#0", "cullface": "up"},
				"east": {"uv": [3.5, 12.5, 4, 13], "rotation": 90, "texture": "#0", "cullface": "up"},
				"west": {"uv": [3.5, 12.5, 4, 13], "rotation": 270, "texture": "#0", "cullface": "up"},
				"up": {"uv": [3.5, 12.5, 4, 13], "texture": "#0", "cullface": "up"}
			}
		},
		{
			"from": [3, 16, 13],
			"to": [5, 16.25, 13.5],
			"faces": {
				"north": {"uv": [5, 13, 3, 13.5], "texture": "#0", "cullface": "up"},
				"east": {"uv": [4.5, 13, 5, 13.5], "rotation": 90, "texture": "#0", "cullface": "up"},
				"south": {"uv": [5, 13, 3, 13.25], "rotation": 180, "texture": "#0", "cullface": "up"},
				"west": {"uv": [3, 13, 3.5, 13.5], "rotation": 270, "texture": "#0", "cullface": "up"},
				"up": {"uv": [3, 13, 5, 13.5], "texture": "#0", "cullface": "up"}
			}
		},
		{
			"from": [8.5, 16, 13],
			"to": [11.5, 16.25, 13.5],
			"faces": {
				"east": {"uv": [11, 13, 11.5, 13.5], "rotation": 90, "texture": "#0", "cullface": "up"},
				"south": {"uv": [11.5, 13, 8.5, 13.25], "rotation": 180, "texture": "#0", "cullface": "up"},
				"west": {"uv": [8.5, 13, 9, 13.5], "rotation": 270, "texture": "#0", "cullface": "up"},
				"up": {"uv": [8.5, 13, 11.5, 13.5], "texture": "#0", "cullface": "up"}
			}
		},
		{
			"from": [8, 16, 12.5],
			"to": [13.5, 16.25, 13],
			"faces": {
				"north": {"uv": [13.5, 12.5, 8, 13], "texture": "#0", "cullface": "up"},
				"east": {"uv": [13, 12.5, 13.5, 13], "rotation": 90, "texture": "#0", "cullface": "up"},
				"south": {"uv": [13.5, 12.5, 8, 12.75], "rotation": 180, "texture": "#0", "cullface": "up"},
				"west": {"uv": [8, 12.5, 8.5, 13], "rotation": 270, "texture": "#0", "cullface": "up"},
				"up": {"uv": [8, 12.5, 13.5, 13], "texture": "#0", "cullface": "up"}
			}
		},
		{
			"from": [8.5, 16, 12],
			"to": [14, 16.25, 12.5],
			"faces": {
				"north": {"uv": [14, 12, 8.5, 12.5], "texture": "#0", "cullface": "up"},
				"east": {"uv": [13.5, 12, 14, 12.5], "rotation": 90, "texture": "#0", "cullface": "up"},
				"south": {"uv": [14, 12, 8.5, 12.25], "rotation": 180, "texture": "#0", "cullface": "up"},
				"west": {"uv": [8.5, 12, 9, 12.5], "rotation": 270, "texture": "#0", "cullface": "up"},
				"up": {"uv": [8.5, 12, 14, 12.5], "texture": "#0", "cullface": "up"}
			}
		},
		{
			"from": [10, 16, 11.5],
			"to": [13.5, 16.25, 12],
			"faces": {
				"north": {"uv": [13.5, 11.5, 10, 12], "texture": "#0", "cullface": "up"},
				"east": {"uv": [13, 11.5, 13.5, 12], "rotation": 90, "texture": "#0", "cullface": "up"},
				"west": {"uv": [10, 11.5, 10.5, 12], "rotation": 270, "texture": "#0", "cullface": "up"},
				"up": {"uv": [10, 11.5, 13.5, 12], "texture": "#0", "cullface": "up"}
			}
		},
		{
			"from": [11, 16, 11],
			"to": [12.5, 16.25, 11.5],
			"faces": {
				"north": {"uv": [12.5, 11, 11, 11.5], "texture": "#0", "cullface": "up"},
				"east": {"uv": [12, 11, 12.5, 11.5], "rotation": 90, "texture": "#0", "cullface": "up"},
				"west": {"uv": [11, 11, 11.5, 11.5], "rotation": 270, "texture": "#0", "cullface": "up"},
				"up": {"uv": [11, 11, 12.5, 11.5], "texture": "#0", "cullface": "up"}
			}
		},
		{
			"from": [4, 16, 10.5],
			"to": [5, 16.25, 11],
			"faces": {
				"east": {"uv": [4.5, 10.5, 5, 11], "rotation": 90, "texture": "#0", "cullface": "up"},
				"south": {"uv": [5, 10.5, 4, 10.75], "rotation": 180, "texture": "#0", "cullface": "up"},
				"west": {"uv": [4, 10.5, 4.5, 11], "rotation": 270, "texture": "#0", "cullface": "up"},
				"up": {"uv": [4, 10.5, 5, 11], "texture": "#0", "cullface": "up"}
			}
		},
		{
			"from": [3.5, 16, 10],
			"to": [5.5, 16.25, 10.5],
			"faces": {
				"north": {"uv": [5.5, 10, 3.5, 10.5], "texture": "#0", "cullface": "up"},
				"east": {"uv": [5, 10, 5.5, 10.5], "rotation": 90, "texture": "#0", "cullface": "up"},
				"south": {"uv": [5.5, 10, 3.5, 10.25], "rotation": 180, "texture": "#0", "cullface": "up"},
				"west": {"uv": [3.5, 10, 4, 10.5], "rotation": 270, "texture": "#0", "cullface": "up"},
				"up": {"uv": [3.5, 10, 5.5, 10.5], "texture": "#0", "cullface": "up"}
			}
		},
		{
			"from": [4.5, 16, 9.5],
			"to": [5, 16.25, 10],
			"faces": {
				"north": {"uv": [5, 9.5, 4.5, 10], "texture": "#0", "cullface": "up"},
				"east": {"uv": [4.5, 9.5, 5, 10], "rotation": 90, "texture": "#0", "cullface": "up"},
				"west": {"uv": [4.5, 9.5, 5, 10], "rotation": 270, "texture": "#0", "cullface": "up"},
				"up": {"uv": [4.5, 9.5, 5, 10], "texture": "#0", "cullface": "up"}
			}
		},
		{
			"from": [1, 16, 8],
			"to": [3, 16.25, 8.5],
			"faces": {
				"north": {"uv": [3, 8, 1, 8.5], "texture": "#0", "cullface": "up"},
				"east": {"uv": [2.5, 8, 3, 8.5], "rotation": 90, "texture": "#0", "cullface": "up"},
				"south": {"uv": [3, 8, 1, 8.25], "rotation": 180, "texture": "#0", "cullface": "up"},
				"west": {"uv": [1, 8, 1.5, 8.5], "rotation": 270, "texture": "#0", "cullface": "up"},
				"up": {"uv": [1, 8, 3, 8.5], "texture": "#0", "cullface": "up"}
			}
		},
		{
			"from": [1.5, 16, 7.5],
			"to": [2.5, 16.25, 8],
			"faces": {
				"north": {"uv": [2.5, 7.5, 1.5, 8], "texture": "#0", "cullface": "up"},
				"east": {"uv": [2, 7.5, 2.5, 8], "rotation": 90, "texture": "#0", "cullface": "up"},
				"west": {"uv": [1.5, 7.5, 2, 8], "rotation": 270, "texture": "#0", "cullface": "up"},
				"up": {"uv": [1.5, 7.5, 2.5, 8], "texture": "#0", "cullface": "up"}
			}
		},
		{
			"from": [1.5, 16, 8.5],
			"to": [3, 16.25, 9],
			"faces": {
				"east": {"uv": [2.5, 8.5, 3, 9], "rotation": 90, "texture": "#0", "cullface": "up"},
				"south": {"uv": [3, 8.5, 1.5, 8.75], "rotation": 180, "texture": "#0", "cullface": "up"},
				"west": {"uv": [1.5, 8.5, 2, 9], "rotation": 270, "texture": "#0", "cullface": "up"},
				"up": {"uv": [1.5, 8.5, 3, 9], "texture": "#0", "cullface": "up"}
			}
		},
		{
			"from": [7, 16, 9],
			"to": [11, 16.25, 9.5],
			"faces": {
				"north": {"uv": [11, 9, 7, 9.5], "texture": "#0", "cullface": "up"},
				"east": {"uv": [10.5, 9, 11, 9.5], "rotation": 90, "texture": "#0", "cullface": "up"},
				"south": {"uv": [11, 9, 7, 9.25], "rotation": 180, "texture": "#0", "cullface": "up"},
				"west": {"uv": [7, 9, 7.5, 9.5], "rotation": 270, "texture": "#0", "cullface": "up"},
				"up": {"uv": [7, 9, 11, 9.5], "texture": "#0", "cullface": "up"}
			}
		},
		{
			"from": [7.5, 16, 9.5],
			"to": [10, 16.25, 10],
			"faces": {
				"east": {"uv": [9.5, 9.5, 10, 10], "rotation": 90, "texture": "#0", "cullface": "up"},
				"south": {"uv": [10, 9.5, 7.5, 9.75], "rotation": 180, "texture": "#0", "cullface": "up"},
				"west": {"uv": [7.5, 9.5, 8, 10], "rotation": 270, "texture": "#0", "cullface": "up"},
				"up": {"uv": [7.5, 9.5, 10, 10], "texture": "#0", "cullface": "up"}
			}
		},
		{
			"from": [7.5, 16, 8.5],
			"to": [10.5, 16.25, 9],
			"faces": {
				"north": {"uv": [10.5, 8.5, 7.5, 9], "texture": "#0", "cullface": "up"},
				"east": {"uv": [10, 8.5, 10.5, 9], "rotation": 90, "texture": "#0", "cullface": "up"},
				"west": {"uv": [7.5, 8.5, 8, 9], "rotation": 270, "texture": "#0", "cullface": "up"},
				"up": {"uv": [7.5, 8.5, 10.5, 9], "texture": "#0", "cullface": "up"}
			}
		},
		{
			"from": [8, 16, 8],
			"to": [9.5, 16.25, 8.5],
			"faces": {
				"north": {"uv": [9.5, 8, 8, 8.5], "texture": "#0", "cullface": "up"},
				"east": {"uv": [9, 8, 9.5, 8.5], "rotation": 90, "texture": "#0", "cullface": "up"},
				"west": {"uv": [8, 8, 8.5, 8.5], "rotation": 270, "texture": "#0", "cullface": "up"},
				"up": {"uv": [8, 8, 9.5, 8.5], "texture": "#0", "cullface": "up"}
			}
		},
		{
			"from": [3.5, 16, 6],
			"to": [8, 16.25, 6.5],
			"faces": {
				"north": {"uv": [8, 6, 3.5, 6.5], "texture": "#0", "cullface": "up"},
				"east": {"uv": [7.5, 6, 8, 6.5], "rotation": 90, "texture": "#0", "cullface": "up"},
				"south": {"uv": [8, 6, 3.5, 6.25], "rotation": 180, "texture": "#0", "cullface": "up"},
				"west": {"uv": [3.5, 6, 4, 6.5], "rotation": 270, "texture": "#0", "cullface": "up"},
				"up": {"uv": [3.5, 6, 8, 6.5], "texture": "#0", "cullface": "up"}
			}
		},
		{
			"from": [4, 16, 6.5],
			"to": [7, 16.25, 7],
			"faces": {
				"east": {"uv": [6.5, 6.5, 7, 7], "rotation": 90, "texture": "#0", "cullface": "up"},
				"south": {"uv": [7, 6.5, 4, 6.75], "rotation": 180, "texture": "#0", "cullface": "up"},
				"west": {"uv": [4, 6.5, 4.5, 7], "rotation": 270, "texture": "#0", "cullface": "up"},
				"up": {"uv": [4, 6.5, 7, 7], "texture": "#0", "cullface": "up"}
			}
		},
		{
			"from": [4.5, 16, 5.5],
			"to": [7.5, 16.25, 6],
			"faces": {
				"north": {"uv": [7.5, 5.5, 4.5, 6], "texture": "#0", "cullface": "up"},
				"east": {"uv": [7, 5.5, 7.5, 6], "rotation": 90, "texture": "#0", "cullface": "up"},
				"west": {"uv": [4.5, 5.5, 5, 6], "rotation": 270, "texture": "#0", "cullface": "up"},
				"up": {"uv": [4.5, 5.5, 7.5, 6], "texture": "#0", "cullface": "up"}
			}
		},
		{
			"from": [5, 16, 5],
			"to": [6.5, 16.25, 5.5],
			"faces": {
				"north": {"uv": [6.5, 5, 5, 5.5], "texture": "#0", "cullface": "up"},
				"east": {"uv": [6, 5, 6.5, 5.5], "rotation": 90, "texture": "#0", "cullface": "up"},
				"west": {"uv": [5, 5, 5.5, 5.5], "rotation": 270, "texture": "#0", "cullface": "up"},
				"up": {"uv": [5, 5, 6.5, 5.5], "texture": "#0", "cullface": "up"}
			}
		},
		{
			"from": [10.5, 16, 5],
			"to": [12, 16.25, 5.5],
			"faces": {
				"north": {"uv": [12, 5, 10.5, 5.5], "texture": "#0", "cullface": "up"},
				"east": {"uv": [11.5, 5, 12, 5.5], "rotation": 90, "texture": "#0", "cullface": "up"},
				"west": {"uv": [10.5, 5, 11, 5.5], "rotation": 270, "texture": "#0", "cullface": "up"},
				"up": {"uv": [10.5, 5, 12, 5.5], "texture": "#0", "cullface": "up"}
			}
		},
		{
			"from": [9.5, 16, 6],
			"to": [12.5, 16.25, 6.5],
			"faces": {
				"north": {"uv": [12.5, 6, 9.5, 6.5], "texture": "#0", "cullface": "up"},
				"east": {"uv": [12, 6, 12.5, 6.5], "rotation": 90, "texture": "#0", "cullface": "up"},
				"south": {"uv": [12.5, 6, 9.5, 6.25], "rotation": 180, "texture": "#0", "cullface": "up"},
				"west": {"uv": [9.5, 6, 10, 6.5], "rotation": 270, "texture": "#0", "cullface": "up"},
				"up": {"uv": [9.5, 6, 12.5, 6.5], "texture": "#0", "cullface": "up"}
			}
		},
		{
			"from": [10, 16, 5.5],
			"to": [12.5, 16.25, 6],
			"faces": {
				"north": {"uv": [12.5, 5.5, 10, 6], "texture": "#0", "cullface": "up"},
				"east": {"uv": [12, 5.5, 12.5, 6], "rotation": 90, "texture": "#0", "cullface": "up"},
				"west": {"uv": [10, 5.5, 10.5, 6], "rotation": 270, "texture": "#0", "cullface": "up"},
				"up": {"uv": [10, 5.5, 12.5, 6], "texture": "#0", "cullface": "up"}
			}
		},
		{
			"from": [10, 16, 6.5],
			"to": [12, 16.25, 7],
			"faces": {
				"east": {"uv": [11.5, 6.5, 12, 7], "rotation": 90, "texture": "#0", "cullface": "up"},
				"south": {"uv": [12, 6.5, 10, 6.75], "rotation": 180, "texture": "#0", "cullface": "up"},
				"west": {"uv": [10, 6.5, 10.5, 7], "rotation": 270, "texture": "#0", "cullface": "up"},
				"up": {"uv": [10, 6.5, 12, 7], "texture": "#0", "cullface": "up"}
			}
		},
		{
			"from": [12, 16, 2.5],
			"to": [14.5, 16.25, 3],
			"faces": {
				"north": {"uv": [14.5, 2.5, 12, 3], "texture": "#0", "cullface": "up"},
				"east": {"uv": [14, 2.5, 14.5, 3], "rotation": 90, "texture": "#0", "cullface": "up"},
				"south": {"uv": [14.5, 2.5, 12, 2.75], "rotation": 180, "texture": "#0", "cullface": "up"},
				"west": {"uv": [12, 2.5, 12.5, 3], "rotation": 270, "texture": "#0", "cullface": "up"},
				"up": {"uv": [12, 2.5, 14.5, 3], "texture": "#0", "cullface": "up"}
			}
		},
		{
			"from": [12.5, 16, 2],
			"to": [14, 16.25, 2.5],
			"faces": {
				"north": {"uv": [14, 2, 12.5, 2.5], "texture": "#0", "cullface": "up"},
				"east": {"uv": [13.5, 2, 14, 2.5], "rotation": 90, "texture": "#0", "cullface": "up"},
				"west": {"uv": [12.5, 2, 13, 2.5], "rotation": 270, "texture": "#0", "cullface": "up"},
				"up": {"uv": [12.5, 2, 14, 2.5], "texture": "#0", "cullface": "up"}
			}
		},
		{
			"from": [12.5, 16, 3],
			"to": [13.5, 16.25, 3.5],
			"faces": {
				"east": {"uv": [13, 3, 13.5, 3.5], "rotation": 90, "texture": "#0", "cullface": "up"},
				"south": {"uv": [13.5, 3, 12.5, 3.25], "rotation": 180, "texture": "#0", "cullface": "up"},
				"west": {"uv": [12.5, 3, 13, 3.5], "rotation": 270, "texture": "#0", "cullface": "up"},
				"up": {"uv": [12.5, 3, 13.5, 3.5], "texture": "#0", "cullface": "up"}
			}
		},
		{
			"from": [7.5, 16, 3.5],
			"to": [8.5, 16.25, 4],
			"faces": {
				"east": {"uv": [8, 3.5, 8.5, 4], "rotation": 90, "texture": "#0", "cullface": "up"},
				"south": {"uv": [8.5, 3.5, 7.5, 3.75], "rotation": 180, "texture": "#0", "cullface": "up"},
				"west": {"uv": [7.5, 3.5, 8, 4], "rotation": 270, "texture": "#0", "cullface": "up"},
				"up": {"uv": [7.5, 3.5, 8.5, 4], "texture": "#0", "cullface": "up"}
			}
		},
		{
			"from": [7, 16, 3],
			"to": [9, 16.25, 3.5],
			"faces": {
				"north": {"uv": [9, 3, 7, 3.5], "texture": "#0", "cullface": "up"},
				"east": {"uv": [8.5, 3, 9, 3.5], "rotation": 90, "texture": "#0", "cullface": "up"},
				"south": {"uv": [9, 3, 7, 3.25], "rotation": 180, "texture": "#0", "cullface": "up"},
				"west": {"uv": [7, 3, 7.5, 3.5], "rotation": 270, "texture": "#0", "cullface": "up"},
				"up": {"uv": [7, 3, 9, 3.5], "texture": "#0", "cullface": "up"}
			}
		},
		{
			"from": [7.5, 16, 2.5],
			"to": [8, 16.25, 3],
			"faces": {
				"north": {"uv": [8, 2.5, 7.5, 3], "texture": "#0", "cullface": "up"},
				"east": {"uv": [7.5, 2.5, 8, 3], "rotation": 90, "texture": "#0", "cullface": "up"},
				"west": {"uv": [7.5, 2.5, 8, 3], "rotation": 270, "texture": "#0", "cullface": "up"},
				"up": {"uv": [7.5, 2.5, 8, 3], "texture": "#0", "cullface": "up"}
			}
		},
		{
			"from": [4, 16, 2.5],
			"to": [5, 16.25, 3],
			"faces": {
				"north": {"uv": [5, 2.5, 4, 3], "texture": "#0", "cullface": "up"},
				"east": {"uv": [4.5, 2.5, 5, 3], "rotation": 90, "texture": "#0", "cullface": "up"},
				"south": {"uv": [5, 2.5, 4, 2.75], "rotation": 180, "texture": "#0", "cullface": "up"},
				"west": {"uv": [4, 2.5, 4.5, 3], "rotation": 270, "texture": "#0", "cullface": "up"},
				"up": {"uv": [4, 2.5, 5, 3], "texture": "#0", "cullface": "up"}
			}
		},
		{
			"from": [3.5, 16, 2],
			"to": [4.5, 16.25, 2.5],
			"faces": {
				"north": {"uv": [4.5, 2, 3.5, 2.5], "texture": "#0", "cullface": "up"},
				"east": {"uv": [4, 2, 4.5, 2.5], "rotation": 90, "texture": "#0", "cullface": "up"},
				"south": {"uv": [4.5, 2, 3.5, 2.25], "rotation": 180, "texture": "#0", "cullface": "up"},
				"west": {"uv": [3.5, 2, 4, 2.5], "rotation": 270, "texture": "#0", "cullface": "up"},
				"up": {"uv": [3.5, 2, 4.5, 2.5], "texture": "#0", "cullface": "up"}
			}
		},
		{
			"from": [9, -0.25, 2],
			"to": [11, 0, 2.5],
			"faces": {
				"north": {"uv": [11, 13.5, 9, 13.75], "texture": "#0", "cullface": "down"},
				"east": {"uv": [10.5, 13.5, 11, 14], "rotation": 270, "texture": "#0", "cullface": "down"},
				"west": {"uv": [9, 13.5, 9.5, 14], "rotation": 90, "texture": "#0", "cullface": "down"},
				"down": {"uv": [9, 13.5, 11, 14], "texture": "#0", "cullface": "down"}
			}
		},
		{
			"from": [3.5, -0.25, 2],
			"to": [4.5, 0, 2.5],
			"faces": {
				"north": {"uv": [4.5, 13.5, 3.5, 13.75], "texture": "#0", "cullface": "down"},
				"east": {"uv": [4, 13.5, 4.5, 14], "rotation": 270, "texture": "#0", "cullface": "down"},
				"west": {"uv": [3.5, 13.5, 4, 14], "rotation": 90, "texture": "#0", "cullface": "down"},
				"down": {"uv": [3.5, 13.5, 4.5, 14], "texture": "#0", "cullface": "down"}
			}
		},
		{
			"from": [3.5, -0.25, 3],
			"to": [4, 0, 3.5],
			"faces": {
				"east": {"uv": [3.5, 12.5, 4, 13], "rotation": 270, "texture": "#0", "cullface": "down"},
				"south": {"uv": [4, 12.5, 3.5, 13], "rotation": 180, "texture": "#0", "cullface": "down"},
				"west": {"uv": [3.5, 12.5, 4, 13], "rotation": 90, "texture": "#0", "cullface": "down"},
				"down": {"uv": [3.5, 12.5, 4, 13], "texture": "#0", "cullface": "down"}
			}
		},
		{
			"from": [3, -0.25, 2.5],
			"to": [5, 0, 3],
			"faces": {
				"north": {"uv": [5, 13, 3, 13.25], "texture": "#0", "cullface": "down"},
				"east": {"uv": [4.5, 13, 5, 13.5], "rotation": 270, "texture": "#0", "cullface": "down"},
				"south": {"uv": [5, 13, 3, 13.5], "rotation": 180, "texture": "#0", "cullface": "down"},
				"west": {"uv": [3, 13, 3.5, 13.5], "rotation": 90, "texture": "#0", "cullface": "down"},
				"down": {"uv": [3, 13, 5, 13.5], "texture": "#0", "cullface": "down"}
			}
		},
		{
			"from": [8.5, -0.25, 2.5],
			"to": [11.5, 0, 3],
			"faces": {
				"north": {"uv": [11.5, 13, 8.5, 13.25], "texture": "#0", "cullface": "down"},
				"east": {"uv": [11, 13, 11.5, 13.5], "rotation": 270, "texture": "#0", "cullface": "down"},
				"west": {"uv": [8.5, 13, 9, 13.5], "rotation": 90, "texture": "#0", "cullface": "down"},
				"down": {"uv": [8.5, 13, 11.5, 13.5], "texture": "#0", "cullface": "down"}
			}
		},
		{
			"from": [8, -0.25, 3],
			"to": [13.5, 0, 3.5],
			"faces": {
				"north": {"uv": [13.5, 12.5, 8, 12.75], "texture": "#0", "cullface": "down"},
				"east": {"uv": [13, 12.5, 13.5, 13], "rotation": 270, "texture": "#0", "cullface": "down"},
				"south": {"uv": [13.5, 12.5, 8, 13], "rotation": 180, "texture": "#0", "cullface": "down"},
				"west": {"uv": [8, 12.5, 8.5, 13], "rotation": 90, "texture": "#0", "cullface": "down"},
				"down": {"uv": [8, 12.5, 13.5, 13], "texture": "#0", "cullface": "down"}
			}
		},
		{
			"from": [8.5, -0.25, 3.5],
			"to": [14, 0, 4],
			"faces": {
				"north": {"uv": [14, 12, 8.5, 12.25], "texture": "#0", "cullface": "down"},
				"east": {"uv": [13.5, 12, 14, 12.5], "rotation": 270, "texture": "#0", "cullface": "down"},
				"south": {"uv": [14, 12, 8.5, 12.5], "rotation": 180, "texture": "#0", "cullface": "down"},
				"west": {"uv": [8.5, 12, 9, 12.5], "rotation": 90, "texture": "#0", "cullface": "down"},
				"down": {"uv": [8.5, 12, 14, 12.5], "texture": "#0", "cullface": "down"}
			}
		},
		{
			"from": [10, -0.25, 4],
			"to": [13.5, 0, 4.5],
			"faces": {
				"east": {"uv": [13, 11.5, 13.5, 12], "rotation": 270, "texture": "#0", "cullface": "down"},
				"south": {"uv": [13.5, 11.5, 10, 12], "rotation": 180, "texture": "#0", "cullface": "down"},
				"west": {"uv": [10, 11.5, 10.5, 12], "rotation": 90, "texture": "#0", "cullface": "down"},
				"down": {"uv": [10, 11.5, 13.5, 12], "texture": "#0", "cullface": "down"}
			}
		},
		{
			"from": [11, -0.25, 4.5],
			"to": [12.5, 0, 5],
			"faces": {
				"east": {"uv": [12, 11, 12.5, 11.5], "rotation": 270, "texture": "#0", "cullface": "down"},
				"south": {"uv": [12.5, 11, 11, 11.5], "rotation": 180, "texture": "#0", "cullface": "down"},
				"west": {"uv": [11, 11, 11.5, 11.5], "rotation": 90, "texture": "#0", "cullface": "down"},
				"down": {"uv": [11, 11, 12.5, 11.5], "texture": "#0", "cullface": "down"}
			}
		},
		{
			"from": [4, -0.25, 5],
			"to": [5, 0, 5.5],
			"faces": {
				"north": {"uv": [5, 10.5, 4, 10.75], "texture": "#0", "cullface": "down"},
				"east": {"uv": [4.5, 10.5, 5, 11], "rotation": 270, "texture": "#0", "cullface": "down"},
				"west": {"uv": [4, 10.5, 4.5, 11], "rotation": 90, "texture": "#0", "cullface": "down"},
				"down": {"uv": [4, 10.5, 5, 11], "texture": "#0", "cullface": "down"}
			}
		},
		{
			"from": [3.5, -0.25, 5.5],
			"to": [5.5, 0, 6],
			"faces": {
				"north": {"uv": [5.5, 10, 3.5, 10.25], "texture": "#0", "cullface": "down"},
				"east": {"uv": [5, 10, 5.5, 10.5], "rotation": 270, "texture": "#0", "cullface": "down"},
				"south": {"uv": [5.5, 10, 3.5, 10.5], "rotation": 180, "texture": "#0", "cullface": "down"},
				"west": {"uv": [3.5, 10, 4, 10.5], "rotation": 90, "texture": "#0", "cullface": "down"},
				"down": {"uv": [3.5, 10, 5.5, 10.5], "texture": "#0", "cullface": "down"}
			}
		},
		{
			"from": [4.5, -0.25, 6],
			"to": [5, 0, 6.5],
			"faces": {
				"east": {"uv": [4.5, 9.5, 5, 10], "rotation": 270, "texture": "#0", "cullface": "down"},
				"south": {"uv": [5, 9.5, 4.5, 10], "rotation": 180, "texture": "#0", "cullface": "down"},
				"west": {"uv": [4.5, 9.5, 5, 10], "rotation": 90, "texture": "#0", "cullface": "down"},
				"down": {"uv": [4.5, 9.5, 5, 10], "texture": "#0", "cullface": "down"}
			}
		},
		{
			"from": [1, -0.25, 7.5],
			"to": [3, 0, 8],
			"faces": {
				"north": {"uv": [3, 8, 1, 8.25], "texture": "#0", "cullface": "down"},
				"east": {"uv": [2.5, 8, 3, 8.5], "rotation": 270, "texture": "#0", "cullface": "down"},
				"south": {"uv": [3, 8, 1, 8.5], "rotation": 180, "texture": "#0", "cullface": "down"},
				"west": {"uv": [1, 8, 1.5, 8.5], "rotation": 90, "texture": "#0", "cullface": "down"},
				"down": {"uv": [1, 8, 3, 8.5], "texture": "#0", "cullface": "down"}
			}
		},
		{
			"from": [1.5, -0.25, 8],
			"to": [2.5, 0, 8.5],
			"faces": {
				"east": {"uv": [2, 7.5, 2.5, 8], "rotation": 270, "texture": "#0", "cullface": "down"},
				"south": {"uv": [2.5, 7.5, 1.5, 8], "rotation": 180, "texture": "#0", "cullface": "down"},
				"west": {"uv": [1.5, 7.5, 2, 8], "rotation": 90, "texture": "#0", "cullface": "down"},
				"down": {"uv": [1.5, 7.5, 2.5, 8], "texture": "#0", "cullface": "down"}
			}
		},
		{
			"from": [1.5, -0.25, 7],
			"to": [3, 0, 7.5],
			"faces": {
				"north": {"uv": [3, 8.5, 1.5, 8.75], "texture": "#0", "cullface": "down"},
				"east": {"uv": [2.5, 8.5, 3, 9], "rotation": 270, "texture": "#0", "cullface": "down"},
				"west": {"uv": [1.5, 8.5, 2, 9], "rotation": 90, "texture": "#0", "cullface": "down"},
				"down": {"uv": [1.5, 8.5, 3, 9], "texture": "#0", "cullface": "down"}
			}
		},
		{
			"from": [7, -0.25, 6.5],
			"to": [11, 0, 7],
			"faces": {
				"north": {"uv": [11, 9, 7, 9.25], "texture": "#0", "cullface": "down"},
				"east": {"uv": [10.5, 9, 11, 9.5], "rotation": 270, "texture": "#0", "cullface": "down"},
				"south": {"uv": [11, 9, 7, 9.5], "rotation": 180, "texture": "#0", "cullface": "down"},
				"west": {"uv": [7, 9, 7.5, 9.5], "rotation": 90, "texture": "#0", "cullface": "down"},
				"down": {"uv": [7, 9, 11, 9.5], "texture": "#0", "cullface": "down"}
			}
		},
		{
			"from": [7.5, -0.25, 6],
			"to": [10, 0, 6.5],
			"faces": {
				"north": {"uv": [10, 9.5, 7.5, 9.75], "texture": "#0", "cullface": "down"},
				"east": {"uv": [9.5, 9.5, 10, 10], "rotation": 270, "texture": "#0", "cullface": "down"},
				"west": {"uv": [7.5, 9.5, 8, 10], "rotation": 90, "texture": "#0", "cullface": "down"},
				"down": {"uv": [7.5, 9.5, 10, 10], "texture": "#0", "cullface": "down"}
			}
		},
		{
			"from": [7.5, -0.25, 7],
			"to": [10.5, 0, 7.5],
			"faces": {
				"east": {"uv": [10, 8.5, 10.5, 9], "rotation": 270, "texture": "#0", "cullface": "down"},
				"south": {"uv": [10.5, 8.5, 7.5, 9], "rotation": 180, "texture": "#0", "cullface": "down"},
				"west": {"uv": [7.5, 8.5, 8, 9], "rotation": 90, "texture": "#0", "cullface": "down"},
				"down": {"uv": [7.5, 8.5, 10.5, 9], "texture": "#0", "cullface": "down"}
			}
		},
		{
			"from": [8, -0.25, 7.5],
			"to": [9.5, 0, 8],
			"faces": {
				"east": {"uv": [9, 8, 9.5, 8.5], "rotation": 270, "texture": "#0", "cullface": "down"},
				"south": {"uv": [9.5, 8, 8, 8.5], "rotation": 180, "texture": "#0", "cullface": "down"},
				"west": {"uv": [8, 8, 8.5, 8.5], "rotation": 90, "texture": "#0", "cullface": "down"},
				"down": {"uv": [8, 8, 9.5, 8.5], "texture": "#0", "cullface": "down"}
			}
		},
		{
			"from": [3.5, -0.25, 9.5],
			"to": [8, 0, 10],
			"faces": {
				"north": {"uv": [8, 6, 3.5, 6.25], "texture": "#0", "cullface": "down"},
				"east": {"uv": [7.5, 6, 8, 6.5], "rotation": 270, "texture": "#0", "cullface": "down"},
				"south": {"uv": [8, 6, 3.5, 6.5], "rotation": 180, "texture": "#0", "cullface": "down"},
				"west": {"uv": [3.5, 6, 4, 6.5], "rotation": 90, "texture": "#0", "cullface": "down"},
				"down": {"uv": [3.5, 6, 8, 6.5], "texture": "#0", "cullface": "down"}
			}
		},
		{
			"from": [4, -0.25, 9],
			"to": [7, 0, 9.5],
			"faces": {
				"north": {"uv": [7, 6.5, 4, 6.75], "texture": "#0", "cullface": "down"},
				"east": {"uv": [6.5, 6.5, 7, 7], "rotation": 270, "texture": "#0", "cullface": "down"},
				"west": {"uv": [4, 6.5, 4.5, 7], "rotation": 90, "texture": "#0", "cullface": "down"},
				"down": {"uv": [4, 6.5, 7, 7], "texture": "#0", "cullface": "down"}
			}
		},
		{
			"from": [4.5, -0.25, 10],
			"to": [7.5, 0, 10.5],
			"faces": {
				"east": {"uv": [7, 5.5, 7.5, 6], "rotation": 270, "texture": "#0", "cullface": "down"},
				"south": {"uv": [7.5, 5.5, 4.5, 6], "rotation": 180, "texture": "#0", "cullface": "down"},
				"west": {"uv": [4.5, 5.5, 5, 6], "rotation": 90, "texture": "#0", "cullface": "down"},
				"down": {"uv": [4.5, 5.5, 7.5, 6], "texture": "#0", "cullface": "down"}
			}
		},
		{
			"from": [5, -0.25, 10.5],
			"to": [6.5, 0, 11],
			"faces": {
				"east": {"uv": [6, 5, 6.5, 5.5], "rotation": 270, "texture": "#0", "cullface": "down"},
				"south": {"uv": [6.5, 5, 5, 5.5], "rotation": 180, "texture": "#0", "cullface": "down"},
				"west": {"uv": [5, 5, 5.5, 5.5], "rotation": 90, "texture": "#0", "cullface": "down"},
				"down": {"uv": [5, 5, 6.5, 5.5], "texture": "#0", "cullface": "down"}
			}
		},
		{
			"from": [10.5, -0.25, 10.5],
			"to": [12, 0, 11],
			"faces": {
				"east": {"uv": [11.5, 5, 12, 5.5], "rotation": 270, "texture": "#0", "cullface": "down"},
				"south": {"uv": [12, 5, 10.5, 5.5], "rotation": 180, "texture": "#0", "cullface": "down"},
				"west": {"uv": [10.5, 5, 11, 5.5], "rotation": 90, "texture": "#0", "cullface": "down"},
				"down": {"uv": [10.5, 5, 12, 5.5], "texture": "#0", "cullface": "down"}
			}
		},
		{
			"from": [9.5, -0.25, 9.5],
			"to": [12.5, 0, 10],
			"faces": {
				"north": {"uv": [12.5, 6, 9.5, 6.25], "texture": "#0", "cullface": "down"},
				"east": {"uv": [12, 6, 12.5, 6.5], "rotation": 270, "texture": "#0", "cullface": "down"},
				"south": {"uv": [12.5, 6, 9.5, 6.5], "rotation": 180, "texture": "#0", "cullface": "down"},
				"west": {"uv": [9.5, 6, 10, 6.5], "rotation": 90, "texture": "#0", "cullface": "down"},
				"down": {"uv": [9.5, 6, 12.5, 6.5], "texture": "#0", "cullface": "down"}
			}
		},
		{
			"from": [10, -0.25, 10],
			"to": [12.5, 0, 10.5],
			"faces": {
				"east": {"uv": [12, 5.5, 12.5, 6], "rotation": 270, "texture": "#0", "cullface": "down"},
				"south": {"uv": [12.5, 5.5, 10, 6], "rotation": 180, "texture": "#0", "cullface": "down"},
				"west": {"uv": [10, 5.5, 10.5, 6], "rotation": 90, "texture": "#0", "cullface": "down"},
				"down": {"uv": [10, 5.5, 12.5, 6], "texture": "#0", "cullface": "down"}
			}
		},
		{
			"from": [10, -0.25, 9],
			"to": [12, 0, 9.5],
			"faces": {
				"north": {"uv": [12, 6.5, 10, 6.75], "texture": "#0", "cullface": "down"},
				"east": {"uv": [11.5, 6.5, 12, 7], "rotation": 270, "texture": "#0", "cullface": "down"},
				"west": {"uv": [10, 6.5, 10.5, 7], "rotation": 90, "texture": "#0", "cullface": "down"},
				"down": {"uv": [10, 6.5, 12, 7], "texture": "#0", "cullface": "down"}
			}
		},
		{
			"from": [12, -0.25, 13],
			"to": [14.5, 0, 13.5],
			"faces": {
				"north": {"uv": [14.5, 2.5, 12, 2.75], "texture": "#0", "cullface": "down"},
				"east": {"uv": [14, 2.5, 14.5, 3], "rotation": 270, "texture": "#0", "cullface": "down"},
				"south": {"uv": [14.5, 2.5, 12, 3], "rotation": 180, "texture": "#0", "cullface": "down"},
				"west": {"uv": [12, 2.5, 12.5, 3], "rotation": 90, "texture": "#0", "cullface": "down"},
				"down": {"uv": [12, 2.5, 14.5, 3], "texture": "#0", "cullface": "down"}
			}
		},
		{
			"from": [12.5, -0.25, 13.5],
			"to": [14, 0, 14],
			"faces": {
				"east": {"uv": [13.5, 2, 14, 2.5], "rotation": 270, "texture": "#0", "cullface": "down"},
				"south": {"uv": [14, 2, 12.5, 2.5], "rotation": 180, "texture": "#0", "cullface": "down"},
				"west": {"uv": [12.5, 2, 13, 2.5], "rotation": 90, "texture": "#0", "cullface": "down"},
				"down": {"uv": [12.5, 2, 14, 2.5], "texture": "#0", "cullface": "down"}
			}
		},
		{
			"from": [12.5, -0.25, 12.5],
			"to": [13.5, 0, 13],
			"faces": {
				"north": {"uv": [13.5, 3, 12.5, 3.25], "texture": "#0", "cullface": "down"},
				"east": {"uv": [13, 3, 13.5, 3.5], "rotation": 270, "texture": "#0", "cullface": "down"},
				"west": {"uv": [12.5, 3, 13, 3.5], "rotation": 90, "texture": "#0", "cullface": "down"},
				"down": {"uv": [12.5, 3, 13.5, 3.5], "texture": "#0", "cullface": "down"}
			}
		},
		{
			"from": [7.5, -0.25, 12],
			"to": [8.5, 0, 12.5],
			"faces": {
				"north": {"uv": [8.5, 3.5, 7.5, 3.75], "texture": "#0", "cullface": "down"},
				"east": {"uv": [8, 3.5, 8.5, 4], "rotation": 270, "texture": "#0", "cullface": "down"},
				"west": {"uv": [7.5, 3.5, 8, 4], "rotation": 90, "texture": "#0", "cullface": "down"},
				"down": {"uv": [7.5, 3.5, 8.5, 4], "texture": "#0", "cullface": "down"}
			}
		},
		{
			"from": [7, -0.25, 12.5],
			"to": [9, 0, 13],
			"faces": {
				"north": {"uv": [9, 3, 7, 3.25], "texture": "#0", "cullface": "down"},
				"east": {"uv": [8.5, 3, 9, 3.5], "rotation": 270, "texture": "#0", "cullface": "down"},
				"south": {"uv": [9, 3, 7, 3.5], "rotation": 180, "texture": "#0", "cullface": "down"},
				"west": {"uv": [7, 3, 7.5, 3.5], "rotation": 90, "texture": "#0", "cullface": "down"},
				"down": {"uv": [7, 3, 9, 3.5], "texture": "#0", "cullface": "down"}
			}
		},
		{
			"from": [7.5, -0.25, 13],
			"to": [8, 0, 13.5],
			"faces": {
				"east": {"uv": [7.5, 2.5, 8, 3], "rotation": 270, "texture": "#0", "cullface": "down"},
				"south": {"uv": [8, 2.5, 7.5, 3], "rotation": 180, "texture": "#0", "cullface": "down"},
				"west": {"uv": [7.5, 2.5, 8, 3], "rotation": 90, "texture": "#0", "cullface": "down"},
				"down": {"uv": [7.5, 2.5, 8, 3], "texture": "#0", "cullface": "down"}
			}
		},
		{
			"from": [4, -0.25, 13],
			"to": [5, 0, 13.5],
			"faces": {
				"north": {"uv": [5, 2.5, 4, 2.75], "texture": "#0", "cullface": "down"},
				"east": {"uv": [4.5, 2.5, 5, 3], "rotation": 270, "texture": "#0", "cullface": "down"},
				"south": {"uv": [5, 2.5, 4, 3], "rotation": 180, "texture": "#0", "cullface": "down"},
				"west": {"uv": [4, 2.5, 4.5, 3], "rotation": 90, "texture": "#0", "cullface": "down"},
				"down": {"uv": [4, 2.5, 5, 3], "texture": "#0", "cullface": "down"}
			}
		},
		{
			"from": [3.5, -0.25, 13.5],
			"to": [4.5, 0, 14],
			"faces": {
				"north": {"uv": [4.5, 2, 3.5, 2.25], "texture": "#0", "cullface": "down"},
				"east": {"uv": [4, 2, 4.5, 2.5], "rotation": 270, "texture": "#0", "cullface": "down"},
				"south": {"uv": [4.5, 2, 3.5, 2.5], "rotation": 180, "texture": "#0", "cullface": "down"},
				"west": {"uv": [3.5, 2, 4, 2.5], "rotation": 90, "texture": "#0", "cullface": "down"},
				"down": {"uv": [3.5, 2, 4.5, 2.5], "texture": "#0", "cullface": "down"}
			}
		}
	],
	"groups": [0,
		{
			"name": "north",
			"origin": [19.5, 21.5, 7.5],
			"children": [1, 2, 3, 4, 5, 6, 7, 8, 9, 10, 11, 12, 13, 14, 15, 16, 17, 18, 19, 20, 21, 22, 23, 24, 25, 26, 27, 28, 29, 30, 31, 32, 33, 34, 35]
		},
		{
			"name": "west",
			"origin": [19.5, 21.5, 7.5],
			"children": [36, 37, 38, 39, 40, 41, 42, 43, 44, 45, 46, 47, 48, 49, 50, 51, 52, 53, 54, 55, 56, 57, 58, 59, 60, 61, 62, 63, 64, 65, 66, 67, 68, 69, 70]
		},
		{
			"name": "south",
			"origin": [19.5, 21.5, 7.5],
			"children": [71, 72, 73, 74, 75, 76, 77, 78, 79, 80, 81, 82, 83, 84, 85, 86, 87, 88, 89, 90, 91, 92, 93, 94, 95, 96, 97, 98, 99, 100, 101, 102, 103, 104, 105]
		},
		{
			"name": "east",
			"origin": [19.5, 21.5, 7.5],
			"children": [106, 107, 108, 109, 110, 111, 112, 113, 114, 115, 116, 117, 118, 119, 120, 121, 122, 123, 124, 125, 126, 127, 128, 129, 130, 131, 132, 133, 134, 135, 136, 137, 138, 139, 140]
		},
		{
			"name": "top",
			"origin": [19.5, 21.5, 7.5],
			"children": [141, 142, 143, 144, 145, 146, 147, 148, 149, 150, 151, 152, 153, 154, 155, 156, 157, 158, 159, 160, 161, 162, 163, 164, 165, 166, 167, 168, 169, 170, 171, 172, 173, 174, 175]
		},
		{
			"name": "bottom",
			"origin": [19.5, 21.5, 7.5],
			"children": [176, 177, 178, 179, 180, 181, 182, 183, 184, 185, 186, 187, 188, 189, 190, 191, 192, 193, 194, 195, 196, 197, 198, 199, 200, 201, 202, 203, 204, 205, 206, 207, 208, 209, 210]
		}
	]
}