{
	"credit": "Made with Blockbench by Juknum",
	"ambientocclusion": true,
	"textures": {
		"particle": "block/tripwire",
		"texture": "block/tripwire"
	},
	"elements": [
		{
			"name": "part1",
			"from": [7.75, 1.5, 0],
			"to": [8, 1.75, 0.25],
			"shade": true,
			"faces": {
				"north": {"uv": [0, 1, 1, 2], "rotation": 90, "texture": "#texture"},
				"east": {"uv": [0, 1, 1, 2], "rotation": 90, "texture": "#texture"},
				"south": {"uv": [0, 1, 1, 2], "rotation": 90, "texture": "#texture"},
				"west": {"uv": [0, 1, 1, 2], "rotation": 90, "texture": "#texture"},
				"up": {"uv": [0, 1, 1, 2], "rotation": 90, "texture": "#texture"},
				"down": {"uv": [0, 1, 1, 2], "rotation": 90, "texture": "#texture"}
			}
		},
		{
			"name": "part2",
			"from": [7.75, 1.5, 4],
			"to": [8, 1.75, 4.25],
			"shade": true,
			"rotation": {"angle": 0, "axis": "y", "origin": [8, 8, 12]},
			"faces": {
				"north": {"uv": [0, 1, 1, 2], "rotation": 90, "texture": "#texture"},
				"east": {"uv": [0, 1, 1, 2], "rotation": 90, "texture": "#texture"},
				"south": {"uv": [0, 1, 1, 2], "rotation": 90, "texture": "#texture"},
				"west": {"uv": [0, 1, 1, 2], "rotation": 90, "texture": "#texture"},
				"up": {"uv": [0, 1, 1, 2], "rotation": 90, "texture": "#texture"},
				"down": {"uv": [0, 1, 1, 2], "rotation": 90, "texture": "#texture"}
			}
		},
		{
			"name": "part3",
			"from": [7.75, 1.5, 8],
			"to": [8, 1.75, 8.25],
			"shade": true,
			"rotation": {"angle": 0, "axis": "y", "origin": [8, 8, 16]},
			"faces": {
				"north": {"uv": [0, 1, 1, 2], "rotation": 90, "texture": "#texture"},
				"east": {"uv": [0, 1, 1, 2], "rotation": 90, "texture": "#texture"},
				"south": {"uv": [0, 1, 1, 2], "rotation": 90, "texture": "#texture"},
				"west": {"uv": [0, 1, 1, 2], "rotation": 90, "texture": "#texture"},
				"up": {"uv": [0, 1, 1, 2], "rotation": 90, "texture": "#texture"},
				"down": {"uv": [0, 1, 1, 2], "rotation": 90, "texture": "#texture"}
			}
		},
		{
			"name": "part1",
			"from": [8, 1.5, 1.75],
			"to": [8.25, 1.75, 2],
			"shade": true,
			"rotation": {"angle": 0, "axis": "y", "origin": [8.25, 8, 9.75]},
			"faces": {
				"north": {"uv": [7, 0, 8, 1], "rotation": 90, "texture": "#texture"},
				"east": {"uv": [7, 0, 8, 1], "rotation": 90, "texture": "#texture"},
				"south": {"uv": [7, 0, 8, 1], "rotation": 90, "texture": "#texture"},
				"west": {"uv": [7, 0, 8, 1], "rotation": 90, "texture": "#texture"},
				"up": {"uv": [7, 0, 8, 1], "rotation": 90, "texture": "#texture"},
				"down": {"uv": [7, 0, 8, 1], "rotation": 90, "texture": "#texture"}
			}
		},
		{
			"name": "part2",
			"from": [8, 1.5, 5.75],
			"to": [8.25, 1.75, 6],
			"shade": true,
			"rotation": {"angle": 0, "axis": "y", "origin": [8.25, 8, 13.75]},
			"faces": {
				"north": {"uv": [7, 0, 8, 1], "rotation": 90, "texture": "#texture"},
				"east": {"uv": [7, 0, 8, 1], "rotation": 90, "texture": "#texture"},
				"south": {"uv": [7, 0, 8, 1], "rotation": 90, "texture": "#texture"},
				"west": {"uv": [7, 0, 8, 1], "rotation": 90, "texture": "#texture"},
				"up": {"uv": [7, 0, 8, 1], "rotation": 90, "texture": "#texture"},
				"down": {"uv": [7, 0, 8, 1], "rotation": 90, "texture": "#texture"}
			}
		},
		{
			"name": "part3",
			"from": [8, 1.5, 9.75],
			"to": [8.25, 1.75, 10],
			"shade": true,
			"rotation": {"angle": 0, "axis": "y", "origin": [8.25, 8, 17.75]},
			"faces": {
				"north": {"uv": [7, 0, 8, 1], "rotation": 90, "texture": "#texture"},
				"east": {"uv": [7, 0, 8, 1], "rotation": 90, "texture": "#texture"},
				"south": {"uv": [7, 0, 8, 1], "rotation": 90, "texture": "#texture"},
				"west": {"uv": [7, 0, 8, 1], "rotation": 90, "texture": "#texture"},
				"up": {"uv": [7, 0, 8, 1], "rotation": 90, "texture": "#texture"},
				"down": {"uv": [7, 0, 8, 1], "rotation": 90, "texture": "#texture"}
			}
		},
		{
			"name": "part1",
			"from": [8, 1.5, 3.5],
			"to": [8.25, 1.75, 3.75],
			"shade": true,
			"rotation": {"angle": 0, "axis": "y", "origin": [8.25, 8, 11.5]},
			"faces": {
				"north": {"uv": [14, 0, 15, 1], "rotation": 90, "texture": "#texture"},
				"east": {"uv": [14, 0, 15, 1], "rotation": 90, "texture": "#texture"},
				"south": {"uv": [14, 0, 15, 1], "rotation": 90, "texture": "#texture"},
				"west": {"uv": [14, 0, 15, 1], "rotation": 90, "texture": "#texture"},
				"up": {"uv": [14, 0, 15, 1], "rotation": 90, "texture": "#texture"},
				"down": {"uv": [14, 0, 15, 1], "rotation": 90, "texture": "#texture"}
			}
		},
		{
			"name": "part2",
			"from": [8, 1.5, 7.5],
			"to": [8.25, 1.75, 7.75],
			"shade": true,
			"rotation": {"angle": 0, "axis": "y", "origin": [8.25, 8, 15.5]},
			"faces": {
				"north": {"uv": [14, 0, 15, 1], "rotation": 90, "texture": "#texture"},
				"east": {"uv": [14, 0, 15, 1], "rotation": 90, "texture": "#texture"},
				"south": {"uv": [14, 0, 15, 1], "rotation": 90, "texture": "#texture"},
				"west": {"uv": [14, 0, 15, 1], "rotation": 90, "texture": "#texture"},
				"up": {"uv": [14, 0, 15, 1], "rotation": 90, "texture": "#texture"},
				"down": {"uv": [14, 0, 15, 1], "rotation": 90, "texture": "#texture"}
			}
		},
		{
			"name": "part3",
			"from": [8, 1.5, 11.5],
			"to": [8.25, 1.75, 11.75],
			"shade": true,
			"rotation": {"angle": 0, "axis": "y", "origin": [8.25, 8, 19.5]},
			"faces": {
				"north": {"uv": [14, 0, 15, 1], "rotation": 90, "texture": "#texture"},
				"east": {"uv": [14, 0, 15, 1], "rotation": 90, "texture": "#texture"},
				"south": {"uv": [14, 0, 15, 1], "rotation": 90, "texture": "#texture"},
				"west": {"uv": [14, 0, 15, 1], "rotation": 90, "texture": "#texture"},
				"up": {"uv": [14, 0, 15, 1], "rotation": 90, "texture": "#texture"},
				"down": {"uv": [14, 0, 15, 1], "rotation": 90, "texture": "#texture"}
			}
		},
		{
			"name": "part1",
			"from": [7.75, 1.5, 2.5],
			"to": [8, 1.75, 2.75],
			"shade": true,
			"rotation": {"angle": 0, "axis": "y", "origin": [8, 8, 10.5]},
			"faces": {
				"north": {"uv": [10, 1, 11, 2], "rotation": 90, "texture": "#texture"},
				"south": {"uv": [10, 1, 11, 2], "rotation": 90, "texture": "#texture"},
				"west": {"uv": [10, 1, 11, 2], "rotation": 90, "texture": "#texture"},
				"up": {"uv": [10, 1, 11, 2], "rotation": 90, "texture": "#texture"},
				"down": {"uv": [10, 1, 11, 2], "rotation": 90, "texture": "#texture"}
			}
		},
		{
			"name": "part2",
			"from": [7.75, 1.5, 6.5],
			"to": [8, 1.75, 6.75],
			"shade": true,
			"rotation": {"angle": 0, "axis": "y", "origin": [8, 8, 14.5]},
			"faces": {
				"north": {"uv": [10, 1, 11, 2], "rotation": 90, "texture": "#texture"},
				"south": {"uv": [10, 1, 11, 2], "rotation": 90, "texture": "#texture"},
				"west": {"uv": [10, 1, 11, 2], "rotation": 90, "texture": "#texture"},
				"up": {"uv": [10, 1, 11, 2], "rotation": 90, "texture": "#texture"},
				"down": {"uv": [10, 1, 11, 2], "rotation": 90, "texture": "#texture"}
			}
		},
		{
			"name": "part3",
			"from": [7.75, 1.5, 10.5],
			"to": [8, 1.75, 10.75],
			"shade": true,
			"rotation": {"angle": 0, "axis": "y", "origin": [8, 8, 18.5]},
			"faces": {
				"north": {"uv": [10, 1, 11, 2], "rotation": 90, "texture": "#texture"},
				"south": {"uv": [10, 1, 11, 2], "rotation": 90, "texture": "#texture"},
				"west": {"uv": [10, 1, 11, 2], "rotation": 90, "texture": "#texture"},
				"up": {"uv": [10, 1, 11, 2], "rotation": 90, "texture": "#texture"},
				"down": {"uv": [10, 1, 11, 2], "rotation": 90, "texture": "#texture"}
			}
		},
		{
			"name": "part1",
			"from": [8, 1.5, 2.5],
			"to": [8.25, 1.75, 3],
			"shade": true,
			"rotation": {"angle": 0, "axis": "y", "origin": [8.25, 8, 10.5]},
			"faces": {
				"north": {"uv": [10, 0, 11, 1], "rotation": 90, "texture": "#texture"},
				"east": {"uv": [12, 0, 10, 1], "texture": "#texture"},
				"south": {"uv": [11, 0, 12, 1], "rotation": 90, "texture": "#texture"},
				"west": {"uv": [10, 0, 12, 1], "texture": "#texture"},
				"up": {"uv": [10, 0, 12, 1], "rotation": 90, "texture": "#texture"},
				"down": {"uv": [10, 0, 12, 1], "rotation": 90, "texture": "#texture"}
			}
		},
		{
			"name": "part2",
			"from": [8, 1.5, 6.5],
			"to": [8.25, 1.75, 7],
			"shade": true,
			"rotation": {"angle": 0, "axis": "y", "origin": [8.25, 8, 14.5]},
			"faces": {
				"north": {"uv": [10, 0, 11, 1], "rotation": 90, "texture": "#texture"},
				"east": {"uv": [10, 0, 11, 2], "texture": "#texture"},
				"south": {"uv": [11, 0, 12, 1], "rotation": 90, "texture": "#texture"},
				"west": {"uv": [10, 0, 12, 1], "texture": "#texture"},
				"up": {"uv": [10, 0, 12, 1], "rotation": 90, "texture": "#texture"},
				"down": {"uv": [10, 0, 12, 1], "rotation": 90, "texture": "#texture"}
			}
		},
		{
			"name": "part3",
			"from": [8, 1.5, 10.5],
			"to": [8.25, 1.75, 11],
			"shade": true,
			"rotation": {"angle": 0, "axis": "y", "origin": [8.25, 8, 18.5]},
			"faces": {
				"north": {"uv": [10, 0, 11, 1], "rotation": 90, "texture": "#texture"},
				"east": {"uv": [12, 0, 10, 1], "texture": "#texture"},
				"south": {"uv": [11, 0, 12, 1], "rotation": 90, "texture": "#texture"},
				"west": {"uv": [10, 0, 12, 1], "texture": "#texture"},
				"up": {"uv": [10, 0, 12, 1], "rotation": 90, "texture": "#texture"},
				"down": {"uv": [10, 0, 12, 1], "rotation": 90, "texture": "#texture"}
			}
		},
		{
			"name": "part1",
			"from": [7.75, 1.5, 3],
			"to": [8, 1.75, 3.5],
			"shade": true,
			"rotation": {"angle": 0, "axis": "y", "origin": [8, 8, 11]},
			"faces": {
				"north": {"uv": [12, 1, 13, 2], "rotation": 90, "texture": "#texture"},
				"east": {"uv": [14, 1, 12, 2], "texture": "#texture"},
				"south": {"uv": [13, 1, 14, 2], "rotation": 90, "texture": "#texture"},
				"west": {"uv": [12, 1, 14, 2], "texture": "#texture"},
				"up": {"uv": [12, 1, 14, 2], "rotation": 90, "texture": "#texture"},
				"down": {"uv": [14, 1, 12, 2], "rotation": 90, "texture": "#texture"}
			}
		},
		{
			"name": "part2",
			"from": [7.75, 1.5, 7],
			"to": [8, 1.75, 7.5],
			"shade": true,
			"rotation": {"angle": 0, "axis": "y", "origin": [8, 8, 15]},
			"faces": {
				"north": {"uv": [12, 1, 13, 2], "rotation": 90, "texture": "#texture"},
				"east": {"uv": [14, 1, 12, 2], "texture": "#texture"},
				"south": {"uv": [13, 1, 14, 2], "rotation": 90, "texture": "#texture"},
				"west": {"uv": [12, 1, 14, 2], "texture": "#texture"},
				"up": {"uv": [12, 1, 14, 2], "rotation": 90, "texture": "#texture"},
				"down": {"uv": [14, 1, 12, 2], "rotation": 90, "texture": "#texture"}
			}
		},
		{
			"name": "part3",
			"from": [7.75, 1.5, 11],
			"to": [8, 1.75, 11.5],
			"shade": true,
			"rotation": {"angle": 0, "axis": "y", "origin": [8, 8, 19]},
			"faces": {
				"north": {"uv": [12, 1, 13, 2], "rotation": 90, "texture": "#texture"},
				"east": {"uv": [14, 1, 12, 2], "texture": "#texture"},
				"south": {"uv": [13, 1, 14, 2], "rotation": 90, "texture": "#texture"},
				"west": {"uv": [12, 1, 14, 2], "texture": "#texture"},
				"up": {"uv": [12, 1, 14, 2], "rotation": 90, "texture": "#texture"},
				"down": {"uv": [14, 1, 12, 2], "rotation": 90, "texture": "#texture"}
			}
		},
		{
			"name": "part1",
			"from": [8, 1.5, 0.5],
			"to": [8.25, 1.75, 1],
			"shade": true,
			"rotation": {"angle": 0, "axis": "y", "origin": [8.25, 8, 8.5]},
			"faces": {
				"north": {"uv": [2, 0, 3, 1], "rotation": 90, "texture": "#texture"},
				"east": {"uv": [4, 0, 2, 1], "texture": "#texture"},
				"south": {"uv": [3, 0, 4, 1], "rotation": 90, "texture": "#texture"},
				"west": {"uv": [2, 0, 4, 1], "texture": "#texture"},
				"up": {"uv": [2, 0, 4, 1], "rotation": 90, "texture": "#texture"},
				"down": {"uv": [4, 0, 2, 1], "rotation": 90, "texture": "#texture"}
			}
		},
		{
			"name": "part2",
			"from": [8, 1.5, 4.5],
			"to": [8.25, 1.75, 5],
			"shade": true,
			"rotation": {"angle": 0, "axis": "y", "origin": [8.25, 8, 12.5]},
			"faces": {
				"north": {"uv": [2, 0, 3, 1], "rotation": 90, "texture": "#texture"},
				"east": {"uv": [4, 0, 2, 1], "texture": "#texture"},
				"south": {"uv": [3, 0, 4, 1], "rotation": 90, "texture": "#texture"},
				"west": {"uv": [2, 0, 4, 1], "texture": "#texture"},
				"up": {"uv": [2, 0, 4, 1], "rotation": 90, "texture": "#texture"},
				"down": {"uv": [4, 0, 2, 1], "rotation": 90, "texture": "#texture"}
			}
		},
		{
			"name": "part3",
			"from": [8, 1.5, 8.5],
			"to": [8.25, 1.75, 9],
			"shade": true,
			"rotation": {"angle": 0, "axis": "y", "origin": [8.25, 8, 16.5]},
			"faces": {
				"north": {"uv": [2, 0, 3, 1], "rotation": 90, "texture": "#texture"},
				"east": {"uv": [4, 0, 2, 1], "texture": "#texture"},
				"south": {"uv": [3, 0, 4, 1], "rotation": 90, "texture": "#texture"},
				"west": {"uv": [2, 0, 4, 1], "texture": "#texture"},
				"up": {"uv": [2, 0, 4, 1], "rotation": 90, "texture": "#texture"},
				"down": {"uv": [4, 0, 2, 1], "rotation": 90, "texture": "#texture"}
			}
		},
		{
			"name": "part1",
			"from": [7.75, 1.5, 1],
			"to": [8, 1.75, 1.75],
			"shade": true,
			"rotation": {"angle": 0, "axis": "y", "origin": [8, 8, 9]},
			"faces": {
				"north": {"uv": [4, 1, 5, 2], "rotation": 90, "texture": "#texture"},
				"east": {"uv": [7, 1, 4, 2], "texture": "#texture"},
				"south": {"uv": [6, 1, 7, 2], "rotation": 90, "texture": "#texture"},
				"west": {"uv": [4, 1, 7, 2], "texture": "#texture"},
				"up": {"uv": [4, 1, 7, 2], "rotation": 90, "texture": "#texture"},
				"down": {"uv": [7, 1, 4, 2], "rotation": 90, "texture": "#texture"}
			}
		},
		{
			"name": "part2",
			"from": [7.75, 1.5, 5],
			"to": [8, 1.75, 5.75],
			"shade": true,
			"rotation": {"angle": 0, "axis": "y", "origin": [8, 8, 13]},
			"faces": {
				"north": {"uv": [4, 1, 5, 2], "rotation": 90, "texture": "#texture"},
				"east": {"uv": [7, 1, 4, 2], "texture": "#texture"},
				"south": {"uv": [6, 1, 7, 2], "rotation": 90, "texture": "#texture"},
				"west": {"uv": [4, 1, 7, 2], "texture": "#texture"},
				"up": {"uv": [4, 1, 7, 2], "rotation": 90, "texture": "#texture"},
				"down": {"uv": [7, 1, 4, 2], "rotation": 90, "texture": "#texture"}
			}
		},
		{
			"name": "part3",
			"from": [7.75, 1.5, 9],
			"to": [8, 1.75, 9.75],
			"shade": true,
			"rotation": {"angle": 0, "axis": "y", "origin": [8, 8, 17]},
			"faces": {
				"north": {"uv": [4, 1, 5, 2], "rotation": 90, "texture": "#texture"},
				"east": {"uv": [7, 1, 4, 2], "texture": "#texture"},
				"south": {"uv": [6, 1, 7, 2], "rotation": 90, "texture": "#texture"},
				"west": {"uv": [4, 1, 7, 2], "texture": "#texture"},
				"up": {"uv": [4, 1, 7, 2], "rotation": 90, "texture": "#texture"},
				"down": {"uv": [7, 1, 4, 2], "rotation": 90, "texture": "#texture"}
			}
		}
	],
	"groups": [
		{
			"name": "string",
			"origin": [8, 8, 8],
			"children": [0, 1, 2, 3, 4, 5, 6, 7, 8, 9, 10, 11, 12, 13, 14, 15, 16, 17, 18, 19, 20, 21, 22, 23]
		}
	]
}